URL,url_length,has_ip_address,has_at_symbol,num_dots,num_hyphens,num_subdomains,is_https,has_port,url_depth,has_double_slash_redirect,domain_length,has_suspicious_keywords,path_length,query_length,num_special_chars,tld_in_path,domain_age_days,is_shortened_url,num_digits_in_domain,has_valid_ssl,Label
travcult.com/wp-includes/images/wlw/login.jsp.htm,49,0,0,3,0,0,0,0,4,0,0,1,49,0,0,1,-1,0,0,0,bad
recordsproject.com/county/north-dakota/lamoure.asp,50,0,0,2,0,0,0,0,3,0,0,0,50,0,0,1,-1,0,0,0,good
popmatters.com/pm/review/friday-night-lights/,45,0,0,1,0,0,0,0,4,0,0,0,45,0,0,1,-1,0,0,0,good
trailers.apple.com/trailers/wb/iamlegendawakening/,50,0,0,2,0,0,0,0,4,0,0,0,50,0,0,1,-1,0,0,0,good
www.cleds.vic.gov.au/retrievemedia.asp?Media_ID=20338,53,0,0,5,0,0,0,0,1,0,0,0,38,14,2,0,-1,0,0,0,good
twitpic.com/77wbtz,18,0,0,1,0,0,0,0,1,0,0,0,18,0,0,1,-1,0,0,0,good
www.capsta.com/ebay/libs/us/us/details.html?cmd=_login-run,58,0,0,3,0,0,0,0,5,0,0,1,43,14,2,1,-1,0,0,0,bad
mekka.com.br/1ytv66nc,21,0,0,2,0,0,0,0,1,0,0,0,21,0,0,1,-1,0,0,0,bad
yelp.ca/biz/commission-scolaire-de-la-pointe-de-lile-montreal-nord-12,69,0,0,1,0,0,0,0,2,0,0,0,69,0,0,0,-1,0,0,0,good
www.summersong.net/edgames/,27,0,0,2,0,0,0,0,2,0,0,0,27,0,0,1,-1,0,0,0,good
daylife.com/topic/Terence_Blanchard,35,0,0,1,0,0,0,0,2,0,0,0,35,0,0,1,-1,0,0,0,good
amayberrystateofmind.org/am.aspx,32,0,0,2,0,0,0,0,1,0,0,0,32,0,0,1,-1,0,0,0,good
my-secret-northern-ireland.com/,31,0,0,1,0,0,0,0,1,0,0,0,31,0,0,1,-1,0,0,0,good
en.wikipedia.org/wiki/Category:Mobile_technology,48,0,0,2,0,0,0,0,2,0,0,0,48,0,0,1,-1,0,0,0,good
pastehtml.com/view/bp3g79sap.html,33,0,0,2,0,0,0,0,2,0,0,0,33,0,0,1,-1,0,0,0,bad
westislandkarate.com/,21,0,0,1,0,0,0,0,1,0,0,0,21,0,0,1,-1,0,0,0,good
tremplin-belgium.be/wp-includes/pomo/ppbb/webscr.php?cmd=_flow&SESSION=0iyOqWIBX0N3rpBRjb-SrnX8kwSeMZdtAwUxe5vDvI7mxhdC6KjVI9jQcr4&dispatch=5885d80a13c0db1f8e263663d3faee8d9384d85353843a619606282,195,0,0,2,0,0,0,0,4,0,0,0,52,142,6,0,-1,0,0,0,bad
last.fm/music/Object+Beings,27,0,0,1,0,0,0,0,2,0,0,0,27,0,0,0,-1,0,0,0,good
photo.net/photodb/photo?photo_id=9497152,40,0,0,1,0,0,0,0,2,0,0,0,23,16,2,1,-1,0,0,0,good
188.127.230.5/module/272a5ad4a1b97a2ac874d6d3e5fff01d,53,1,0,3,0,0,0,0,2,0,0,0,53,0,0,0,-1,0,0,0,bad
angel-us.com/mark/victor.php,28,0,0,2,0,0,0,0,2,0,0,0,28,0,0,1,-1,0,0,0,good
prnewswire.com/news-releases/the-kansas-city-missouri-school-board-votes-to-approve-a-300-million-budget-58525237.html,118,0,0,2,0,0,0,0,2,0,0,0,118,0,0,1,-1,0,0,0,good
dmx2.com.br/data1/images/index.php,34,0,0,3,0,0,0,0,3,0,0,0,34,0,0,1,-1,0,0,0,bad
historicpreservationmiami.com/dorseyhouse.html,46,0,0,2,0,0,0,0,1,0,0,0,46,0,0,1,-1,0,0,0,good
www.clubtex.com/tmp/,20,0,0,2,0,0,0,0,2,0,0,0,20,0,0,1,-1,0,0,0,bad
www.jrgonzalezabogados.com/libraries/cms/language/websitesicredi/stiapp/,72,0,0,2,0,0,0,0,6,0,0,0,72,0,0,1,-1,0,0,0,bad
thebody.com/h/a-key-law-protecting-those-with-hiv.html,54,0,0,2,0,0,0,0,2,0,0,0,54,0,0,1,-1,0,0,0,good
support.flexispy.com/reports/sw_config/ID=4533951673/PayPal.co.uk/dispute_centre/wprst/ns&st.payment.decline.centre/index.html,126,0,0,8,0,0,0,0,8,0,0,0,126,0,2,1,-1,0,0,0,bad
i70.mobi/pc/Missouri-Exit-Westbound.html,40,0,0,2,0,0,0,0,2,0,0,0,40,0,0,0,-1,0,0,0,good
190.196.67.114/mail/lhenriqu.nsf/iNotes/,40,1,0,4,0,0,0,0,4,0,0,0,40,0,0,0,-1,0,0,0,bad
eastbay.citysearch.com/profile/603230802/antioch_ca/davita_antioch_dialysis_center.html,87,0,0,3,0,0,0,0,4,0,0,0,87,0,0,1,-1,0,0,0,good
people.zap2it.com/p/ethan-hawke/20237,37,0,0,2,0,0,0,0,3,0,0,0,37,0,0,1,-1,0,0,0,good
events.marinij.com/oakland-ca/venues/show/6105-african-american-museum-and-library,82,0,0,2,0,0,0,0,4,0,0,0,82,0,0,1,-1,0,0,0,good
konto-sicherheitscheck-web.de/de/52731/index.php,48,0,0,2,0,0,0,0,3,0,0,0,48,0,0,0,-1,0,0,0,bad
randomrecipe.ca/,16,0,0,1,0,0,0,0,1,0,0,0,16,0,0,0,-1,0,0,0,good
subscene.com/The-Kids-Are-All-Right/subtitles-85324.aspx,56,0,0,2,0,0,0,0,2,0,0,0,56,0,0,1,-1,0,0,0,good
whataboutu.com/list_Nance+Oneil~3543.html,41,0,0,2,0,0,0,0,1,0,0,0,41,0,0,1,-1,0,0,0,good
terra.com/deportes/articulo/html/fox378145.htm,46,0,0,2,0,0,0,0,4,0,0,0,46,0,0,1,-1,0,0,0,good
en.wikipedia.org/wiki/McCarthy_Tetrault,39,0,0,2,0,0,0,0,2,0,0,0,39,0,0,1,-1,0,0,0,good
whosdatedwho.com/tpx_31545/david-hyde-pierce/,45,0,0,1,0,0,0,0,3,0,0,0,45,0,0,1,-1,0,0,0,good
maderaslotito.cl/home/remax/remax/index.htm,43,0,0,2,0,0,0,0,4,0,0,0,43,0,0,0,-1,0,0,0,bad
abbaymedia.com/News/?p=6953,27,0,0,1,0,0,0,0,2,0,0,0,20,6,2,1,-1,0,0,0,good
everydaycareer.com/wp-content/uploads/index_files/gr/us-mg5.mail.yahoo.com/pass.php,83,0,0,5,0,0,0,0,6,0,0,0,83,0,0,1,-1,0,0,0,bad
boston.sbnation.com/boston-bruins/2011/11/7/2546006/daniel-paille-injury-boston-bruins-nhl-news,95,0,0,2,0,0,0,0,6,0,0,0,95,0,0,1,-1,0,0,0,good
sherdog.com/fighter/Kevin-Morin-48127,37,0,0,1,0,0,0,0,2,0,0,0,37,0,0,1,-1,0,0,0,good
ta-zikra.com/images/gbweb.zip,29,0,0,2,0,0,0,0,2,0,0,0,29,0,0,1,-1,0,0,0,bad
sportsillustrated.cnn.com/vault/article/magazine/MAG1119644/index.htm,69,0,0,3,0,0,0,0,5,0,0,0,69,0,0,1,-1,0,0,0,good
talkgeektome.us/gopher.xhtml,28,0,0,2,0,0,0,0,1,0,0,0,28,0,0,0,-1,0,0,0,good
co-we.com/chapters/trade/1/Alibaba.html?upn=aFFGG0x8ODuOBzUMOk6zm-2FVz7vO6KAoFwnwyeOyEuzcbpbxNpPCqe6uRmwpwWWqjwrMLozkmChzU0BrmELOswG7HgCEdDFtjnKEtZOOxsspClXSj6lngTyyq8BfD2UbytsmfX3DTsp7p3MFW9zDEMZIWaFJUn-2BKBGDgRgGyUkA0-3D_arCA1256TYNsoiqEro5zuNDsg7Er-2BYN7xXwnjcNUbMc33rsK-2B5HnQ-2B96fH3cZSoPEfy94H-2FNAv9Yd-2FV5qkQiMjF1OspHPJKxPuLs6U5ua6lzZkHMYQ-2BMdiW2bBYQM2E8qFERoCLJ3CbM3Zci5JTzMuE5LQottJOHIXooCdrtWEMhdsnN0HZiEXd-2FCoDZgSBNJDqMoyAmDR2K1XCR53MhTLG-2BqeKkGi-2FRLLuJMfwaSMY-3D,479,0,0,2,0,0,0,0,4,0,0,0,39,439,2,1,-1,0,0,0,bad
reference.com/browse/Jean+Marie+Butler,38,0,0,1,0,0,0,0,2,0,0,0,38,0,0,1,-1,0,0,0,good
administracaobb.uni7.net/,25,0,0,2,0,0,0,0,1,0,0,0,25,0,0,1,-1,0,0,0,bad
baseball-almanac.com/players/player.php?p=lowerte01,51,0,0,2,0,0,0,0,2,0,0,0,39,11,2,1,-1,0,0,0,good
en.wikipedia.org/wiki/MathML,28,0,0,2,0,0,0,0,2,0,0,0,28,0,0,1,-1,0,0,0,good
49st.com/venue/mirella-and-lino-saputo-theatre,46,0,0,1,0,0,0,0,2,0,0,0,46,0,0,1,-1,0,0,0,good
www.psrinc.com/Salary.htm,25,0,0,3,0,0,0,0,1,0,0,0,25,0,0,1,-1,0,0,0,good
kbczvezdara.rs/mine/Aol%20pagehtml,34,0,0,1,0,0,0,0,2,0,0,0,34,0,1,0,-1,0,0,0,bad
astra.createscott.com/stats/,28,0,0,2,0,0,0,0,2,0,0,0,28,0,0,1,-1,0,0,0,bad
stars.nhl.com/club/player.htm?id=8475163,40,0,0,3,0,0,0,0,2,0,0,0,29,10,2,1,-1,0,0,0,good
articles.philly.com/2011-10-22/sports/30309996_1_temple-official-visit-owls,75,0,0,2,0,0,0,0,3,0,0,0,75,0,0,1,-1,0,0,0,good
mygreenstone.ca/security/secure-code7/security/login.php,56,0,0,2,0,0,0,0,4,0,0,1,56,0,0,0,-1,0,0,0,bad
tshaonline.org/handbook/online/articles/hcm01,45,0,0,1,0,0,0,0,4,0,0,0,45,0,0,1,-1,0,0,0,good
accesshollywood.com/william-shatner,35,0,0,1,0,0,0,0,1,0,0,0,35,0,0,1,-1,0,0,0,good
newyorktraveler.net/cherry-valley-gorge-and-judds-falls/,56,0,0,1,0,0,0,0,2,0,0,0,56,0,0,1,-1,0,0,0,good
amazon.com/Godzilla-Japanese-Masahiro-Matsuoka-Kikukawa/dp/B001XUPZN8,69,0,0,1,0,0,0,0,3,0,0,0,69,0,0,1,-1,0,0,0,good
bleacherreport.com/articles/858794-missouri-tigers-football-will-tigers-success-continue-in-sec,95,0,0,1,0,0,0,0,2,0,0,0,95,0,0,1,-1,0,0,0,good
brynncampbell.com/cache/domain/secure-domains/document/YourFile.htm,67,0,0,2,0,0,0,0,5,0,0,1,67,0,0,1,-1,0,0,0,bad
heraldstandard.com/news/obituaries/norwood-lee-glaspie-woody/article_f0430e9d-9df8-5617-bf97-be22fdaf0a16.html,110,0,0,2,0,0,0,0,4,0,0,0,110,0,0,1,-1,0,0,0,good
download-tvshows.com/tv-downloads.html,38,0,0,2,0,0,0,0,1,0,0,0,38,0,0,1,-1,0,0,0,good
lib.berkeley.edu/MRC/scifibib.html,34,0,0,3,0,0,0,0,2,0,0,0,34,0,0,0,-1,0,0,0,good
syamasahithi.com/8fh34f3,24,0,0,1,0,0,0,0,1,0,0,0,24,0,0,1,-1,0,0,0,bad
192.com/atoz/people/joy/robert/,31,0,0,1,0,0,0,0,5,0,0,0,31,0,0,1,-1,0,0,0,good
hockeydb.com/ihdb/stats/leagues/seasons/teams/0013292003.html,61,0,0,2,0,0,0,0,6,0,0,0,61,0,0,1,-1,0,0,0,good
www.ppok.asia/login/en/index.htm,32,0,0,3,0,0,0,0,3,0,0,1,32,0,0,0,-1,0,0,0,bad
signonsandiego.com/uniontrib/20050409/news_1m9bronfman.html,59,0,0,2,0,0,0,0,3,0,0,0,59,0,0,1,-1,0,0,0,good
flashcritic.com/state-report-reveal-130-websites-used-travel,60,0,0,1,0,0,0,0,1,0,0,0,60,0,0,1,-1,0,0,0,bad
creditunionsonline.com/credit-union-7010.html,45,0,0,2,0,0,0,0,1,0,0,0,45,0,0,1,-1,0,0,0,good
tools.ietf.org/html/rfc2848,27,0,0,2,0,0,0,0,2,0,0,0,27,0,0,1,-1,0,0,0,good
stjamesbrampton.ca/contacts.htm,31,0,0,2,0,0,0,0,1,0,0,0,31,0,0,0,-1,0,0,0,good
www.linuxdevcenter.com/pub/a/linux/2001/10/25/ruby.html,55,0,0,3,0,0,0,0,7,0,0,0,55,0,0,1,-1,0,0,0,good
platinumwindowcleaning.com/wp-content/plugins/wpsecone/cmd.php?usernse,70,0,0,2,0,0,0,0,4,0,0,0,62,7,1,1,-1,0,0,0,bad
orlandodiocese.org/,19,0,0,1,0,0,0,0,1,0,0,0,19,0,0,1,-1,0,0,0,good
sys-con.com/node/2041525,24,0,0,1,0,0,0,0,2,0,0,0,24,0,0,1,-1,0,0,0,good
paypal.com-service.confirm.cgi-bin.webscr-cmd.login.submit.new-load.5885d80a13c0db1f8e263663d3faee8dcbc13c0db1f8e26load.5885d800db1f8e26load.5885d800db1f8e26load.5885d80.horsecanvaswoolsupplies.com.au/paypal/53bad4b09aed254a0528004cbe7fb881/,241,0,0,14,0,0,0,0,3,0,0,1,241,0,0,1,-1,0,0,0,bad
www.sznorinco.com/shovel,24,0,0,2,0,0,0,0,1,0,0,0,24,0,0,1,-1,0,0,0,good
sdsufans.com/board/showthread.php?11176-Batten-in-a-numbers-game/page3,70,0,0,2,0,0,0,0,2,0,0,0,33,36,1,1,-1,0,0,0,good
servicepro.in/login/dropbox/,28,0,0,1,0,0,0,0,3,0,0,1,28,0,0,0,-1,0,0,0,bad
trade.mitc.mw/libraries/nls/excel/excel/,40,0,0,2,0,0,0,0,5,0,0,0,40,0,0,0,-1,0,0,0,bad
www.delphi-central.com/tutorials1.aspx,38,0,0,3,0,0,0,0,1,0,0,0,38,0,0,1,-1,0,0,0,good
mc.catholic.edu.au/,19,0,0,3,0,0,0,0,1,0,0,0,19,0,0,0,-1,0,0,0,good
sympatico.ca/lfsc.res/chouineArticles.html,42,0,0,3,0,0,0,0,2,0,0,0,42,0,0,0,-1,0,0,0,good
4shared.com/audio/5ih9jJRX/RahXephon_-_Yume_no_Tamago.html,58,0,0,2,0,0,0,0,3,0,0,0,58,0,0,1,-1,0,0,0,good
freebase.com/view/en/quebecor_world,35,0,0,1,0,0,0,0,3,0,0,0,35,0,0,1,-1,0,0,0,good
youtube.com/watch?v=km1-6CGszto,31,0,0,1,0,0,0,0,1,0,0,0,17,13,2,1,-1,0,0,0,good
en.wikipedia.org/wiki/Limocar,29,0,0,2,0,0,0,0,2,0,0,0,29,0,0,1,-1,0,0,0,good
tudorbritain.org/,17,0,0,1,0,0,0,0,1,0,0,0,17,0,0,1,-1,0,0,0,good
onesource.com/free/Gilles-Lepine/People/Profile/42873269-10,59,0,0,1,0,0,0,0,5,0,0,0,59,0,0,1,-1,0,0,0,good
allstarpics.net/pic-gallery/erin-moran-pics.htm,47,0,0,2,0,0,0,0,2,0,0,0,47,0,0,1,-1,0,0,0,good
gkjx168.com/images?http://us.battle.net/login/en/?ref=http://uqpzemuus.battle.net/d3/en/index&amp;app=com-d3,108,0,0,5,0,0,0,0,1,1,0,1,18,89,5,1,-1,0,0,0,bad
socialnetwork95039.p.ht/socialnetwork1/yahoo.html,49,0,0,3,0,0,0,0,2,0,0,0,49,0,0,0,-1,0,0,0,bad
lbjmq.com/,10,0,0,1,0,0,0,0,1,0,0,0,10,0,0,1,-1,0,0,0,good
foxallaccess.blogs.fox.com/2011/10/28/win-a-trip-to-see-%e2%80%98the-x-factor%e2%80%99-in-los-angeles/,102,0,0,3,0,0,0,0,5,0,0,0,102,0,6,1,-1,0,0,0,good
'lanraid.com/secure/Alibaba\%20Productlist/',44,0,0,1,0,0,0,0,3,0,0,1,44,0,1,1,-1,0,0,0,bad
bit.ly/19ZHA8D,14,0,0,1,0,0,0,0,1,0,0,0,14,0,0,0,-1,0,0,0,bad
math.dartmouth.edu/~euler/historica/places/london.html,54,0,0,3,0,0,0,0,4,0,0,0,54,0,0,0,-1,0,0,0,good
newswithviews.com/baldwin/baldwin396.htm,40,0,0,2,0,0,0,0,2,0,0,0,40,0,0,1,-1,0,0,0,good
xceramics.com/g766d4ft,22,0,0,1,0,0,0,0,1,0,0,0,22,0,0,1,-1,0,0,0,bad
phoenix.edu/admissions/transfer_information/transfer-guides/courses/oh/james_a_rhodes_state_college.html,104,0,0,2,0,0,0,0,6,0,0,0,104,0,0,0,-1,0,0,0,good
looktothepast.com/stclairbios.html,34,0,0,2,0,0,0,0,1,0,0,0,34,0,0,1,-1,0,0,0,good
down.upgamecdn.com/testapk/cong08282100_127.apk,47,0,0,3,0,0,0,0,2,0,0,0,47,0,0,1,-1,0,0,0,bad
concordwest88.com/css/yui/ii.php?rand=13InboxLightaspxn.1774256418,66,0,0,3,0,0,0,0,3,0,0,0,32,33,2,1,-1,0,0,0,bad
scsofiaspb.ru/services/40.exe,29,0,0,2,0,0,0,0,2,0,0,0,29,0,0,0,-1,0,0,0,bad
oldies.com/product-view/77851N.html,35,0,0,2,0,0,0,0,2,0,0,0,35,0,0,1,-1,0,0,0,good
cet.hu/tuuns/8c24b8bb251a8b08fc66352f4cbff8e2/inscription/index.php,67,0,0,2,0,0,0,0,4,0,0,0,67,0,0,0,-1,0,0,0,bad
heroeswiki.com/Adam_Kane,24,0,0,1,0,0,0,0,1,0,0,0,24,0,0,1,-1,0,0,0,good
law.cornell.edu/nyctap/I93_0275.htm,35,0,0,3,0,0,0,0,2,0,0,0,35,0,0,0,-1,0,0,0,good
flickr.com/photos/26984546@N07/sets/72157620652625256/,54,0,1,1,0,0,0,0,5,0,0,0,54,0,1,1,-1,0,0,0,good
www.alphasierrapapa.com/IisDev/Components/RegServer/,52,0,0,2,0,0,0,0,4,0,0,0,52,0,0,1,-1,0,0,0,good
theglobeandmail.com/places/quebec-ridings/election-fed2011/r24002/,66,0,0,1,0,0,0,0,5,0,0,0,66,0,0,1,-1,0,0,0,good
mimi-gallery.com/,17,0,0,1,0,0,0,0,1,0,0,0,17,0,0,1,-1,0,0,0,good
www.ess.co.at/IQEM/,19,0,0,3,0,0,0,0,2,0,0,0,19,0,0,0,-1,0,0,0,good
stats.theahl.com/stats/game-summary.php?game_id=1002827,55,0,0,3,0,0,0,0,2,0,0,0,39,15,2,1,-1,0,0,0,good
www3.sympatico.ca/kappapsi/,27,0,0,2,0,0,0,0,2,0,0,0,27,0,0,0,-1,0,0,0,good
en.wikipedia.org/wiki/William_E._Dargie,39,0,0,3,0,0,0,0,2,0,0,0,39,0,0,1,-1,0,0,0,good
mylife.com/high-schools/mo/kansas-city/notre-dame-de-sion-prep-school/,70,0,0,1,0,0,0,0,5,0,0,0,70,0,0,1,-1,0,0,0,good
crr-medvezonok.ru/about/pm.dll,30,0,0,2,0,0,0,0,2,0,0,0,30,0,0,0,-1,0,0,0,bad
tools.ietf.org/html/rfc124,26,0,0,2,0,0,0,0,2,0,0,0,26,0,0,1,-1,0,0,0,good
aaretroleague.com/1962_transactions.htm,39,0,0,2,0,0,0,0,1,0,0,0,39,0,0,1,-1,0,0,0,good
en.goldenmap.com/KSMO-TV,24,0,0,2,0,0,0,0,1,0,0,0,24,0,0,1,-1,0,0,0,good
macombdaily.com/articles/2010/05/18/sports/preps/srv0000008300222.txt,69,0,0,2,0,0,0,0,7,0,0,0,69,0,0,1,-1,0,0,0,good
hallitsemallatake0.southchandlerhomesforsale.com/set.mvc?either=&do=Jpb&generally=&receive=_aTe&line=YPO8Assnx7JjyAWpe-ZnRZiQldrQE35PdyokmBJJm,142,0,0,3,0,0,0,0,1,0,0,0,56,85,10,1,-1,0,0,0,bad
www.pinballrebel.com/game/pins/pins.htm,39,0,0,3,0,0,0,0,3,0,0,0,39,0,0,1,-1,0,0,0,good
latimesblogs.latimes.com/greenspace/2010/06/california-biofuel-companies-land-on-list-of-30-transformative-technologies.html,124,0,0,3,0,0,0,0,4,0,0,0,124,0,0,1,-1,0,0,0,good
xpcwwlauo.pw/apache_handler.php,31,0,0,2,0,0,0,0,1,0,0,0,31,0,0,0,-1,0,0,0,bad
yak.by/newp/ii.php?rand=13InboxLightaspxn.1774256418&fid.4.1252899642&fid=1&fav.1&rand.13InboxLight.aspxn.1774256418&fid.1252899642&fid.1&fav.1&email=abuse@coolhosting.ws&.rand=13InboxLight.aspx?n=1774256418&fid=4#n=1252899642&fid=1&fav=1,238,0,1,15,0,0,0,0,2,0,0,0,18,194,24,0,-1,0,0,0,bad
funtrivia.com/en/Movies/Bewitched-16506.html,44,0,0,2,0,0,0,0,3,0,0,0,44,0,0,1,-1,0,0,0,good
colinmuir.com/,14,0,0,1,0,0,0,0,1,0,0,0,14,0,0,1,-1,0,0,0,good
stltoday.com/news/local/metro/article_8bb2d46e-f65a-11e0-8705-001a4bcf6878.html,79,0,0,2,0,0,0,0,4,0,0,0,79,0,0,1,-1,0,0,0,good
papyal.net84.net/,17,0,0,2,0,0,0,0,1,0,0,0,17,0,0,1,-1,0,0,0,bad
maxparkblog.blogspot.com/2010/12/maxwell-parks-most-famous-resident.html,72,0,0,3,0,0,0,0,3,0,0,0,72,0,0,1,-1,0,0,0,good
kscourts.org/dstcts/4comrech.htm,32,0,0,2,0,0,0,0,2,0,0,0,32,0,0,1,-1,0,0,0,good
www.networkcomputing.com/netdesign/ip101.html,45,0,0,3,0,0,0,0,2,0,0,0,45,0,0,1,-1,0,0,0,good
www.angelfire.com/mi3/chickenfreak2000/index.html,49,0,0,3,0,0,0,0,3,0,0,0,49,0,0,1,-1,0,0,0,good
predominantlyorange.com/,24,0,0,1,0,0,0,0,1,0,0,0,24,0,0,1,-1,0,0,0,good
bbt.zqkf.cc/introduce/qiaokeli/dierlei/2013/0906/js/home/htm/cadastro/portalcopa/cielo/?Cadastros,97,0,0,2,0,0,0,0,12,0,0,0,87,9,1,0,-1,0,0,0,bad
www.seiren.com/english/index.html,33,0,0,3,0,0,0,0,2,0,0,0,33,0,0,1,-1,0,0,0,good
partyeazy.com/8fh34f3?ypagfHWf=vCoSRJLxbu,41,0,0,1,0,0,0,0,1,0,0,0,21,19,2,1,-1,0,0,0,bad
myspace.com/seiu_uhw,20,0,0,1,0,0,0,0,1,0,0,0,20,0,0,1,-1,0,0,0,good
whois415.com/,13,0,0,1,0,0,0,0,1,0,0,0,13,0,0,1,-1,0,0,0,good
rottentomatoes.com/celebrity/john_ritter/,41,0,0,1,0,0,0,0,3,0,0,0,41,0,0,1,-1,0,0,0,good
thesudburystar.com/ArticleDisplay.aspx?e=2799762,48,0,0,2,0,0,0,0,1,0,0,0,38,9,2,1,-1,0,0,0,good
feuchtwiesen-stoerche-bodensee.net/wp-content/themes/kihon/lib/font-awesome/css/genesis,87,0,0,1,0,0,0,0,7,0,0,0,87,0,0,1,-1,0,0,0,bad
usatoday.com/life/movies/reviews/2010-03-19-greenberg19_ST_N.htm,64,0,0,2,0,0,0,0,4,0,0,0,64,0,0,1,-1,0,0,0,good
enotes.com/topic/List_of_Major_League_Baseball_retired_numbers,62,0,0,1,0,0,0,0,2,0,0,0,62,0,0,1,-1,0,0,0,good
abacci.com/wikipedia/mobileindex.php?let=MAS,44,0,0,2,0,0,0,0,2,0,0,0,36,7,2,1,-1,0,0,0,good
djangofest.com/sf/home.htm,26,0,0,2,0,0,0,0,2,0,0,0,26,0,0,1,-1,0,0,0,good
unjustotor.com/zapoy/gate.php/,30,0,0,2,0,0,0,0,3,0,0,0,30,0,0,1,-1,0,0,0,bad
yu1paintingco.com/6pymdeder6,28,0,0,1,0,0,0,0,1,0,0,0,28,0,0,1,-1,0,0,0,bad
facebook.com/people/Rob-Kimmons/1449991149,42,0,0,1,0,0,0,0,3,0,0,0,42,0,0,1,-1,0,0,0,good
paypal.com.cgi.bin.webscr.cmd.flow.session.lohzumu98pjkwkwudgtj3ie6btlub.online775885d80a13c0db1f8e263663d3faee8d43b1bb6ca3ufquez.login.efzg5epalog-in.thetoolshed.beastnode.org/,177,0,0,14,0,0,0,0,1,0,0,1,177,0,0,1,-1,0,0,0,bad
freespace.virgin.net/alan.foum/index.htm,40,0,0,4,0,0,0,0,2,0,0,0,40,0,0,1,-1,0,0,0,good
extremedodgeballhamilton.com/v3/?page_id=38,43,0,0,1,0,0,0,0,2,0,0,0,32,10,2,1,-1,0,0,0,good
musicstack.com/album/bruno_walter/brahms_variations_wagner_siegf,64,0,0,1,0,0,0,0,3,0,0,0,64,0,0,1,-1,0,0,0,good
trailerfan.com/name/guy_riedel,30,0,0,1,0,0,0,0,2,0,0,0,30,0,0,1,-1,0,0,0,good
paypal.com.us.cgi-bin.webscr.cmd.login-run.5885d80a13c0db1f8e263663d3wi892ee8dcbdhe788a5.spirit-inspired.com/b83a882fd828ee91a5650007fd608b92/cmd=_login-submit&amp;dispatch=58e263663d35d8880a13c0d3c0db1f8e95a86f1d2a303f6e7135c0ac0b6336d4e3cc4de9e3/,248,0,0,9,0,0,0,0,3,0,0,1,248,0,3,1,-1,0,0,0,bad
steelbay.in/blog/indexmailudooooa.html,38,0,0,2,0,0,0,0,2,0,0,0,38,0,0,0,-1,0,0,0,bad
imdb.com/name/nm0809625/bio,27,0,0,1,0,0,0,0,3,0,0,0,27,0,0,1,-1,0,0,0,good
hockeydb.com/ihdb/draft/nhl1983e.html,37,0,0,2,0,0,0,0,3,0,0,0,37,0,0,1,-1,0,0,0,good
angelfire.com/planet/pictures01/main.html,41,0,0,2,0,0,0,0,3,0,0,0,41,0,0,1,-1,0,0,0,good
s3-ap-southeast-1.amazonaws.com/onekeysdk/downloaderUpdate/downloader_201502121005_242nogame.apk,96,0,0,3,0,0,0,0,3,0,0,1,96,0,0,1,-1,0,0,0,bad
www.herdamultimedia.com/resulta.php,35,0,0,3,0,0,0,0,1,0,0,0,35,0,0,1,-1,0,0,0,bad
kincardine.net/,15,0,0,1,0,0,0,0,1,0,0,0,15,0,0,1,-1,0,0,0,good
www.symantec.com/norton/systemworks-basic-edition,49,0,0,2,0,0,0,0,2,0,0,0,49,0,0,1,-1,0,0,0,good
trueknowledge.com/q/where_was_john_cooper_born,46,0,0,1,0,0,0,0,2,0,0,0,46,0,0,1,-1,0,0,0,good
www.indepthinfo.com/checkers/,29,0,0,2,0,0,0,0,2,0,0,0,29,0,0,1,-1,0,0,0,good
usecoetut.ru/zapoy/gate.php,27,0,0,2,0,0,0,0,2,0,0,0,27,0,0,0,-1,0,0,0,bad
newportbeachfilmfest.blogspot.com/2011/04/nbff-filmmaker-five-with-nick-stagliano.html,86,0,0,3,0,0,0,0,3,0,0,0,86,0,0,1,-1,0,0,0,good
spokeo.com/Robert+Choquette,27,0,0,1,0,0,0,0,1,0,0,0,27,0,0,1,-1,0,0,0,good
webprocess.astahost.com/at/s.html,33,0,0,3,0,0,0,0,2,0,0,0,33,0,0,1,-1,0,0,0,bad
answers.com/topic/1912,22,0,0,1,0,0,0,0,2,0,0,0,22,0,0,1,-1,0,0,0,good
www.rtsecurity.com/products/rshut/,34,0,0,2,0,0,0,0,3,0,0,0,34,0,0,1,-1,0,0,0,good
knowledge.wharton.upenn.edu/article.cfm?articleid=981,53,0,0,4,0,0,0,0,1,0,0,0,39,13,2,0,-1,0,0,0,good
letfreedomringblog.com/?p=5930,30,0,0,1,0,0,0,0,1,0,0,0,23,6,2,1,-1,0,0,0,good
teaser-trailer.com/hanna-film-poster/,37,0,0,1,0,0,0,0,2,0,0,0,37,0,0,1,-1,0,0,0,good
qwestoverseas.com/layerslider/css/login.jsp.htm,47,0,0,3,0,0,0,0,3,0,0,1,47,0,0,1,-1,0,0,0,bad
birolmuhendislik.com.tr/wp-includes/fonts/mail.htm,50,0,0,3,0,0,0,0,3,0,0,0,50,0,0,1,-1,0,0,0,bad
ykcmeals.com/js/?secure.runescape.com/m=weblogin/loginform.ws?mod=www&amp;hfnxjeossl=0&amp;dest,95,0,0,4,0,0,0,0,2,0,0,1,16,78,7,1,-1,0,0,0,bad
montreal360.ca/parks-parcs/cap-saint-jacques-nature-park-maison-de-la-pointe.html,81,0,0,2,0,0,0,0,2,0,0,0,81,0,0,0,-1,0,0,0,good
americantowns.com/oh/canalfulton,32,0,0,1,0,0,0,0,2,0,0,0,32,0,0,1,-1,0,0,0,good
insiderpages.com/doctors/Alan-J-Shurman-MD-Bellingham,53,0,0,1,0,0,0,0,2,0,0,0,53,0,0,1,-1,0,0,0,good
sagad.it/shdltwfb,17,0,0,1,0,0,0,0,1,0,0,0,17,0,0,0,-1,0,0,0,bad
www.risepakistan.edu.pk/rise/www/paypal/co/uk/cgi-bin/update-account.php?cmd=_login-done&login_access=5885d80a13c0db1f8e263663d3faee8db2b24f7b84f1819390b7e2d9283d70f1,166,0,0,4,0,0,0,0,7,0,0,1,72,93,4,0,-1,0,0,0,bad
people.famouswhy.com/keyshia_cole/,34,0,0,2,0,0,0,0,2,0,0,0,34,0,0,1,-1,0,0,0,good
lengendondbeat.com.ng/stepee/Server/gate.php,44,0,0,3,0,0,0,0,3,0,0,0,44,0,0,1,-1,0,0,0,bad
stablematesapparel.com/,23,0,0,1,0,0,0,0,1,0,0,0,23,0,0,1,-1,0,0,0,good
mylife.com/c-1979391641,23,0,0,1,0,0,0,0,1,0,0,0,23,0,0,1,-1,0,0,0,good
faculty.arts.ubc.ca/graham/ritchie.htm,38,0,0,4,0,0,0,0,2,0,0,0,38,0,0,0,-1,0,0,0,good
imdb.com/name/nm1425574/,24,0,0,1,0,0,0,0,3,0,0,0,24,0,0,1,-1,0,0,0,good
manta.com/ic/mt6s89w/ca/clinique-de-physiotherapie-concorde-inc,63,0,0,1,0,0,0,0,4,0,0,0,63,0,0,1,-1,0,0,0,good
facebook.com/people/Tricia-Leigh-Fisher/822514669,49,0,0,1,0,0,0,0,3,0,0,0,49,0,0,1,-1,0,0,0,good
forum.purseblog.com/louis-vuitton/the-turenne-epi-and-cabas-plage-damier-azur-33391.html,88,0,0,3,0,0,0,0,2,0,0,0,88,0,0,1,-1,0,0,0,good
clientes.netvisao.pt/~night/05gwe,33,0,0,2,0,0,0,0,2,0,0,0,33,0,0,1,-1,0,0,0,bad
www.yestertec.com/index.html,28,0,0,3,0,0,0,0,1,0,0,0,28,0,0,1,-1,0,0,0,good
incoctel.cl/8RHFBgK4.php?html=27,32,0,0,2,0,0,0,0,1,0,0,0,24,7,2,0,-1,0,0,0,bad
riverwalk.tripod.com/,21,0,0,2,0,0,0,0,1,0,0,0,21,0,0,1,-1,0,0,0,good
800padutch.com/rt30.shtml,25,0,0,2,0,0,0,0,1,0,0,0,25,0,0,1,-1,0,0,0,good
timelessholdings.com/,21,0,0,1,0,0,0,0,1,0,0,0,21,0,0,1,-1,0,0,0,good
buendigkeit.southwestadvertisingteam.org/fgoaweel5a.php\nwww.steelworks.de/index.php?cat=steelWORKS&action=3D_CAD,113,0,0,6,0,0,0,0,2,0,0,0,84,28,4,1,-1,0,0,0,bad
waatp.com/people/allan-m-steinberg/2202372/,43,0,0,1,0,0,0,0,4,0,0,0,43,0,0,1,-1,0,0,0,good
encyclopedia2.thefreedictionary.com/Ronaldo+Lu%c3%ads+Nazario+de+Lima,69,0,0,2,0,0,0,0,1,0,0,0,69,0,2,1,-1,0,0,0,good
colsanpablo.com/plugins/extension/hmf/,38,0,0,1,0,0,0,0,4,0,0,0,38,0,0,1,-1,0,0,0,bad
hockeydraftcentral.com/1983/83facts.html,40,0,0,2,0,0,0,0,2,0,0,0,40,0,0,1,-1,0,0,0,good
home.mweb.co.za/om/omnimage/,28,0,0,3,0,0,0,0,3,0,0,0,28,0,0,0,-1,0,0,0,good
chowhound.chow.com/topics/626345,32,0,0,2,0,0,0,0,2,0,0,0,32,0,0,1,-1,0,0,0,good
en.wikipedia.org/wiki/Nevio_Pizzolitto,38,0,0,2,0,0,0,0,2,0,0,0,38,0,0,1,-1,0,0,0,good
en.wikipedia.org/wiki/Robin_McKinley,36,0,0,2,0,0,0,0,2,0,0,0,36,0,0,1,-1,0,0,0,good
copperkingdom.net/fmsk/kate/kate/63ffff897643930ef5fc6c0fc84c724f/,66,0,0,1,0,0,0,0,5,0,0,0,66,0,0,1,-1,0,0,0,bad
en.wikipedia.org/wiki/Soji_Kashiwagi,36,0,0,2,0,0,0,0,2,0,0,0,36,0,0,1,-1,0,0,0,good
newton.dep.anl.gov/natbltn/300-399/nb311.htm,44,0,0,4,0,0,0,0,3,0,0,0,44,0,0,0,-1,0,0,0,good
center-paypal-resolution-com.cgi-bin.p3-lefilm.fr/d59cd76bebfbf64a284c5291ef0c24b2/,83,0,0,3,0,0,0,0,2,0,0,0,83,0,0,0,-1,0,0,0,bad
shrisha.co.in/305/file.dropbox/,31,0,0,3,0,0,0,0,3,0,0,0,31,0,0,0,-1,0,0,0,bad
loudzen.com/,12,0,0,1,0,0,0,0,1,0,0,0,12,0,0,1,-1,0,0,0,good
wpunj.edu/university/history/hobartmanor.dot,44,0,0,2,0,0,0,0,3,0,0,0,44,0,0,0,-1,0,0,0,good
hockeyfightvids.com/2011/03/francis-lessard-vs-jay-rosehill/,60,0,0,1,0,0,0,0,4,0,0,0,60,0,0,1,-1,0,0,0,good
findarticles.com/p/articles/mi_m0EIN/is_1996_March_21/ai_18113800/,66,0,0,1,0,0,0,0,6,0,0,0,66,0,0,1,-1,0,0,0,good
krusingtheworld.de/port/login.asp,33,0,0,2,0,0,0,0,2,0,0,1,33,0,0,0,-1,0,0,0,bad
foxsportssouthwest.com/09/22/10/2010-11-Dallas-Mavericks-Season-Preview-/landing_mavericks.html?blockID=315973,110,0,0,2,0,0,0,0,5,0,0,0,95,14,2,1,-1,0,0,0,good
facebook.com/pages/Highway-25-Bridge-Quebec/107672522589298,59,0,0,1,0,0,0,0,3,0,0,0,59,0,0,1,-1,0,0,0,good
cooliohigh.com/,15,0,0,1,0,0,0,0,1,0,0,0,15,0,0,1,-1,0,0,0,good
tools.ietf.org/html/rfc508,26,0,0,2,0,0,0,0,2,0,0,0,26,0,0,1,-1,0,0,0,good
tharts.net/images/?app=com-d3&us.battle.net/login/en/?ref=us.battle.net/d3/en/index,83,0,0,5,0,0,0,0,2,0,0,1,18,64,5,1,-1,0,0,0,bad
walden-enterprises.com/talent/jordan_vadnais.html,49,0,0,2,0,0,0,0,2,0,0,0,49,0,0,1,-1,0,0,0,good
nixonstheone.org/,17,0,0,1,0,0,0,0,1,0,0,0,17,0,0,1,-1,0,0,0,good
www.turismohalley.cl/NAB/index.htm,34,0,0,3,0,0,0,0,2,0,0,0,34,0,0,0,-1,0,0,0,bad
mcphailscycle.com/,18,0,0,1,0,0,0,0,1,0,0,0,18,0,0,1,-1,0,0,0,good
s70.n57.n84.n66.static.myhostcenter.com/14%20a584%202ff158%204f99/Q89592,72,0,0,6,0,0,0,0,2,0,0,0,72,0,3,1,-1,0,0,0,bad
russ-meyer.videos.com/,22,0,0,2,0,0,0,0,1,0,0,0,22,0,0,1,-1,0,0,0,good
dictionary.sensagent.com/place+vertu/en-en/,43,0,0,2,0,0,0,0,3,0,0,0,43,0,0,1,-1,0,0,0,good
perfecthosting.co/alert/123.mp3,31,0,0,2,0,0,0,0,2,0,0,0,31,0,0,0,-1,0,0,0,bad
logicalleadguitar.com/magazine/?p=5,35,0,0,1,0,0,0,0,2,0,0,0,31,3,2,1,-1,0,0,0,good
galaxiesigns.com/,17,0,0,1,0,0,0,0,1,0,0,0,17,0,0,1,-1,0,0,0,good
www.worcestercomprehensive.org/www.paypal-id2.com/encripted/ssl218.site/login.html?cmd=_login-run&amp;dispatch=5885d80a13c0db1f1ff80d546411d7f8a8350c132bc41e0934cfc023d4e8f9e52898a54bb96b1a3bc2db30cb2cbdef0a2898a54bb96b1a3bc2db30cb2cbdef0a,239,0,0,6,0,0,0,0,4,0,0,1,82,156,4,1,-1,0,0,0,bad
indeed.com/cmp/Standard-Life,28,0,0,1,0,0,0,0,2,0,0,0,28,0,0,1,-1,0,0,0,good
szamba-betonowe.org/eswfxrm,27,0,0,1,0,0,0,0,1,0,0,0,27,0,0,1,-1,0,0,0,bad
docstoc.com/docs/58630196/Parsons-Information,45,0,0,1,0,0,0,0,3,0,0,0,45,0,0,1,-1,0,0,0,good
obits.cleveland.com/obituaries/cleveland/obituary.aspx?n=george-linder&pid=154202306&fhid=4399,94,0,0,3,0,0,0,0,3,0,0,0,54,39,6,1,-1,0,0,0,good
sbavandounfearfully.taliketeri.com/5q2gh0usmq.php\nxhamster-video.com/top/ads.html?contentid=9532,97,0,0,5,0,0,0,0,3,0,0,0,82,14,2,1,-1,0,0,0,bad
merritt.edu/admissions/merritt-college-catalog-for-2009-2011,60,0,0,1,0,0,0,0,2,0,0,0,60,0,0,0,-1,0,0,0,good
bradynovak.com/,15,0,0,1,0,0,0,0,1,0,0,0,15,0,0,1,-1,0,0,0,good
sigesco.net/smart/valida/valid/cdc7465be0ff05a1505001a9bd8a0796/main.html,73,0,0,2,0,0,0,0,5,0,0,0,73,0,0,1,-1,0,0,0,bad
fortbeauregardmarina.com/resources.html,39,0,0,2,0,0,0,0,1,0,0,0,39,0,0,1,-1,0,0,0,good
sportsillustrated.cnn.com/baseball/mlb/stats/alltime/rosters/montreal_expos/1987/byPOSN_ABRV.html,97,0,0,3,0,0,0,0,8,0,0,0,97,0,0,1,-1,0,0,0,good
login.orlandotrucksales.com/alibaba/,36,0,0,2,0,0,0,0,2,0,0,1,36,0,0,1,-1,0,0,0,bad
blogs.oracle.com/HyperionPlanning/entry/calculation_scripts_session_9,69,0,0,2,0,0,0,0,3,0,0,0,69,0,0,1,-1,0,0,0,good
us.battle.net.blizzard.uswwow.com/login/en/,43,0,0,5,0,0,0,0,3,0,0,1,43,0,0,1,-1,0,0,0,bad
sportsnet.ca/football/cfl/2010/11/10/maciocia_universite_montreal/,66,0,0,1,0,0,0,0,7,0,0,0,66,0,0,0,-1,0,0,0,good
magicyellow.com/category/Dry_Cleaners/Corrigan_TX.html,54,0,0,2,0,0,0,0,3,0,0,0,54,0,0,1,-1,0,0,0,good
www.geraweb.net/groupshabbo/,28,0,0,2,0,0,0,0,2,0,0,0,28,0,0,1,-1,0,0,0,bad
123people.ca/s/benoit+lajeunesse,32,0,0,1,0,0,0,0,2,0,0,0,32,0,0,0,-1,0,0,0,good
baseball-reference.com/bullpen/Dave_Stewart,43,0,0,1,0,0,0,0,2,0,0,0,43,0,0,1,-1,0,0,0,good
hallmark.com/product/ecards/birthday,36,0,0,1,0,0,0,0,3,0,0,0,36,0,0,1,-1,0,0,0,good
rootsweb.ancestry.com/~inallcem/adams/adams-twp.html,52,0,0,3,0,0,0,0,3,0,0,0,52,0,0,1,-1,0,0,0,good
punknews.org/review/3737,24,0,0,1,0,0,0,0,2,0,0,0,24,0,0,1,-1,0,0,0,good
www.retroarchive.org/cpm/,25,0,0,2,0,0,0,0,2,0,0,0,25,0,0,1,-1,0,0,0,good
lfc.by/fmsk/kate/kate,21,0,0,1,0,0,0,0,3,0,0,0,21,0,0,0,-1,0,0,0,bad
www.czmdzx.cn/img/index.htm?app=com-d3us.battle.net/login/en/?ref=us.battle.net/d3/en/index,91,0,0,7,0,0,0,0,2,0,0,1,27,63,4,0,-1,0,0,0,bad
linkedin.com/pub/chad-blankenship/4/b5a/4a3,43,0,0,1,0,0,0,0,5,0,0,0,43,0,0,1,-1,0,0,0,good
'eu.batle.ner.woribofwaroraft.com/login/en/index.asp?app=wam&amp;amp;amp;amp\%3bref=worldofwarcraft.com/account/&amp;amp;amp;amp\%3beor=&amp;amp;amp;amp\%3bapp=bam',164,0,0,6,0,0,0,0,3,0,0,1,52,111,11,1,-1,0,0,0,bad
classmates.com/directory/school/Ecole%20Secondaire%20St.%20Charles?org=23070421,79,0,0,2,0,0,0,0,3,0,0,0,66,12,5,1,-1,0,0,0,good
masslung.com/viewfile/index.php,31,0,0,2,0,0,0,0,2,0,0,0,31,0,0,1,-1,0,0,0,bad
jkkosher.com/,13,0,0,1,0,0,0,0,1,0,0,0,13,0,0,1,-1,0,0,0,good
6i3cb6owitcouepv.paybrakepoint.com/img/rt.png,45,0,0,3,0,0,0,0,2,0,0,0,45,0,0,1,-1,0,0,0,bad
imdb.com/name/nm0152304/,24,0,0,1,0,0,0,0,3,0,0,0,24,0,0,1,-1,0,0,0,good
kidzloveparties.co.uk/fedexonline2012/fedexonline2012/FedEX.html,64,0,0,3,0,0,0,0,3,0,0,0,64,0,0,0,-1,0,0,0,bad
atlantic10.com/sports/m-baskbl/spec-rel/atl10-m-baskbl-spec-rel.html,68,0,0,2,0,0,0,0,4,0,0,0,68,0,0,1,-1,0,0,0,good
schala.info/mermaid/mermaidanime.html,37,0,0,2,0,0,0,0,2,0,0,0,37,0,0,1,-1,0,0,0,good
walkersresearch.com/profilePages/Show_Executive_Title/Executiveprofile/S/Stu__Lantz_400137406.html,98,0,0,2,0,0,0,0,5,0,0,0,98,0,0,1,-1,0,0,0,good
newswire.ca/en/story/757209/aveos-announces-new-ceo-and-cfo,59,0,0,1,0,0,0,0,4,0,0,0,59,0,0,0,-1,0,0,0,good
ckuik.com/Atlantis,18,0,0,1,0,0,0,0,1,0,0,0,18,0,0,1,-1,0,0,0,good
fox4kc.com/?attachment_id=2293,30,0,0,1,0,0,0,0,1,0,0,0,11,18,2,1,-1,0,0,0,good
tulane.simple-url.com/,22,0,0,2,0,0,0,0,1,0,0,0,22,0,0,1,-1,0,0,0,bad
zerogamingcl.xyz/,17,0,0,1,0,0,0,0,1,0,0,0,17,0,0,0,-1,0,0,0,bad
coe.sdsu.edu/,13,0,0,2,0,0,0,0,1,0,0,0,13,0,0,0,-1,0,0,0,good
blevanto.com,12,0,0,1,0,0,0,0,0,0,0,0,12,0,0,1,-1,0,0,0,bad
old.no/roborally/,17,0,0,1,0,0,0,0,2,0,0,0,17,0,0,0,-1,0,0,0,good
mediafireseries.iza.co.za/,26,0,0,3,0,0,0,0,1,0,0,0,26,0,0,0,-1,0,0,0,good
surubiproducciones.com/wp/wp-includes/pomo/jpg/art/new/,55,0,0,1,0,0,0,0,7,0,0,0,55,0,0,1,-1,0,0,0,bad
jainplywood.in/.paypal-verification/new1/5bdb5dc40d0125dad36383962d803137/732f4fa857a71f9d82d553e073ea07f0/,107,0,0,2,0,0,0,0,5,0,0,0,107,0,0,0,-1,0,0,0,bad
frontpagebooks.net/?page=shop/flypage&product_id=5895,53,0,0,1,0,0,0,0,1,0,0,0,19,33,4,1,-1,0,0,0,good
moviesquares.com/page2.php?title=Muppet%20Video:%20The%20Kermit%20and%20Piggy%20Story%20(1985)%20(V),100,0,0,2,0,0,0,0,1,0,0,0,26,73,10,1,-1,0,0,0,good
free4internet.appspot.com/romancatholicvocations.blogspot.com/search/label/Seminary,83,0,0,4,0,0,0,0,4,0,0,0,83,0,0,1,-1,0,0,0,good
groupecedar.be/valid/,21,0,0,1,0,0,0,0,2,0,0,0,21,0,0,0,-1,0,0,0,bad
biomedexperts.com/Profile.bme/146188/Jean-Paul_Bourdineaud,58,0,0,2,0,0,0,0,3,0,0,0,58,0,0,1,-1,0,0,0,good
www.topix.com/rss/business/investment-services.xml,50,0,0,3,0,0,0,0,3,0,0,0,50,0,0,1,-1,0,0,0,good
ianbone.wordpress.com/living-legends/,37,0,0,2,0,0,0,0,2,0,0,0,37,0,0,1,-1,0,0,0,good
last.fm/music/John+Lennon/_/Give+Peace+a+Chance,47,0,0,1,0,0,0,0,4,0,0,0,47,0,0,0,-1,0,0,0,good
c-bags.ru/css/VERIFY/LIFEVERIFY/es/,35,0,0,1,0,0,0,0,5,0,0,1,35,0,0,0,-1,0,0,0,bad
mgsmedia.ru,11,0,0,1,0,0,0,0,0,0,0,0,11,0,0,0,-1,0,0,0,bad
propertmartltd.com/paypa/update/security/profile,48,0,0,1,0,0,0,0,4,0,0,1,48,0,0,1,-1,0,0,0,bad
www.calcadoskalliny.com/images/email.php,40,0,0,3,0,0,0,0,2,0,0,0,40,0,0,1,-1,0,0,0,bad
dannyscarth.org/,16,0,0,1,0,0,0,0,1,0,0,0,16,0,0,1,-1,0,0,0,good
sugaredproductions.com/sitemap.php,34,0,0,2,0,0,0,0,1,0,0,0,34,0,0,1,-1,0,0,0,good
askactor.com/actress/Hans_Conried/,34,0,0,1,0,0,0,0,3,0,0,0,34,0,0,1,-1,0,0,0,good
reggaedancehallmedia.ning.com/,30,0,0,2,0,0,0,0,1,0,0,0,30,0,0,1,-1,0,0,0,good
e-yearbook.com/yearbooks/Lima_Central_High_School_Annual_Mirror_Yearbook/1940/Page_47.html,90,0,0,2,0,0,0,0,4,0,0,0,90,0,0,1,-1,0,0,0,good
sfi2015.com/dozl/index.php?userid=abuse@gmail.us,48,0,1,3,0,0,0,0,2,0,0,0,26,21,3,1,-1,0,0,0,bad
vatican.va/roman_curia/pontifical_councils/cultr/documents/rc_pc_cultr_20021612_doc_iv-2002-not_en.html,103,0,0,2,0,0,0,0,5,0,0,0,103,0,0,0,-1,0,0,0,good
lakeeriemonsters.com/news/?article_id=728,41,0,0,1,0,0,0,0,2,0,0,0,26,14,2,1,-1,0,0,0,good
www.woodheadpublishing.com/en/book.aspx?bookID=1500,51,0,0,3,0,0,0,0,2,0,0,0,39,11,2,1,-1,0,0,0,good
manta.com/ic/mt6b24t/ca/plomberie-chauffage-daniel-brochu-inc,61,0,0,1,0,0,0,0,4,0,0,0,61,0,0,1,-1,0,0,0,good
rivals.yahoo.com/ncaa/basketball/players/82161,46,0,0,2,0,0,0,0,4,0,0,0,46,0,0,1,-1,0,0,0,good
zone.msn.com/en/clorox/clorox2mahjongg_default.htm,50,0,0,3,0,0,0,0,3,0,0,0,50,0,0,1,-1,0,0,0,good
911tabs.com/tabs/j/johnny_cash/if_i_were_a_carpenter_tab.htm,60,0,0,2,0,0,0,0,4,0,0,0,60,0,0,1,-1,0,0,0,good
91.239.25.251:6892,18,1,0,3,0,0,0,0,0,0,0,0,18,0,0,0,-1,0,0,0,bad
bck.srtec.net/73bh7,19,0,0,2,0,0,0,0,1,0,0,0,19,0,0,1,-1,0,0,0,bad
scu.edu/give/coz/coz_list_rodents.cfm,37,0,0,2,0,0,0,0,3,0,0,0,37,0,0,0,-1,0,0,0,good
archives.nd.edu/findaids/ead/index/PEL011.htm,45,0,0,3,0,0,0,0,4,0,0,0,45,0,0,0,-1,0,0,0,good
ronnie-northampton.co.uk/wp-content/wptouch-data-old/modules/ece2707336df2fbc2e408c4ff1313106/,94,0,0,2,0,0,0,0,5,0,0,0,94,0,0,0,-1,0,0,0,bad
www.monparfum.it/payments/history.doc,37,0,0,3,0,0,0,0,2,0,0,0,37,0,0,0,-1,0,0,0,bad
findagrave.com/php/famous.php?page=gSearch&page=gSearch&globalSearchCriteria=fred%20gwynne,90,0,0,2,0,0,0,0,2,0,0,0,29,60,7,1,-1,0,0,0,good
jobvolume.com/jobs-at/Dollarama/,32,0,0,1,0,0,0,0,3,0,0,0,32,0,0,1,-1,0,0,0,good
fidelityhomes.com.au/remax/index.htm,36,0,0,3,0,0,0,0,2,0,0,0,36,0,0,1,-1,0,0,0,bad
exclients.i.ng/ono/auth/view/share/,35,0,0,2,0,0,0,0,5,0,0,0,35,0,0,0,-1,0,0,0,bad
squidoo.com/guy-lafleur,23,0,0,1,0,0,0,0,1,0,0,0,23,0,0,1,-1,0,0,0,good
www.componentsoftware.com/csrcs/,32,0,0,2,0,0,0,0,2,0,0,0,32,0,0,1,-1,0,0,0,good
bikeradar.com/news/article/interbike-2011-video-devinci-cycles-launch-2012-line-31774,85,0,0,1,0,0,0,0,3,0,0,0,85,0,0,1,-1,0,0,0,good
facebook.com/kcpt19,19,0,0,1,0,0,0,0,1,0,0,0,19,0,0,1,-1,0,0,0,good
apug.org/forums/archive/index.php/t-91583.html,46,0,0,3,0,0,0,0,4,0,0,0,46,0,0,1,-1,0,0,0,good
paperbackswap.com/Norah-McClintock/author/,42,0,0,1,0,0,0,0,3,0,0,0,42,0,0,1,-1,0,0,0,good
bayareafairtradecoalition.blogspot.com/,39,0,0,2,0,0,0,0,1,0,0,0,39,0,0,1,-1,0,0,0,good
crainsnewyork.com/,18,0,0,1,0,0,0,0,1,0,0,0,18,0,0,1,-1,0,0,0,good
en.wikipedia.org/wiki/1939_International_Lawn_Tennis_Challenge,62,0,0,2,0,0,0,0,2,0,0,0,62,0,0,1,-1,0,0,0,good
spoke.com/info/pEwjodf/Roberthal,32,0,0,1,0,0,0,0,3,0,0,0,32,0,0,1,-1,0,0,0,good
usacleaningcompany.com/classifieds,34,0,0,1,0,0,0,0,1,0,0,0,34,0,0,1,-1,0,0,0,good
daf.mobilguzellik.com/?br_fl=2748&amp;yus=SeaMonkey.109ad57.406w8w9y2&amp;oq=CegjXpPp-KLRVOle0iUGIewRiyYwLWg9ApKyq3UbczBTK0pbQ-iW9UU4HupE&amp;biw=SeaMonkey.72kj91.406i3e3m1&amp;tuif=2040&amp;q=z37QMvXcJwDQDoTBMvrESLtEMU_OHkKK2OH_783VCZ39JHT1vvHPRAPztgW&amp;ct=SeaMonkey,269,0,0,6,0,0,0,0,1,0,0,0,22,246,14,1,-1,0,0,0,bad
facebook.com/pages/Long-FosterWebber-Associates/96921259397,59,0,0,1,0,0,0,0,3,0,0,0,59,0,0,1,-1,0,0,0,good
www.fasulo.org/4GBrdf6,22,0,0,2,0,0,0,0,1,0,0,0,22,0,0,1,-1,0,0,0,bad
hansburkholder.blogspot.com/,28,0,0,2,0,0,0,0,1,0,0,0,28,0,0,1,-1,0,0,0,good
blackbookusa.com/,17,0,0,1,0,0,0,0,1,0,0,0,17,0,0,1,-1,0,0,0,good
amazon.com/Bob-Blumer/e/B000APWP7Q,34,0,0,1,0,0,0,0,3,0,0,0,34,0,0,1,-1,0,0,0,good
91.239.24.129:6892,18,1,0,3,0,0,0,0,0,0,0,0,18,0,0,0,-1,0,0,0,bad
uk.linkedin.com/pub/pamela-rocca/25/889/382,43,0,0,2,0,0,0,0,5,0,0,0,43,0,0,1,-1,0,0,0,good
xszwys.com/js/?app=com-d3&amp;us.battle.net/login/en/?ref=us.battle.net/d3/en/index,83,0,0,5,0,0,0,0,2,0,0,1,14,68,5,1,-1,0,0,0,bad
123people.com/s/joe+gould,25,0,0,1,0,0,0,0,2,0,0,0,25,0,0,1,-1,0,0,0,good
lyricstime.com/fenix-tx-speechless-lyrics.html,46,0,0,2,0,0,0,0,1,0,0,0,46,0,0,1,-1,0,0,0,good
www.iagim.org/wine/,19,0,0,2,0,0,0,0,2,0,0,0,19,0,0,1,-1,0,0,0,good
comedynerdinterviewscomedians.podbean.com/2011/05/14/episode-101-chelsea-peretti/,81,0,0,2,0,0,0,0,5,0,0,0,81,0,0,1,-1,0,0,0,good
cduniverse.com/productinfo.asp?pid=7380456,42,0,0,2,0,0,0,0,1,0,0,0,30,11,2,1,-1,0,0,0,good
imperiumcf.com/icepacoy,23,0,0,1,0,0,0,0,1,0,0,0,23,0,0,1,-1,0,0,0,bad
lucasbelkind.com/google/,24,0,0,1,0,0,0,0,2,0,0,0,24,0,0,1,-1,0,0,0,bad
houseofnames.com/truesdale-family-crest,39,0,0,1,0,0,0,0,1,0,0,0,39,0,0,1,-1,0,0,0,good
'ogre7.webuda.com/o2\%20shop/O2_security_update.html',53,0,0,3,0,0,0,0,2,0,0,1,53,0,1,1,-1,0,0,0,bad
classifieds.canada.com/montreal/printads.aspx?archives=true&cls_id=34482&keyoper=ANY&keywords=Berube&startday=11&startmonth=5&startyear=2002&endday=2&endmonth=9&endyear=2010&pn=1,178,0,0,3,0,0,0,0,2,0,0,0,45,132,22,1,-1,0,0,0,good
kansas-city-chiefs-tickets.net/,31,0,0,1,0,0,0,0,1,0,0,0,31,0,0,1,-1,0,0,0,good
cs.trains.com/TRCCS/blogs/fred-frailey/archive/2011/03/29/amtrak-s-long-distance-trains-as-the-walking-dead.aspx,112,0,0,3,0,0,0,0,8,0,0,0,112,0,0,1,-1,0,0,0,good
folkstorm.free.fr/54ghnnuo,26,0,0,2,0,0,0,0,1,0,0,0,26,0,0,0,-1,0,0,0,bad
js.itivy.com/45-facebook-login/index.html,41,0,0,3,0,0,0,0,2,0,0,1,41,0,0,1,-1,0,0,0,bad
youtube.com/watch?v=DP_ZbkUsZWo,31,0,0,1,0,0,0,0,1,0,0,0,17,13,2,1,-1,0,0,0,good
facebook.com/people/James-Arthur-Robinson/552964001,51,0,0,1,0,0,0,0,3,0,0,0,51,0,0,1,-1,0,0,0,good
longroad.nl/x1x/,16,0,0,1,0,0,0,0,2,0,0,0,16,0,0,0,-1,0,0,0,bad
kbay.tunegenie.com/,19,0,0,2,0,0,0,0,1,0,0,0,19,0,0,1,-1,0,0,0,good
arctichost.net/,15,0,0,1,0,0,0,0,1,0,0,0,15,0,0,1,-1,0,0,0,good
americanrhetoric.com/speeches/mlkihaveadream.htm,48,0,0,2,0,0,0,0,2,0,0,0,48,0,0,1,-1,0,0,0,good
ecilfwqq.pw/api/posts,21,0,0,1,0,0,0,0,2,0,0,0,21,0,0,0,-1,0,0,0,bad
tharts.net/images/?ref=us.battle.net/d3/en/indexapp=com-d3,58,0,0,3,0,0,0,0,2,0,0,0,18,39,3,1,-1,0,0,0,bad
transtactic.biz/ckeditor/kcfinder/upload/files/pep/Gogledrive/index.php,71,0,0,2,0,0,0,0,7,0,0,0,71,0,0,0,-1,0,0,0,bad
nsrcconsulting.com/5g4f3,24,0,0,1,0,0,0,0,1,0,0,0,24,0,0,1,-1,0,0,0,bad
gmpfilms.com/,13,0,0,1,0,0,0,0,1,0,0,0,13,0,0,1,-1,0,0,0,good
bbb.org/dallas/business-reviews/credit-card-processing-service/pivotal-payments-texas-in-addison-tx-90314717,108,0,0,1,0,0,0,0,4,0,0,0,108,0,0,1,-1,0,0,0,good
prowrestling.about.com/od/ringresults/a/breakingpointhistory.htm,64,0,0,3,0,0,0,0,4,0,0,0,64,0,0,1,-1,0,0,0,good
halfmoonbaymemories.com/?p=2949,31,0,0,1,0,0,0,0,1,0,0,0,24,6,2,1,-1,0,0,0,good
thunderheist.freedownloadmp3.net/,33,0,0,2,0,0,0,0,1,0,0,0,33,0,0,1,-1,0,0,0,good
www.babinet.cz/avatars/19889/hires/dir/dc7069e46dc2890c24ba4b0b35442a36/,72,0,0,2,0,0,0,0,6,0,0,0,72,0,0,0,-1,0,0,0,bad
ca.linkedin.com/in/patrickbertrand,34,0,0,2,0,0,0,0,2,0,0,0,34,0,0,1,-1,0,0,0,good
dolittlachedt.ru/gate.php,25,0,0,2,0,0,0,0,1,0,0,0,25,0,0,0,-1,0,0,0,bad
en.wikipedia.org/wiki/Anticipation_(album),42,0,0,2,0,0,0,0,2,0,0,0,42,0,0,1,-1,0,0,0,good
greekcity.com.au/concerts/tsarouchas/,37,0,0,2,0,0,0,0,3,0,0,0,37,0,0,1,-1,0,0,0,good
army.mil/article/66413/HRC_deputy_becomes_Army_s_first_female_African_American_major_general/,93,0,0,1,0,0,0,0,4,0,0,0,93,0,0,0,-1,0,0,0,good
onelook.com/?loc=rz7&w=*&clue=fantasy,37,0,0,1,0,0,0,0,1,0,0,0,12,24,6,1,-1,0,0,0,good
metro-beaubien.foodpages.ca/,28,0,0,2,0,0,0,0,1,0,0,0,28,0,0,0,-1,0,0,0,good
www.panopticum.com/products_pr.shtml,36,0,0,3,0,0,0,0,1,0,0,0,36,0,0,1,-1,0,0,0,good
todayinliterature.com/biography/saul.bellow.asp,47,0,0,3,0,0,0,0,2,0,0,0,47,0,0,1,-1,0,0,0,good
youtube.com/watch?v=7-yK1v2hIKs,31,0,0,1,0,0,0,0,1,0,0,0,17,13,2,1,-1,0,0,0,good
archive.org/details/LashLarueComics43-1953,42,0,0,1,0,0,0,0,2,0,0,0,42,0,0,1,-1,0,0,0,good
www.aatcc.org/media/index.htm,29,0,0,3,0,0,0,0,2,0,0,0,29,0,0,1,-1,0,0,0,good
rut-server.tektonit.ru/,23,0,0,2,0,0,0,0,1,0,0,0,23,0,0,0,-1,0,0,0,bad
helenelaverdiere.ndp.ca/,24,0,0,2,0,0,0,0,1,0,0,0,24,0,0,0,-1,0,0,0,good
www.1up.com/do/previewPage?cId=3149483&amp;did=1,48,0,0,2,0,0,0,0,2,0,0,0,26,21,4,1,-1,0,0,0,good
amazon.com/Kutoka-Interactive-41207-Language-Adventure/dp/B0000DBYKK,68,0,0,1,0,0,0,0,3,0,0,0,68,0,0,1,-1,0,0,0,good
stuher.cl/images/wetransfer/wetransfer/kola.html,48,0,0,2,0,0,0,0,4,0,0,0,48,0,0,0,-1,0,0,0,bad
people.famouswhy.com/randy_velischek/,37,0,0,2,0,0,0,0,2,0,0,0,37,0,0,1,-1,0,0,0,good
picktorrent.com/torrents/82/franco-piersanti-montalbano-mp3/,60,0,0,1,0,0,0,0,4,0,0,0,60,0,0,1,-1,0,0,0,good
kansascitykidsclub.info/,24,0,0,1,0,0,0,0,1,0,0,0,24,0,0,1,-1,0,0,0,good
"`)""V§;",8,0,0,0,0,0,0,0,0,0,0,0,7,0,0,0,-1,0,0,0,good
logan.ilgenweb.net/106.htm,26,0,0,3,0,0,0,0,1,0,0,0,26,0,0,1,-1,0,0,0,good
cpansearch.perl.org/src/ASPINDLER/Data-Rlist-1.44/Rlist.pm.html,63,0,0,5,0,0,0,0,4,0,0,0,63,0,0,1,-1,0,0,0,good
kindydancetime.websyte.com.au/,30,0,0,3,0,0,0,0,1,0,0,0,30,0,0,1,-1,0,0,0,good
imdb.com/name/nm0688541/,24,0,0,1,0,0,0,0,3,0,0,0,24,0,0,1,-1,0,0,0,good
twitter.com/AA2ADcAOAA,22,0,0,1,0,0,0,0,1,0,0,0,22,0,0,1,-1,0,0,0,bad
washingstatechristiantalentcontest.blogspot.com/,48,0,0,2,0,0,0,0,1,0,0,0,48,0,0,1,-1,0,0,0,good
becleantoday.com/wp-excludes/,29,0,0,1,0,0,0,0,2,0,0,0,29,0,0,1,-1,0,0,0,bad
mehmetgumus.wordpress.com/,26,0,0,2,0,0,0,0,1,0,0,0,26,0,0,1,-1,0,0,0,good
blackcanvasphotographers.com.au/Exell/,38,0,0,2,0,0,0,0,2,0,0,0,38,0,0,1,-1,0,0,0,bad
imdb.com/search/title?plot_author=Walt%20Disney%20Pictures&view=simple&sort=alpha,81,0,0,1,0,0,0,0,2,0,0,0,21,59,8,1,-1,0,0,0,good
rottentomatoes.com/celebrity/lexa_doig/,39,0,0,1,0,0,0,0,3,0,0,0,39,0,0,1,-1,0,0,0,good
southampton-city.ac.uk/Home/default.asp?id=26,45,0,0,3,0,0,0,0,2,0,0,0,39,5,2,0,-1,0,0,0,good
amazon.com/Saint-George-Dragon-Margaret-Hodges/dp/B003H4REGE,60,0,0,1,0,0,0,0,3,0,0,0,60,0,0,1,-1,0,0,0,good
duccutters.com/BillJohnson-Moose350.tpl,39,0,0,2,0,0,0,0,1,0,0,0,39,0,0,1,-1,0,0,0,good
namewiki.info/firstname/Jolie,29,0,0,1,0,0,0,0,2,0,0,0,29,0,0,1,-1,0,0,0,good
victoriaadvocate.com/news/features/celebrations/births/,55,0,0,1,0,0,0,0,5,0,0,0,55,0,0,1,-1,0,0,0,good
corporationwiki.com/Pennsylvania/Philadelphia/rohm-and-haas-chemicals-llc-3937808.aspx,86,0,0,2,0,0,0,0,3,0,0,0,86,0,0,1,-1,0,0,0,good
sfgenealogy.com/sf/history/hglinks.htm,38,0,0,2,0,0,0,0,3,0,0,0,38,0,0,1,-1,0,0,0,good
kcwewrestling.webs.com/,23,0,0,2,0,0,0,0,1,0,0,0,23,0,0,1,-1,0,0,0,good
worldmayor.com/contest_2010/comments-surrey-can.html,52,0,0,2,0,0,0,0,2,0,0,0,52,0,0,1,-1,0,0,0,good
lhaywardcollection.com/index_files/Page937.htm,46,0,0,2,0,0,0,0,2,0,0,0,46,0,0,1,-1,0,0,0,good
thefashionmermaid.com/PDFCopy/instructions/up/,46,0,0,1,0,0,0,0,4,0,0,0,46,0,0,1,-1,0,0,0,bad
ratevin.com/story.php?title=top-bollywood-films-in-2009-top-10-hindi-movies-2009-highest-grossing-bollywood-films-2009,118,0,0,2,0,0,0,0,1,0,0,0,21,96,2,1,-1,0,0,0,good
telegraph.co.uk/property/propertyadvice/propertymarket/3309179/Agent-particulars-Alexander-Hunt.html,100,0,0,3,0,0,0,0,5,0,0,0,100,0,0,0,-1,0,0,0,good
skybarmedellin.com/wp-content/plugins/jetpack/sess/d0c722f0a426ac20d4d12f3d0ae0b670/,84,0,0,1,0,0,0,0,6,0,0,0,84,0,0,1,-1,0,0,0,bad
search-torrent.com/download.php?id=3269501,42,0,0,2,0,0,0,0,1,0,0,0,31,10,2,1,-1,0,0,0,good
milana-deti.ru/,15,0,0,1,0,0,0,0,1,0,0,0,15,0,0,0,-1,0,0,0,bad
mxp2070.com,11,0,0,1,0,0,0,0,0,0,0,0,11,0,0,1,-1,0,0,0,bad
pokerdb.thehendonmob.com/player.php?a=r&n=42814,47,0,0,3,0,0,0,0,1,0,0,0,35,11,4,1,-1,0,0,0,good
huffingtonpost.com/2011/06/10/chauncey-bailey-yusuf-bey_n_874697.html,69,0,0,2,0,0,0,0,4,0,0,0,69,0,0,1,-1,0,0,0,good
mylife.com/moranep,18,0,0,1,0,0,0,0,1,0,0,0,18,0,0,1,-1,0,0,0,good
anoamans.com/5gf334f,20,0,0,1,0,0,0,0,1,0,0,0,20,0,0,1,-1,0,0,0,bad
icoconverter.com/,17,0,0,1,0,0,0,0,1,0,0,0,17,0,0,1,-1,0,0,0,good
virtual-palace.com/cnt/,23,0,0,1,0,0,0,0,2,0,0,0,23,0,0,1,-1,0,0,0,good
english.turkcebilgi.com/Peter+Pond,34,0,0,2,0,0,0,0,1,0,0,0,34,0,0,1,-1,0,0,0,good
egale.ca/index.asp?lang=E&item=249&tab=results,46,0,0,2,0,0,0,0,1,0,0,0,18,27,6,0,-1,0,0,0,good
members.dodo.com.au/~robin51/pli-cont.htm,41,0,0,4,0,0,0,0,2,0,0,0,41,0,0,1,-1,0,0,0,good
uiaclan.webs.com/,17,0,0,2,0,0,0,0,1,0,0,0,17,0,0,1,-1,0,0,0,good
ocoathletics.stadiumhotelnetwork.com/,37,0,0,2,0,0,0,0,1,0,0,0,37,0,0,1,-1,0,0,0,good
montrealgazette.com/sports/Capitals+enigma+this+season/5734079/story.html,73,0,0,2,0,0,0,0,4,0,0,0,73,0,0,1,-1,0,0,0,good
chaptersofdublin.com/books/General/healy.htm,44,0,0,2,0,0,0,0,3,0,0,0,44,0,0,1,-1,0,0,0,good
livingroomlegends.com/,22,0,0,1,0,0,0,0,1,0,0,0,22,0,0,1,-1,0,0,0,good
lowisko-jerzyn.pl/wp-content/themes/WW/123/btlog.htm,52,0,0,2,0,0,0,0,5,0,0,0,52,0,0,0,-1,0,0,0,bad
huffingtonpost.com/2011/09/17/michele-bachmann-jay-leno-tonight-show-hpv-vaccine_n_967486.html,94,0,0,2,0,0,0,0,4,0,0,0,94,0,0,1,-1,0,0,0,good
superseventies.com/doobies4.html,32,0,0,2,0,0,0,0,1,0,0,0,32,0,0,1,-1,0,0,0,good
usafband.af.mil/news/story_media.asp?id=123086004,49,0,0,3,0,0,0,0,2,0,0,0,36,12,2,0,-1,0,0,0,good
genealogybiography.com/1914/biographies008.htm,46,0,0,2,0,0,0,0,2,0,0,0,46,0,0,1,-1,0,0,0,good
covers.com/articles/articles.aspx?theArt=246686,47,0,0,2,0,0,0,0,2,0,0,0,33,13,2,1,-1,0,0,0,good
myspace.com/video/movie-trailers/paranorman/108307506,53,0,0,1,0,0,0,0,4,0,0,0,53,0,0,1,-1,0,0,0,good
us.linkedin.com/pub/dir/+/Nejedly,33,0,0,2,0,0,0,0,4,0,0,0,33,0,0,1,-1,0,0,0,good
phonebookofliege.com/,21,0,0,1,0,0,0,0,1,0,0,0,21,0,0,1,-1,0,0,0,good
tardafs.com/KoMPL4HnTSMo/webscrprim.php?dGFyZGFmcy5jb20=uhOTG57kUJHNN54221oPLKj988777AOP784MTM1ODI5NTE4MQ==,107,0,0,2,0,0,0,0,2,0,0,0,39,67,4,1,-1,0,0,0,bad
melissadavisphotography.com/editors/htmlarea/plugins/CSS/Rmax/Remax/Remax/login.php,83,0,0,2,0,0,0,0,8,0,0,1,83,0,0,1,-1,0,0,0,bad
dysolutions.co.uk/administrator/para2/dropbox,45,0,0,2,0,0,0,0,3,0,0,0,45,0,0,0,-1,0,0,0,bad
stlawrencehomes.com/,20,0,0,1,0,0,0,0,1,0,0,0,20,0,0,1,-1,0,0,0,good
nme.com/news/fleetwood-mac/57313,32,0,0,1,0,0,0,0,3,0,0,0,32,0,0,1,-1,0,0,0,good
hec.ca/en/programs_training/mba/index.html,42,0,0,2,0,0,0,0,4,0,0,0,42,0,0,0,-1,0,0,0,good
dhingana.com/search/ram-sampath/songs-music,43,0,0,1,0,0,0,0,3,0,0,0,43,0,0,1,-1,0,0,0,good
frbadminton.ro/libraries/legacy/dropbox/index.php,49,0,0,2,0,0,0,0,4,0,0,0,49,0,0,0,-1,0,0,0,bad
itm38208929933.0fees.org/,25,0,0,2,0,0,0,0,1,0,0,0,25,0,0,1,-1,0,0,0,bad
soccerpubs.com/boards/index.php?showtopic=37697&st=30&start=30,62,0,0,2,0,0,0,0,2,0,0,0,31,30,6,1,-1,0,0,0,good
answers.com/topic/casey-stengel,31,0,0,1,0,0,0,0,2,0,0,0,31,0,0,1,-1,0,0,0,good
caldwellgallery.com/bios/archipenkobio.html,43,0,0,2,0,0,0,0,2,0,0,0,43,0,0,1,-1,0,0,0,good
crowley.com/,12,0,0,1,0,0,0,0,1,0,0,0,12,0,0,1,-1,0,0,0,good
everything.explained.at/contents/list_THI.htm,45,0,0,3,0,0,0,0,2,0,0,0,45,0,0,0,-1,0,0,0,good
bookrags.com/disamb/List_of_natural_history_museums,51,0,0,1,0,0,0,0,2,0,0,0,51,0,0,1,-1,0,0,0,good
duckduckgo.com/1/c/Yale_School_of_Drama_alumni,46,0,0,1,0,0,0,0,3,0,0,0,46,0,0,1,-1,0,0,0,good
airnav.com/airport/HYA,22,0,0,1,0,0,0,0,2,0,0,0,22,0,0,1,-1,0,0,0,good
iccnet.50megs.com/Products/SQLGrid/SQLGrid.htm,46,0,0,3,0,0,0,0,3,0,0,0,46,0,0,1,-1,0,0,0,good
en.wikipedia.org/wiki/Frank_Duffy_(baseball),44,0,0,2,0,0,0,0,2,0,0,0,44,0,0,1,-1,0,0,0,good
classmates.com/directory/public/memberprofile/list.htm?regId=286204021,70,0,0,2,0,0,0,0,4,0,0,0,54,15,2,1,-1,0,0,0,good
traveltips.usatoday.com/family-attraction-ideas-british-columbia-16508.html,75,0,0,3,0,0,0,0,1,0,0,0,75,0,0,1,-1,0,0,0,good
foundingfathers.info/family-history/Orinda-California.html,58,0,0,2,0,0,0,0,2,0,0,0,58,0,0,1,-1,0,0,0,good
proascolcolombia.com/portal/modules/mod_banners/Imprimir_IntimacaoCTI2015-03698541.rar?cli=Cliente&/yRpBKPujKU/nNqRc6QsuO.php,125,0,0,3,0,0,0,0,4,0,0,0,86,38,3,1,-1,0,0,0,bad
rokdrop.com/2011/07/13/sfc-leroy-petry-receives-medal-of-honor/,63,0,0,1,0,0,0,0,5,0,0,0,63,0,0,1,-1,0,0,0,good
en.wikipedia.org/wiki/Marcelo_Zarvos,36,0,0,2,0,0,0,0,2,0,0,0,36,0,0,1,-1,0,0,0,good
facebook.com/nbcuniversal,25,0,0,1,0,0,0,0,1,0,0,0,25,0,0,1,-1,0,0,0,good
hkdollarboy.blogspot.com/2007/05/cool-club-names.html,53,0,0,3,0,0,0,0,3,0,0,0,53,0,0,1,-1,0,0,0,good
boudoiressentials.com/cgi-bin/mivavm?Merchant2/merchant.mvc+Screen=PROD&Product_Code=11302-XDOUB13-nookie-mood-for-love&Category_Code=BE011,139,0,0,2,0,0,0,0,2,0,0,0,36,102,6,1,-1,0,0,0,good
aviationweek.com/aw/WADProfileDashboard.do?parameter=showProfile&orgName=Aveos%20Fleet%20Performance&orgid=41781,112,0,0,2,0,0,0,0,2,0,0,0,42,69,8,1,-1,0,0,0,good
hautehome.wordpress.com/page/2/,31,0,0,2,0,0,0,0,3,0,0,0,31,0,0,1,-1,0,0,0,good
balance-bands.net/index.php?main_page=page&id=24,48,0,0,2,0,0,0,0,1,0,0,0,27,20,4,1,-1,0,0,0,good
cosi.org/,9,0,0,1,0,0,0,0,1,0,0,0,9,0,0,1,-1,0,0,0,good
espn.go.com/blog/boston/new-england-revolution/post/_/id/905/revs-gear-up-for-seasons-biggest-challenge,103,0,0,2,0,0,0,0,8,0,0,0,103,0,0,1,-1,0,0,0,good
lead411.com/company_360Architecture_46808.html,46,0,0,2,0,0,0,0,1,0,0,0,46,0,0,1,-1,0,0,0,good
rapradar.com/2011/09/13/game-reveals-title-of-next-album/,57,0,0,1,0,0,0,0,5,0,0,0,57,0,0,1,-1,0,0,0,good
citizendia.org/Major_League_Baseball_Rookie_of_the_Year_Award,61,0,0,1,0,0,0,0,1,0,0,0,61,0,0,1,-1,0,0,0,good
bucwedswatson.com/,18,0,0,1,0,0,0,0,1,0,0,0,18,0,0,1,-1,0,0,0,good
www.jasik.com/CoverTest.html,28,0,0,3,0,0,0,0,1,0,0,0,28,0,0,1,-1,0,0,0,good
filecrop.com/smotri.html,24,0,0,2,0,0,0,0,1,0,0,0,24,0,0,1,-1,0,0,0,good
cocoa.dima.unige.it/conference/schooliv/,40,0,0,3,0,0,0,0,3,0,0,0,40,0,0,0,-1,0,0,0,good
music.yahoo.com/dave-meniketti/,31,0,0,2,0,0,0,0,2,0,0,0,31,0,0,1,-1,0,0,0,good
evri.com/organization/notre-dame-de-sion-0xe7f03,48,0,0,1,0,0,0,0,2,0,0,0,48,0,0,1,-1,0,0,0,good
hockeydb.com/vb/showthread.php?threadid=6348&perpage=12&pagenumber=1,68,0,0,2,0,0,0,0,2,0,0,0,30,37,6,1,-1,0,0,0,good
ef.medlu.com/?xXmNd7GYKhvIDoQ=l3SKfPrfJxzFGMSUb-nJDa9BNUXCRQLPh4SGhKrXCJ-ofSih17OIFxzsmTu2KTKvgJQyfu0SaGyj1BKeO10hjoUeWF8Z5e3x1RSL2x3fipSA9weOYQhE_JWQHbQ73lz8yrAcd88vlR-L6zdWxOkbUl4VtRgY0Q,188,0,0,2,0,0,0,0,1,0,0,0,13,174,2,1,-1,0,0,0,bad
montrealnightclubphotos.com/,28,0,0,1,0,0,0,0,1,0,0,0,28,0,0,1,-1,0,0,0,good
one.solyaris.biz/3460/c1s226.php,32,0,0,3,0,0,0,0,2,0,0,0,32,0,0,0,-1,0,0,0,bad
jayepurplewolf.com/SYLVIABROWNE/sylviabrowne.html,49,0,0,2,0,0,0,0,2,0,0,0,49,0,0,1,-1,0,0,0,good
companydatabase.org/c/turkey-farms/deer-hunting/natural-farms/pheasant-farms/old-school-guide-service.html,106,0,0,2,0,0,0,0,6,0,0,0,106,0,0,1,-1,0,0,0,good
binangkitpharma.com/.https/www/outlook.office365.com/w-signin/owa/auth/logon.aspx_url_replace-Current_owa/index.php?umail=Y3VzdG9tZXJjYXJlQGNvbm5lY3RpdmVkZXNpZ24uY29t,166,0,0,6,0,0,0,0,8,0,0,0,115,50,2,1,-1,0,0,0,bad
nl.linkedin.com/in/wereldvanmorgen,34,0,0,2,0,0,0,0,2,0,0,0,34,0,0,1,-1,0,0,0,good
roadrunnerrecords.com/blabbermouth.net/news.aspx?mode=Article&newsitemID=164593,79,0,0,3,0,0,0,0,2,0,0,0,48,30,4,1,-1,0,0,0,good
discoverhongkong.com/eng/dining/chinese-cantonese-cuisine.html,62,0,0,2,0,0,0,0,3,0,0,0,62,0,0,1,-1,0,0,0,good
socialsecurity.gov/history/1930.html,36,0,0,2,0,0,0,0,2,0,0,0,36,0,0,0,-1,0,0,0,good
fibromyalgiainsidersecrets.com/del/,35,0,0,1,0,0,0,0,2,0,0,0,35,0,0,1,-1,0,0,0,bad
www.binary-soft.com/dll2lib/dll2lib.htm,39,0,0,3,0,0,0,0,2,0,0,0,39,0,0,1,-1,0,0,0,good
zofelaseo.top/admin.php?f=1.dat,31,0,0,3,0,0,0,0,1,0,0,0,23,7,2,0,-1,0,0,0,bad
africanamericanculture.org/,27,0,0,1,0,0,0,0,1,0,0,0,27,0,0,1,-1,0,0,0,good
scorpena.com/765f46vb.exe,25,0,0,2,0,0,0,0,1,0,0,0,25,0,0,1,-1,0,0,0,bad
hitsem.com/images/?%C,21,0,0,1,0,0,0,0,2,0,0,0,18,2,2,1,-1,0,0,0,bad
listsearches.rootsweb.com/th/read/WYNNE-GENEALOGY-SOCIETY/2007-09/1189206323,76,0,0,2,0,0,0,0,5,0,0,0,76,0,0,1,-1,0,0,0,good
last.fm/music/Basil+Poledouris,30,0,0,1,0,0,0,0,2,0,0,0,30,0,0,0,-1,0,0,0,good
actudismatik.e-xms.com.ar/2959962158/2/1410771180.pdf,53,0,0,4,0,0,0,0,3,0,0,0,53,0,0,1,-1,0,0,0,bad
stadiumsofprofootball.com/afc/ArrowheadStadium.htm,50,0,0,2,0,0,0,0,2,0,0,0,50,0,0,1,-1,0,0,0,good
aquatixbottle.com/e7j4xo,24,0,0,1,0,0,0,0,1,0,0,0,24,0,0,1,-1,0,0,0,bad
kailashinstitute.in/redirect.php,32,0,0,2,0,0,0,0,1,0,0,0,32,0,0,0,-1,0,0,0,bad
spokeo.com/Ken+Murray,21,0,0,1,0,0,0,0,1,0,0,0,21,0,0,1,-1,0,0,0,good
en.wikipedia.org/wiki/Ordway,28,0,0,2,0,0,0,0,2,0,0,0,28,0,0,1,-1,0,0,0,good
okc.gov/council/04/Ward4.html,29,0,0,2,0,0,0,0,3,0,0,0,29,0,0,0,-1,0,0,0,good
sahealthguide.co.za/backup/files/,33,0,0,2,0,0,0,0,3,0,0,0,33,0,0,0,-1,0,0,0,bad
linkedin.com/pub/francois-xavier-darge/6/641/2a5,48,0,0,1,0,0,0,0,5,0,0,0,48,0,0,1,-1,0,0,0,good
answers.yahoo.com/question/index?qid=20081010191159AABOKyh,58,0,0,2,0,0,0,0,2,0,0,0,32,25,2,1,-1,0,0,0,good
itunes.apple.com/us/album/ladron/id331914380,44,0,0,2,0,0,0,0,4,0,0,0,44,0,0,1,-1,0,0,0,good
famoushookups.com/site/relationship_detail.php?relid=7017&celebid=8515&name=Roberto_Luongo,90,0,0,2,0,0,0,0,2,0,0,0,46,43,6,1,-1,0,0,0,good
www.1staboard.com/index.htm,27,0,0,3,0,0,0,0,1,0,0,0,27,0,0,1,-1,0,0,0,good
oc-usa.com/city_hotels_list.html?city=San%20Francisco&state=California&st=CA,76,0,0,2,0,0,0,0,1,0,0,0,32,43,7,1,-1,0,0,0,good
www.angelfire.com/games/greenvillechessclub/,44,0,0,2,0,0,0,0,3,0,0,0,44,0,0,1,-1,0,0,0,good
ckuik.com/Amsterdam_Klezmer_Band,32,0,0,1,0,0,0,0,1,0,0,0,32,0,0,1,-1,0,0,0,good
tools.ietf.org/html/rfc2196,27,0,0,2,0,0,0,0,2,0,0,0,27,0,0,1,-1,0,0,0,good
greetingsyoungqq.com/80.exe,27,0,0,2,0,0,0,0,1,0,0,0,27,0,0,1,-1,0,0,0,bad
lacaisse.com/en/lacaisse/Pages/daniel-fournier.aspx,51,0,0,2,0,0,0,0,4,0,0,0,51,0,0,1,-1,0,0,0,good
veromi.com/Jim-Pickens.aspx,27,0,0,2,0,0,0,0,1,0,0,0,27,0,0,1,-1,0,0,0,good
nehrecords.com/shop/AprilStand.htm,34,0,0,2,0,0,0,0,2,0,0,0,34,0,0,1,-1,0,0,0,good
seatguru.com/airlines/Air_Canada/Air_Canada_Boeing_777-200.php,62,0,0,2,0,0,0,0,3,0,0,0,62,0,0,1,-1,0,0,0,good
wn0ir6.lg3p7.top/MpQiFA7odcVpDT8.html,37,0,0,3,0,0,0,0,1,0,0,0,37,0,0,0,-1,0,0,0,bad
retheckserat.ru/sliva/gate.php,30,0,0,2,0,0,0,0,2,0,0,0,30,0,0,0,-1,0,0,0,bad
youtube.com/watch?v=wT_45ZJ6G3I,31,0,0,1,0,0,0,0,1,0,0,0,17,13,2,1,-1,0,0,0,good
mmaconvert.com/cards-archive/ufc-113-fight-card-betting-odds-tickets-results/,77,0,0,1,0,0,0,0,3,0,0,0,77,0,0,1,-1,0,0,0,good
seekingarrangement.com/United%20States/Utah/Sandy/,50,0,0,1,0,0,0,0,4,0,0,0,50,0,1,1,-1,0,0,0,good
svnsolutions.net/new/,21,0,0,1,0,0,0,0,2,0,0,0,21,0,0,1,-1,0,0,0,bad
daylife.com/topic/Jay_McShann/quotes,36,0,0,1,0,0,0,0,3,0,0,0,36,0,0,1,-1,0,0,0,good
pierreb.ca/en/about/montreal/neighbourhoods/ahuntsic-cartierville,65,0,0,1,0,0,0,0,5,0,0,0,65,0,0,0,-1,0,0,0,good
bebikiask.bc00.info/5/5.exe,27,0,0,3,0,0,0,0,2,0,0,0,27,0,0,1,-1,0,0,0,bad
en.wikipedia.org/wiki/Maurice_Jones-Drew,40,0,0,2,0,0,0,0,2,0,0,0,40,0,0,1,-1,0,0,0,good
newswire.ca/en/story/733221/religious-pluralism-and-immigration-conference-to-explore-accommodation-of-religious-practices-across-canada,136,0,0,1,0,0,0,0,4,0,0,0,136,0,0,0,-1,0,0,0,good
51jianli.cn/images?us.battle.net/login/en/,42,0,0,3,0,0,0,0,1,0,0,1,18,23,1,0,-1,0,0,0,bad
pipl.com/directory/name/Daigneault/Joseph,41,0,0,1,0,0,0,0,4,0,0,0,41,0,0,1,-1,0,0,0,good
www.yahoogame1.com/page/vote.php?pid=51,39,0,0,3,0,0,0,0,2,0,0,0,32,6,2,1,-1,0,0,0,bad
americantowns.com/wa/blaine,27,0,0,1,0,0,0,0,2,0,0,0,27,0,0,1,-1,0,0,0,good
pages.interlog.com/~sofa/,25,0,0,2,0,0,0,0,2,0,0,0,25,0,0,1,-1,0,0,0,good
emporis.com/building/one-kansas-city-place-kansas-city-mo-usa,61,0,0,1,0,0,0,0,2,0,0,0,61,0,0,1,-1,0,0,0,good
villasofmexico.com/,19,0,0,1,0,0,0,0,1,0,0,0,19,0,0,1,-1,0,0,0,good
ZHC_Shell_1.0.aspx,18,0,0,2,0,0,0,0,0,0,0,0,18,0,0,0,-1,0,0,0,bad
psicologiadellaudiovisivo.it/media/DHL/DHLExpress/autofil/id.php?l=_JeHFUq_VJOXK0QWHtoGYDw_Product-UserID&amp;userid=abuse@aquas.com,132,0,1,3,0,0,0,0,5,0,0,0,64,67,5,0,-1,0,0,0,bad
dit.unitn.it/~kokash/,21,0,0,2,0,0,0,0,2,0,0,0,21,0,0,0,-1,0,0,0,good
wave3.com/story/11393901/gilles-meloche-embattled-metro-animal-services-director-resigns?redirected=true,104,0,0,1,0,0,0,0,3,0,0,0,88,15,2,1,-1,0,0,0,good
dictionary.sensagent.com/ecole+normale+superieure+de+fontenay+saint+cloud+lettres+et+sciences+humaines/fr-fr/,109,0,0,2,0,0,0,0,3,0,0,0,109,0,0,1,-1,0,0,0,good
interceder.net/topic/Quebec-Major-Junior-Hockey-League,54,0,0,1,0,0,0,0,2,0,0,0,54,0,0,1,-1,0,0,0,good
p6y5jnjxpfiibsyx.onion.link,27,0,0,2,0,0,0,0,0,0,0,0,27,0,0,0,-1,0,0,0,bad
dlhotfile.com/search/zippyshare+gabriel+rios+dauphine.html,58,0,0,2,0,0,0,0,2,0,0,0,58,0,0,1,-1,0,0,0,good
www.gael.fr/derby/,18,0,0,2,0,0,0,0,2,0,0,0,18,0,0,0,-1,0,0,0,good
limit.websecure-com.us-70pw0t0o0ehw54q6388w53xc5c3g67uuw13096362jn47l15u565q621228x.artistikoki.com/limit/Limit-id=4hn6U3L5e74igMjYHj4G3G8Bec3UUNdE0M334261CR7o0s63Bk6/7b014a7436f9266027d1448092966e5c/,200,0,0,4,0,0,0,0,4,0,0,1,200,0,1,1,-1,0,0,0,bad
journalstar.com/news/local/article_d8ae93a2-72a5-56be-a38b-4a60abb56c04.html,76,0,0,2,0,0,0,0,3,0,0,0,76,0,0,1,-1,0,0,0,good
easyfreecredits.weebly.com/index.html,37,0,0,3,0,0,0,0,1,0,0,0,37,0,0,1,-1,0,0,0,bad
paypal.com.cgi-bin.webscr.cmd.login-run.5885d80a13c0db1f8e263663d3wi892ee8dcbdhe788a5.perfectclassified.org/login/aaed41fac949365691b2822928d11142/,147,0,0,8,0,0,0,0,3,0,0,1,147,0,0,1,-1,0,0,0,bad
cfmelolbbfcnemmb.com /,22,0,0,1,0,0,0,0,1,0,0,0,22,0,0,1,-1,0,0,0,bad
bartlett.net.au/brochure-downloads/,35,0,0,2,0,0,0,0,2,0,0,0,35,0,0,1,-1,0,0,0,bad
pitch.com/kansascity/john-travolta-helped-kansas-citys-airline-history-museum-take-off-andndash-but-a-con-man-almost-took-it-down/Content?oid=2201563,149,0,0,1,0,0,0,0,3,0,0,0,137,11,2,1,-1,0,0,0,good
filostudios.com/filo2/libraries/joomla/client/eBayISAPI.php?signin.ebay.co.uk/ws/eBayISAPI.dll?SignIn&ru=file:///C:/Users/eBayISAPI.ll/Desktop/out,146,0,0,7,0,0,0,0,5,1,0,0,59,86,4,1,-1,0,0,0,bad
en.wikipedia.org/wiki/Lamar_Odom,32,0,0,2,0,0,0,0,2,0,0,0,32,0,0,1,-1,0,0,0,good
portablevaporizer.com/,22,0,0,1,0,0,0,0,1,0,0,0,22,0,0,1,-1,0,0,0,bad
yofkhfskdyiqo.biz/data/info.php,31,0,0,2,0,0,0,0,2,0,0,0,31,0,0,0,-1,0,0,0,bad
www.cnhedge.cn/js/index.htm?us.battle.net/login/en/?ref=nvwmlrbus.battle.net/d3/en/index&amp;app=com-d3,103,0,0,7,0,0,0,0,2,0,0,1,27,75,5,0,-1,0,0,0,bad
shakespearetheatre.org/harman/harman_hall/index.aspx,52,0,0,2,0,0,0,0,3,0,0,0,52,0,0,1,-1,0,0,0,good
content.usatoday.com/topics/more+articles/Bill+Graham,53,0,0,2,0,0,0,0,3,0,0,0,53,0,0,1,-1,0,0,0,good
clevelandbrownsbus.com/,23,0,0,1,0,0,0,0,1,0,0,0,23,0,0,1,-1,0,0,0,good
carboniberica.com/Z1TRBtaXs,27,0,0,1,0,0,0,0,1,0,0,0,27,0,0,1,-1,0,0,0,bad
thing-tank.com/,15,0,0,1,0,0,0,0,1,0,0,0,15,0,0,1,-1,0,0,0,good
341-557-167-168.341-557-167-168.341-557-167-168.yku2ncla9zmaecf.y2qyd4btrz.com.ve/?token=341-557-167-168-vn779bj7ddv-341-557-167-168,132,0,0,6,0,0,0,0,1,0,0,0,82,49,2,1,-1,0,0,0,bad
mcnallyrobinson.com/event-10519/Kevin-O'Leary-of-Dragons'-Den---Speaking-&-Signing,82,0,0,1,0,0,0,0,2,0,0,0,82,0,1,1,-1,0,0,0,good
nobelliterature.com/nobelliteraturelist/2001-2010/189-2008-jean-marie-gustave-le-clezio-.html,93,0,0,2,0,0,0,0,3,0,0,0,93,0,0,1,-1,0,0,0,good
econox.se/webscr.php?cmd=_login-run&dispatch=5885d80a13c0db1f1ff80d546411d7f8a8350c132bc41e0934cfc023d4e8f9e548f2743b8e3a0be4cbd9e7469c6479c448f2743b8e3a0be4cbd9e7469c6479c4,173,0,0,2,0,0,0,0,1,0,0,1,20,152,4,0,-1,0,0,0,bad
micaintherough.com/wp-content/update2016/,41,0,0,1,0,0,0,0,3,0,0,1,41,0,0,1,-1,0,0,0,bad
tools.ietf.org/html/rfc548,26,0,0,2,0,0,0,0,2,0,0,0,26,0,0,1,-1,0,0,0,good
www.pictfor.org.uk/wp-content/paylink/paypal-2012/paypal/index.htm,66,0,0,4,0,0,0,0,5,0,0,0,66,0,0,1,-1,0,0,0,bad
lyricsbay.com/super_orgy_porno_party_lyrics-planet_smashers.html,64,0,0,2,0,0,0,0,1,0,0,0,64,0,0,1,-1,0,0,0,good
ca.sports.yahoo.com/nhl/teams/mon/schedule,42,0,0,3,0,0,0,0,4,0,0,0,42,0,0,1,-1,0,0,0,good
www.angelfire.com/rpg2/vyoma/,29,0,0,2,0,0,0,0,3,0,0,0,29,0,0,1,-1,0,0,0,good
teatremataro.es/signin/eBayISAPI.dll.html?MyeBay=,49,0,0,3,0,0,0,0,2,0,0,0,41,7,2,0,-1,0,0,0,bad
rottentomatoes.com/celebrity/cali_timmins/,42,0,0,1,0,0,0,0,3,0,0,0,42,0,0,1,-1,0,0,0,good
r3resolve.com/,14,0,0,1,0,0,0,0,1,0,0,0,14,0,0,1,-1,0,0,0,bad
mylife.com/c-901638943,22,0,0,1,0,0,0,0,1,0,0,0,22,0,0,1,-1,0,0,0,good
www.paypal.co.uk.8225.secure2h.mx/images/cgi.bin/uk/web.scr/?cmnd=_lg&nav=52ebed5dcb05e63642fb8f13ce37660f,106,0,0,8,0,0,0,0,5,0,0,1,60,45,4,0,-1,0,0,0,bad
vinoscalyptra.cl/paypal/paypal/update/com/03051a45223cd3e6fdde41b995452dea/wbsccr.php,85,0,0,2,0,0,0,0,6,0,0,1,85,0,0,0,-1,0,0,0,bad
homepage.eircom.net/~lrtc/computers/software/easifiler/index.html,65,0,0,3,0,0,0,0,5,0,0,0,65,0,0,1,-1,0,0,0,good
www.kyne.com.au/~mark/software/weblog.php,41,0,0,4,0,0,0,0,3,0,0,0,41,0,0,1,-1,0,0,0,good
alibris.com/search/books/qwork/8122223/used/Dancing%20with%20Siva,65,0,0,1,0,0,0,0,6,0,0,0,65,0,2,1,-1,0,0,0,good
vimeo.com/1715335,17,0,0,1,0,0,0,0,1,0,0,0,17,0,0,1,-1,0,0,0,good
facebook.com/stoyan.stu,23,0,0,2,0,0,0,0,1,0,0,0,23,0,0,1,-1,0,0,0,good
kansas-city.apartmenthomeliving.com/,36,0,0,2,0,0,0,0,1,0,0,0,36,0,0,1,-1,0,0,0,good
alibris.com/search/books/qwork/11429518/used/Drumstick%20Control%3A%20A%20Realistic%20Approach%20to%20Snare%20Drum%20Technique%20Applied%20to%20Drumset,151,0,0,1,0,0,0,0,6,0,0,0,151,0,12,1,-1,0,0,0,good
castuning.ru/work/new/index.php,31,0,0,2,0,0,0,0,3,0,0,0,31,0,0,0,-1,0,0,0,bad
matfilmer.org/files/,20,0,0,1,0,0,0,0,2,0,0,0,20,0,0,1,-1,0,0,0,bad
libraries.iub.edu/index.php?pageId=5108,39,0,0,3,0,0,0,0,1,0,0,0,27,11,2,0,-1,0,0,0,good
wwe.com/inside/overtheropes/news/cenafallon,43,0,0,1,0,0,0,0,4,0,0,0,43,0,0,1,-1,0,0,0,good
elyricsworld.com/nikki_yanofsky_lyrics.html,43,0,0,2,0,0,0,0,1,0,0,0,43,0,0,1,-1,0,0,0,good
geo.craigslist.org/iso/us/ca,28,0,0,2,0,0,0,0,3,0,0,0,28,0,0,1,-1,0,0,0,good
amazon.com/Something-Wild-Jeff-Daniels/dp/B00005AUJU,52,0,0,1,0,0,0,0,3,0,0,0,52,0,0,1,-1,0,0,0,good
facebook.com/pages/Alameda-California/104033399634478,53,0,0,1,0,0,0,0,3,0,0,0,53,0,0,1,-1,0,0,0,good
kf25zx.com/images?us.battle.net/rhr.virtual.vps-host.net/joomla/qer/request.html,80,0,0,7,0,0,0,0,1,0,0,0,17,62,1,1,-1,0,0,0,bad
islam-bordeaux.fr/7jNxov6W4w/O0jVyUKZ34.php,43,0,0,2,0,0,0,0,2,0,0,0,43,0,0,0,-1,0,0,0,bad
greatschools.org/missouri/kansas-city/3172-Plaza-Academy/,57,0,0,1,0,0,0,0,4,0,0,0,57,0,0,1,-1,0,0,0,good
wwnh6.hikonefabebppd.com/51coec5tl3\nwww.blogbuilderbasics.com/95d9497e546917a8e3d6bb9035e7f633.php?q=d40f00c96db34cafe16f8ec2779aba83,134,0,0,5,0,0,0,0,2,0,0,0,99,34,2,1,-1,0,0,0,bad
www.easymarketing.hu/wp-includes/images/paypal/paypal/us/error_login.html,73,0,0,3,0,0,0,0,6,0,0,1,73,0,0,0,-1,0,0,0,bad
comfibook.com/n/Jocelyn+Deslauriers,35,0,0,1,0,0,0,0,2,0,0,0,35,0,0,1,-1,0,0,0,good
sociallyvital.com/images/office.exe,35,0,0,2,0,0,0,0,2,0,0,0,35,0,0,1,-1,0,0,0,bad
last.fm/music/Jesse+Fuller,26,0,0,1,0,0,0,0,2,0,0,0,26,0,0,0,-1,0,0,0,good
youcantcallitit.com/2011/06/17/fathers-day-special-from-catchword-branding/,75,0,0,1,0,0,0,0,5,0,0,0,75,0,0,1,-1,0,0,0,good
tools.ietf.org/html/rfc2710,27,0,0,2,0,0,0,0,2,0,0,0,27,0,0,1,-1,0,0,0,good
spokeo.com/Joseph+Cyr,21,0,0,1,0,0,0,0,1,0,0,0,21,0,0,1,-1,0,0,0,good
cnd.com/,8,0,0,1,0,0,0,0,1,0,0,0,8,0,0,1,-1,0,0,0,good
'www.lindepaint.com/js/?us.battle.net/login/en/?ref=http\%3A\%2F\%2Fcuvdehrus.battle.net\%2Fd3\%2Fen\%2Findex&amp;app=com-d3',125,0,0,6,0,0,0,0,2,0,0,1,23,101,11,1,-1,0,0,0,bad
fandango.com/brotherhoodofthewolf_36566/movieoverview,53,0,0,1,0,0,0,0,2,0,0,0,53,0,0,1,-1,0,0,0,good
amazon.com/Clint-Eastwood-Films-Years-Warner/dp/B002Z7FN7Q,58,0,0,1,0,0,0,0,3,0,0,0,58,0,0,1,-1,0,0,0,good
facebook.com/pages/cabano/53087663880,37,0,0,1,0,0,0,0,3,0,0,0,37,0,0,1,-1,0,0,0,good
whosdatedwho.com/tpx_49245/lorena-gale/,39,0,0,1,0,0,0,0,3,0,0,0,39,0,0,1,-1,0,0,0,good
ameyewear.com/,14,0,0,1,0,0,0,0,1,0,0,0,14,0,0,1,-1,0,0,0,good
metacritic.com/redirectcritic?a=handsomefurs&al=plaguepark,58,0,0,1,0,0,0,0,1,0,0,0,29,28,4,1,-1,0,0,0,good
lyricsmania.com/earthtones_lyrics_crown_city_rockers.html,57,0,0,2,0,0,0,0,1,0,0,0,57,0,0,1,-1,0,0,0,good
spokeo.com/Daniel+Pilon,23,0,0,1,0,0,0,0,1,0,0,0,23,0,0,1,-1,0,0,0,good
www.curious-creature.org/docs/android-performance-case-study-1.html,67,0,0,3,0,0,0,0,2,0,0,0,67,0,0,1,-1,0,0,0,good
ok.kkok.asia/m=weblogin/loginform.html,38,0,0,3,0,0,0,0,2,0,0,1,38,0,1,0,-1,0,0,0,bad
hfboards.com/showthread.php?t=506057&page=4,43,0,0,2,0,0,0,0,1,0,0,0,27,15,4,1,-1,0,0,0,good
qualifiedplans.com/language/AtualizacaoModuloSeguranca2016Tb8FbDGydrnd5jpYRP9Uco/,81,0,0,1,0,0,0,0,3,0,0,0,81,0,0,1,-1,0,0,0,bad
foxnews.com/topics/entertainment/hugh-hefner.htm,48,0,0,2,0,0,0,0,3,0,0,0,48,0,0,1,-1,0,0,0,good
www.creamive.org/sutbirligi/wp-includes/js/thickbox/reapay/login.htm,68,0,0,3,0,0,0,0,6,0,0,1,68,0,0,1,-1,0,0,0,bad
gepr.net/mas.html,17,0,0,2,0,0,0,0,1,0,0,0,17,0,0,1,-1,0,0,0,good
www.smillesbr.com/,18,0,0,2,0,0,0,0,1,0,0,0,18,0,0,1,-1,0,0,0,bad
two.bjfyteshi.biz/fkw9waf8m5\ndkoawit6.com/ik/redir.php?url=http://two.bjfyteshi.biz/fkw9waf8m5,95,0,0,6,0,0,0,0,3,1,0,0,55,39,2,1,-1,0,0,0,bad
zmoving.com/states/OHIO.html,28,0,0,2,0,0,0,0,2,0,0,0,28,0,0,1,-1,0,0,0,good
lensstrap.com/tmps/freemobile.fr/4da6591ad7105675ee5e0b996cf32b7c/018e16a25ed323202d03e6061d4e6add/confirmation.php,115,0,0,3,0,0,0,0,5,0,0,0,115,0,0,1,-1,0,0,0,bad
feriadebuga.com/administrator/nm/gdoc/new.php,45,0,0,2,0,0,0,0,4,0,0,0,45,0,0,1,-1,0,0,0,bad
familytrees.genopro.com/Azrael/deLaMarche-Bernard-ind02787.htm,62,0,0,3,0,0,0,0,2,0,0,0,62,0,0,1,-1,0,0,0,good
massagelatina.com/,18,0,0,1,0,0,0,0,1,0,0,0,18,0,0,1,-1,0,0,0,good
manufacturersnews.com/executives.asp?start=CEN,46,0,0,2,0,0,0,0,1,0,0,0,36,9,2,1,-1,0,0,0,good
ljworld.com/news/2007/jun/07/jaron_rush_wont_coach_after_all/,61,0,0,1,0,0,0,0,6,0,0,0,61,0,0,1,-1,0,0,0,good
msdn.microsoft.com/en-us/library/ms971491.aspx,46,0,0,3,0,0,0,0,3,0,0,0,46,0,0,1,-1,0,0,0,good
flmd.uscourts.gov/judicialInfo/Orlando/OrlandoJgs.htm,53,0,0,3,0,0,0,0,3,0,0,0,53,0,0,0,-1,0,0,0,good
lawlink.com/state/14/page/7,27,0,0,1,0,0,0,0,4,0,0,0,27,0,0,1,-1,0,0,0,good
lyricsmode.com/lyrics/d/daniel_belanger/,40,0,0,1,0,0,0,0,4,0,0,0,40,0,0,1,-1,0,0,0,good
names.whitepages.com/robert/braley,34,0,0,2,0,0,0,0,2,0,0,0,34,0,0,1,-1,0,0,0,good
majorenterprise.info/gboof/metro/admin/1/cp.php?letter=login,60,0,0,2,0,0,0,0,5,0,0,1,47,12,2,1,-1,0,0,0,bad
movies.about.com/od/aseriousman/A_Serious_Man_2009.htm,54,0,0,3,0,0,0,0,3,0,0,0,54,0,0,1,-1,0,0,0,good
hollywoodchicago.com/news/mylene-dinh-robic,43,0,0,1,0,0,0,0,2,0,0,0,43,0,0,1,-1,0,0,0,good
romana.fi/56gf/g545.exe,23,0,0,2,0,0,0,0,2,0,0,0,23,0,0,0,-1,0,0,0,bad
thespec.com/news/local/article/526608--canada-s-youngest-ever-mp-is-19,70,0,0,1,0,0,0,0,4,0,0,0,70,0,0,1,-1,0,0,0,good
www.javaworld.com/javaworld/jw-07-2002/jw-0703-java101.html,59,0,0,3,0,0,0,0,3,0,0,0,59,0,0,1,-1,0,0,0,good
answers.com/topic/argonne,25,0,0,1,0,0,0,0,2,0,0,0,25,0,0,1,-1,0,0,0,good
tabs.ultimate-guitar.com/m/madonna/like_a_prayer_ver2_crd.htm,61,0,0,3,0,0,0,0,3,0,0,0,61,0,0,1,-1,0,0,0,good
wiki.the-big-bang-theory.com/,29,0,0,2,0,0,0,0,1,0,0,0,29,0,0,1,-1,0,0,0,good
canada.com/montrealgazette/news/story.html?id=5c9f0149-0cf7-4256-87de-e1a4199c4c58,82,0,0,2,0,0,0,0,3,0,0,0,42,39,2,1,-1,0,0,0,good
goodhandsroadside.allstate.com/ghrs/ghrweb/common/home,54,0,0,2,0,0,0,0,4,0,0,0,54,0,0,1,-1,0,0,0,good
en-pi.facebook.com/people/Matthew-Papa/724119287,48,0,0,2,0,0,0,0,3,0,0,0,48,0,0,1,-1,0,0,0,good
www.onlamp.com/pub/a/php/2002/06/13/php.html,44,0,0,3,0,0,0,0,7,0,0,0,44,0,0,1,-1,0,0,0,good
latinamericafm.com/,19,0,0,1,0,0,0,0,1,0,0,0,19,0,0,1,-1,0,0,0,good
mychemicalromance.com/shop/product/usa/fun-ghoul-vest,53,0,0,1,0,0,0,0,4,0,0,0,53,0,0,1,-1,0,0,0,good
fabricbuild.com/jiq6jv,22,0,0,1,0,0,0,0,1,0,0,0,22,0,0,1,-1,0,0,0,bad
talk-sports.net/nhl/girlfriend.aspx/PierreMarc_Bouchard,55,0,0,2,0,0,0,0,3,0,0,0,55,0,0,1,-1,0,0,0,good
www.angelfire.com/ok4/barrynetcafe/,35,0,0,2,0,0,0,0,3,0,0,0,35,0,0,1,-1,0,0,0,good
en.wikipedia.org/wiki/John_McDougall_(California_politician),60,0,0,2,0,0,0,0,2,0,0,0,60,0,0,1,-1,0,0,0,good
vimvivenci.com.br/skin/install/default/server/aol.index.htm,59,0,0,4,0,0,0,0,5,0,0,0,59,0,0,1,-1,0,0,0,bad
youtube.com/watch?v=EQBs0GgAoy4,31,0,0,1,0,0,0,0,1,0,0,0,17,13,2,1,-1,0,0,0,good
windowsdefenderupdater.com/,27,0,0,1,0,0,0,0,1,0,0,1,27,0,0,1,-1,0,0,0,bad
flickr.com/photos/library_of_congress/2422672969/,49,0,0,1,0,0,0,0,4,0,0,0,49,0,0,1,-1,0,0,0,good
ang.wikipedia.org/wiki/Washington_Freedom,41,0,0,2,0,0,0,0,2,0,0,0,41,0,0,1,-1,0,0,0,good
actresses.pick2web.com/1775/janewyman,37,0,0,2,0,0,0,0,2,0,0,0,37,0,0,1,-1,0,0,0,good
www.merzwaren.com/snippets/index.html,37,0,0,3,0,0,0,0,2,0,0,0,37,0,0,1,-1,0,0,0,good
ip-detected-warning-07.com/1-888-294-6896/,42,0,0,1,0,0,0,0,2,0,0,0,42,0,0,1,-1,0,0,0,bad
lovethistrack.com/wp-content/themes/ggg/gtex/index.php,54,0,0,2,0,0,0,0,5,0,0,0,54,0,0,1,-1,0,0,0,bad
japanupdate.com/?id=6500,24,0,0,1,0,0,0,0,1,0,0,1,16,7,2,1,-1,0,0,0,good
stonewolfvineyards.com/,23,0,0,1,0,0,0,0,1,0,0,0,23,0,0,1,-1,0,0,0,good
brainyquote.com/quotes/authors/j/jacques_yves_cousteau.html,59,0,0,2,0,0,0,0,4,0,0,0,59,0,0,1,-1,0,0,0,good
www.nytimes.com/library/magazine/home/20000604mag-ebook.html,60,0,0,3,0,0,0,0,4,0,0,0,60,0,0,1,-1,0,0,0,good
facebook.com/people/Laurence-Owen/1049661461,44,0,0,1,0,0,0,0,3,0,0,0,44,0,0,1,-1,0,0,0,good
kentuckybaseball.blogspot.com/2010/12/bruce-look-1968-minnesota-twins.html,74,0,0,3,0,0,0,0,3,0,0,0,74,0,0,1,-1,0,0,0,good
docs.google.com/spreadsheet/viewform?fromEmail=true&amp;formkey=dFZBbnZrLXV5aldteFMzMFhBQU5LVXc6MQ,98,0,0,2,0,0,0,0,2,0,0,0,36,61,4,1,-1,0,0,0,bad
coconutcreekrealestatehomesforsale.com/,39,0,0,1,0,0,0,0,1,0,0,0,39,0,0,1,-1,0,0,0,good
ccrma.stanford.edu/events/christopher-willits-concert,53,0,0,2,0,0,0,0,2,0,0,0,53,0,0,0,-1,0,0,0,good
amadistrit.com/9qci0,20,0,0,1,0,0,0,0,1,0,0,0,20,0,0,1,-1,0,0,0,bad
jnzbtb.cn/images/?http://us.battle.net/login/en/?ref=http%3A%2F%2Fxrvbmssus.battle.net%2Fd3%2Fen%2Findex&amp;app=com-d3,119,0,0,5,0,0,0,0,2,1,0,1,17,101,11,0,-1,0,0,0,bad
jamesstreetwellness.com/jswc/practitioners/19--julie-desmarais-a-associates,75,0,0,1,0,0,0,0,3,0,0,0,75,0,0,1,-1,0,0,0,good
swfa.com/Schmidt-Bender-1-8x24-Short-Dot-PM-II-30mm-Riflescope-P47551.aspx,74,0,0,2,0,0,0,0,1,0,0,0,74,0,0,1,-1,0,0,0,good
axiumhealthcare.com/,20,0,0,1,0,0,0,0,1,0,0,0,20,0,0,1,-1,0,0,0,good
'www.egregor.com/whitepapers/NONWOVEN\%20PRIMER.pdf',52,0,0,3,0,0,0,0,2,0,0,0,52,0,1,1,-1,0,0,0,good
freetvbar.com/,14,0,0,1,0,0,0,0,1,0,0,0,14,0,0,1,-1,0,0,0,good
bookcoverarchive.com/,21,0,0,1,0,0,0,0,1,0,0,0,21,0,0,1,-1,0,0,0,good
facebook.com/pages/Macho-Dancer/113079022039669,47,0,0,1,0,0,0,0,3,0,0,0,47,0,0,1,-1,0,0,0,good
twitpic.com/60joda,18,0,0,1,0,0,0,0,1,0,0,0,18,0,0,1,-1,0,0,0,good
jackhallmidi.com/thecorner.html,31,0,0,2,0,0,0,0,1,0,0,0,31,0,0,1,-1,0,0,0,good
nytimes.com/1997/08/25/sports/transactions-baseball-american-league-anaheim-angels-placed-orlando-palmeiro-15.html,114,0,0,2,0,0,0,0,5,0,0,0,114,0,0,1,-1,0,0,0,good
cadastroseguro3.hostoi.com/,27,0,0,2,0,0,0,0,1,0,0,0,27,0,0,1,-1,0,0,0,bad
quintonflynn.com/,17,0,0,1,0,0,0,0,1,0,0,0,17,0,0,1,-1,0,0,0,good
espn.go.com/mlb/player/_/id/30536/logan-morrison,48,0,0,2,0,0,0,0,6,0,0,0,48,0,0,1,-1,0,0,0,good
fanpix.net/gallery/david-garrison-pictures.htm,46,0,0,2,0,0,0,0,2,0,0,0,46,0,0,1,-1,0,0,0,good
brandingserved.com/gallery/CUBA-BELLA-MUSEUM-OF-FINE-ARTS-MONTREAL/738209,73,0,0,1,0,0,0,0,3,0,0,0,73,0,0,1,-1,0,0,0,good
hlj.com/product/ACD14105,24,0,0,1,0,0,0,0,2,0,0,0,24,0,0,1,-1,0,0,0,good
akuero.taisa-labs.com/,22,0,0,2,0,0,0,0,1,0,0,0,22,0,0,1,-1,0,0,0,good
www.abb.com/mining/,19,0,0,2,0,0,0,0,2,0,0,0,19,0,0,1,-1,0,0,0,good
musictonic.com/music/Unwritten+Law+++&quot;The+Celebration+Song&quot;+/A2aagRQv4zc/Unwritten+Law+-+The+Celebration+Song,119,0,0,1,0,0,0,0,4,0,0,0,119,0,2,1,-1,0,0,0,good
encyclopedia.com/topic/Poland.aspx,34,0,0,2,0,0,0,0,2,0,0,0,34,0,0,1,-1,0,0,0,good
allposters.com/-st/Alphonse-Liebert-Posters_c65234_.htm,55,0,0,2,0,0,0,0,2,0,0,0,55,0,0,1,-1,0,0,0,good
alu.hikonebebppw.info/vsKgTxnlXV7AiHSpaSDvfQkPIcb0MRcRWb-Npx64H8QATBmrFVeNnq2ryzuLpZRkonMD6TkmEB4=\n,100,0,0,2,0,0,0,0,1,0,0,0,100,0,1,1,-1,0,0,0,bad
losangelesplumbingonline.com/,29,0,0,1,0,0,0,0,1,0,0,0,29,0,0,1,-1,0,0,0,good
sanrock.livejournal.com/29934.html,34,0,0,3,0,0,0,0,1,0,0,0,34,0,0,1,-1,0,0,0,good
watching-tv.ew.com/2011/09/25/pan-am-christina-ricci/,53,0,0,2,0,0,0,0,5,0,0,0,53,0,0,1,-1,0,0,0,good
mercurynews.com/california-budget/ci_19273012,45,0,0,1,0,0,0,0,2,0,0,0,45,0,0,1,-1,0,0,0,good
content.usatoday.com/community/tags/topic.aspx?req=tag&tag=Roy%20Disney,71,0,0,3,0,0,0,0,3,0,0,0,46,24,5,1,-1,0,0,0,good
homepages.ihug.co.nz/~barryp/kiwigo.htm,39,0,0,4,0,0,0,0,2,0,0,0,39,0,0,0,-1,0,0,0,good
h1.ripway.com/?fp=5PIX%2BYcHSdFCZD%2BwtAdQysEk7DYk4vRbj5FsXz4gy%2FpgUbf6lavbt6GVCQQi9zFCN%2Bo%2FXfG9unX8DDBt7BaWGQ%3D%3D&prvtof=M0s4IoquYpXtZ2V867mxrgbRejZ1iokJlMc9QJPSp70%3D&poru=HwQfJB8sDSSjBdnQwXSQENWSuqYPhNd6Sv3YuYY4jcEew25uLbpsZ7KogQY3%2BIF%2Bjii47W1rznekPCl%2BmOkIrA%3D%3D&,279,0,0,2,0,0,0,0,1,0,0,0,14,264,20,1,-1,0,0,0,good
twitter.com/bgtennisnation,26,0,0,1,0,0,0,0,1,0,0,0,26,0,0,1,-1,0,0,0,good
icehockey.wikia.com/wiki/Bobby_Hull,35,0,0,2,0,0,0,0,2,0,0,0,35,0,0,1,-1,0,0,0,good
connect.in.com/canadian-female-singers/tag-119-1.html,53,0,0,3,0,0,0,0,2,0,0,0,53,0,0,1,-1,0,0,0,good
cbyf.posten5.com/orfyqe3i.php?id=,33,0,0,3,0,0,0,0,1,0,0,0,29,3,2,1,-1,0,0,0,bad
portal.progressiverocks.com/nahp/artic-en/wiki_K,48,0,0,2,0,0,0,0,3,0,0,0,48,0,0,1,-1,0,0,0,good
abufarha.net/m3i2h,18,0,0,1,0,0,0,0,1,0,0,0,18,0,0,1,-1,0,0,0,bad
www.zhongdaxin.com/images/?us.battle.net/login/en/?ref=nxjwunzus.battle.net/d3/en/index&app=com-d3,98,0,0,6,0,0,0,0,2,0,0,1,26,71,5,1,-1,0,0,0,bad
granthart.com/news.htm,22,0,0,2,0,0,0,0,1,0,0,0,22,0,0,1,-1,0,0,0,good
politicalgraveyard.com/bio/driver-dryzga.html,45,0,0,2,0,0,0,0,2,0,0,0,45,0,0,1,-1,0,0,0,good
spoke.com/dir/p/bouchard/pierre,31,0,0,1,0,0,0,0,4,0,0,0,31,0,0,1,-1,0,0,0,good
prod.www.nfl.com/draft/history/fulldraft?abbr=Y&abbrFlag=1&type=alphabetical,76,0,0,3,0,0,0,0,3,0,0,0,40,35,6,1,-1,0,0,0,good
youtube.com/watch?v=c4kOYF-ZWRA,31,0,0,1,0,0,0,0,1,0,0,0,17,13,2,1,-1,0,0,0,good
ebkxsvansudkoq.click/upload/_dispatch.php,41,0,0,2,0,0,0,0,2,0,0,0,41,0,0,0,-1,0,0,0,bad
zknmvga.android-update15.pw/,28,0,0,2,0,0,0,0,1,0,0,1,28,0,0,0,-1,0,0,0,bad
hobbyfanatics.com/index.php?/topic/15635-montreal-quebec-canada/,64,0,0,2,0,0,0,0,1,0,0,0,27,36,1,1,-1,0,0,0,good
wigderson.com/index.php/2011/10/06/time-for-trick-or-treat-and-can-jeff-fitzgerald-win/,87,0,0,2,0,0,0,0,6,0,0,0,87,0,0,1,-1,0,0,0,good
dist-file.ru/installs/0/a7ce0ea3.exe,36,0,0,2,0,0,0,0,3,0,0,0,36,0,0,0,-1,0,0,0,bad
prefixmag.com/reviews/hole/nobodys-daughter/29761/,50,0,0,1,0,0,0,0,5,0,0,0,50,0,0,1,-1,0,0,0,good
www.skypoint.com/members/ability/,33,0,0,2,0,0,0,0,3,0,0,0,33,0,0,1,-1,0,0,0,good
stubhub.com/wolf-parade-tickets/,32,0,0,1,0,0,0,0,2,0,0,0,32,0,0,1,-1,0,0,0,good
macleans.ca/2011/02/07/gino-vannelli-just-visiting/,51,0,0,1,0,0,0,0,5,0,0,0,51,0,0,0,-1,0,0,0,good
www.melito.com/advanrec/,24,0,0,2,0,0,0,0,2,0,0,0,24,0,0,1,-1,0,0,0,good
shop.cbssports.com/CBS_Cal_State_Bakersfield_Roadrunners,56,0,0,2,0,0,0,0,1,0,0,0,56,0,0,1,-1,0,0,0,good
allbookstores.com/Fundamentals-Structural-Analysis-Anne-Gilbert/9780073132952,77,0,0,1,0,0,0,0,2,0,0,0,77,0,0,1,-1,0,0,0,good
www.lammegoedzakkers.be/xmlrpc/includes/rdt/c.php,49,0,0,3,0,0,0,0,4,0,0,0,49,0,0,0,-1,0,0,0,bad
screwattack.com/tags/fumito-ueda,32,0,0,1,0,0,0,0,2,0,0,0,32,0,0,1,-1,0,0,0,good
ecampsite.com/campgrounds/alpha.php?st_id=pennsylvania&alpha=M,62,0,0,2,0,0,0,0,2,0,0,0,35,26,4,1,-1,0,0,0,good
mezzoblue.com/archives/2004/02/25/sidesteppin/,46,0,0,1,0,0,0,0,6,0,0,0,46,0,0,1,-1,0,0,0,good
int.ishonch-doverie.uz/officatom/pk.php?m=login,47,0,0,3,0,0,0,0,2,0,0,1,39,7,2,0,-1,0,0,0,bad
absoluteastronomy.com/topics/Macdonald-Cartier_Bridge,53,0,0,1,0,0,0,0,2,0,0,0,53,0,0,1,-1,0,0,0,good
movies.about.com/od/bekindrewind/a/bekind21208.htm,50,0,0,3,0,0,0,0,4,0,0,0,50,0,0,1,-1,0,0,0,good
amazon.com/Still-Night-VHS-Roy-Scheider/dp/630197610X,53,0,0,1,0,0,0,0,3,0,0,0,53,0,0,1,-1,0,0,0,good
www.asilocavalsassi.it/media/index.php,38,0,0,3,0,0,0,0,2,0,0,0,38,0,0,0,-1,0,0,0,bad
jaroslawg.tripod.com/resid.html,31,0,0,3,0,0,0,0,1,0,0,0,31,0,0,1,-1,0,0,0,good
webexhibits.org/vangogh/,24,0,0,1,0,0,0,0,2,0,0,0,24,0,0,1,-1,0,0,0,good
123people.ca/s/francine+tremblay,32,0,0,1,0,0,0,0,2,0,0,0,32,0,0,0,-1,0,0,0,good
en.wikipedia.org/wiki/Standard_Template_Library,47,0,0,2,0,0,0,0,2,0,0,0,47,0,0,1,-1,0,0,0,good
saxychiomzy.info/elele/panel/admin.php,38,0,0,2,0,0,0,0,3,0,0,0,38,0,0,1,-1,0,0,0,bad
writerscafe.ca/book_blogs/writers/marilyn-lightstone_rogues-and-vagabonds.php,77,0,0,2,0,0,0,0,3,0,0,0,77,0,0,0,-1,0,0,0,good
atlanticcitytripping.com/atlanticcity/showboat,46,0,0,1,0,0,0,0,2,0,0,0,46,0,0,1,-1,0,0,0,good
leafs29.com/,12,0,0,1,0,0,0,0,1,0,0,0,12,0,0,1,-1,0,0,0,good
fangraphs.com/fantasy/index.php/updated-rankings-national-league-outfielders/,77,0,0,2,0,0,0,0,4,0,0,1,77,0,0,1,-1,0,0,0,good
forumjar.com/list/469,21,0,0,1,0,0,0,0,2,0,0,0,21,0,0,1,-1,0,0,0,good
en-gb.facebook.com/linda.richter1,33,0,0,3,0,0,0,0,1,0,0,0,33,0,0,1,-1,0,0,0,good
habbototemraro.rel7.com/,24,0,0,2,0,0,0,0,1,0,0,0,24,0,0,1,-1,0,0,0,bad
celebritywonder.ugo.com/movie/1999_Agnes_Browne.html,52,0,0,3,0,0,0,0,2,0,0,0,52,0,0,1,-1,0,0,0,good
gabrielbass.com/,16,0,0,1,0,0,0,0,1,0,0,0,16,0,0,1,-1,0,0,0,good
foxandhoundsdaily.com/2011/02/8622-enterprise-zones-boost-california-economy/,77,0,0,1,0,0,0,0,4,0,0,0,77,0,0,1,-1,0,0,0,good
usmagazine.com/celebrity-news/pictures/travolta-family-photo-album-2009148/611,78,0,0,1,0,0,0,0,4,0,0,0,78,0,0,1,-1,0,0,0,good
facebook.com/people/Serge-Lajeunesse/100000510876526,52,0,0,1,0,0,0,0,3,0,0,0,52,0,0,1,-1,0,0,0,good
www.gidgenet.com.au/wallydolly,30,0,0,3,0,0,0,0,1,0,0,0,30,0,0,1,-1,0,0,0,good
nextgphone.com/xmlrpc/help/1fcd87f5d55b1acf9f1b9f976fc94bbf/,60,0,0,1,0,0,0,0,4,0,0,0,60,0,0,1,-1,0,0,0,bad
www.koracell.by/system/logs/pm.dll,34,0,0,3,0,0,0,0,3,0,0,0,34,0,0,0,-1,0,0,0,bad
www.babinet.cz/avatars/19889/hires/dir/a2946289141c79849048e60b770bd170/,72,0,0,2,0,0,0,0,6,0,0,0,72,0,0,0,-1,0,0,0,bad
ouled-kenitra.com/webscr.php?cmd=_login-run&dispatch=5885d80a13c0db1f1ff80d546411d7f8a8350c132bc41e0934cfc023d4e8f9e53a6bc873914fc71c3802e4c37b948f253a6bc873914fc71c3802e4c37b948f25,181,0,0,2,0,0,0,0,1,0,0,1,28,152,4,1,-1,0,0,0,bad
ozziedeals.com.au/img/identifient/5785ecce95455281a7064e4bbbbfd859/index.php?get=confirmation2,94,0,0,3,0,0,0,0,4,0,0,0,76,17,2,1,-1,0,0,0,bad
tools.ietf.org/html/rfc297,26,0,0,2,0,0,0,0,2,0,0,0,26,0,0,1,-1,0,0,0,good
kuangfenxian.com/hfvg623,24,0,0,1,0,0,0,0,1,0,0,0,24,0,0,1,-1,0,0,0,bad
enotes.com/topic/World_number_one_male_tennis_player_rankings,61,0,0,1,0,0,0,0,2,0,0,0,61,0,0,1,-1,0,0,0,good
bayramoglu.org/www.paypal.co.uk/webscr/index.php,48,0,0,5,0,0,0,0,3,0,0,0,48,0,0,1,-1,0,0,0,bad
gaseyes.com/paypal.com.us-confirme.your.account.pay/268b2784980042cbd49572b575754d2d/Erreur.html,96,0,0,7,0,0,0,0,3,0,0,1,96,0,0,1,-1,0,0,0,bad
cribchatter.com/?p=10717,24,0,0,1,0,0,0,0,1,0,0,0,16,7,2,1,-1,0,0,0,good
www.szpxpx.com/login.htm?secure.runescape.com/m=weblogin/loginform.ws?mod=www&amp;gtnpibramp;ssl=0&amp;dest,107,0,0,6,0,0,0,0,1,0,0,1,24,82,7,1,-1,0,0,0,bad
allovercoupon.com/afdIJGY8766gyu,32,0,0,1,0,0,0,0,1,0,0,0,32,0,0,1,-1,0,0,0,bad
community.nimanranch.com/,25,0,0,2,0,0,0,0,1,0,0,0,25,0,0,1,-1,0,0,0,good
taptin.vn/files/9-2015/Virut.apk,32,0,0,2,0,0,0,0,3,0,0,0,32,0,0,0,-1,0,0,0,bad
jambase.com/Articles/14992/Angela-Desveaux-The-Mighty-Ship,58,0,0,1,0,0,0,0,3,0,0,0,58,0,0,1,-1,0,0,0,good
moversandshakersofthesmom.blogspot.com/2008/09/david-l-garrison.html,68,0,0,3,0,0,0,0,3,0,0,0,68,0,0,1,-1,0,0,0,good
www.shareswatch.com.au/blog/,28,0,0,3,0,0,0,0,2,0,0,0,28,0,0,1,-1,0,0,0,good
imdb.com/name/nm0312290/,24,0,0,1,0,0,0,0,3,0,0,0,24,0,0,1,-1,0,0,0,good
www.wi-fi.org/knowledge_center/wpa2/,36,0,0,2,0,0,0,0,3,0,0,0,36,0,0,1,-1,0,0,0,good
mylife.com/c-1913343485,23,0,0,1,0,0,0,0,1,0,0,0,23,0,0,1,-1,0,0,0,good
wsrcyjnmrfyej.ru/linuxsucks.php,31,0,0,2,0,0,0,0,1,0,0,0,31,0,0,0,-1,0,0,0,bad
shopping.yahoo.com/116195802-unaccompanied-minors/,50,0,0,2,0,0,0,0,2,0,0,0,50,0,0,1,-1,0,0,0,good
37.1.207.115/api/,17,1,0,3,0,0,0,0,2,0,0,0,17,0,0,0,-1,0,0,0,bad
gtazone1.w.interia.pl/,22,0,0,3,0,0,0,0,1,0,0,0,22,0,0,0,-1,0,0,0,bad
wavenewspapers.com/,19,0,0,1,0,0,0,0,1,0,0,0,19,0,0,1,-1,0,0,0,good
randomhouse.com/book/84674/already-dead-by-charlie-huston/,58,0,0,1,0,0,0,0,4,0,0,0,58,0,0,1,-1,0,0,0,good
absoluteastronomy.com/topics/KGO-TV,35,0,0,1,0,0,0,0,2,0,0,0,35,0,0,1,-1,0,0,0,good
pro-football-reference.com/players/B/BurfCh00.htm,49,0,0,2,0,0,0,0,3,0,0,0,49,0,0,1,-1,0,0,0,good
a.pomf.cat/sfkpiff.exe,22,0,0,3,0,0,0,0,1,0,0,0,22,0,0,0,-1,0,0,0,bad
gluttonforpunishment.tv/,24,0,0,1,0,0,0,0,1,0,0,0,24,0,0,0,-1,0,0,0,good
fanpix.net/gallery/alex-tagliani-pictures.htm,45,0,0,2,0,0,0,0,2,0,0,0,45,0,0,1,-1,0,0,0,good
hardin.k12.ky.us/res_techn/countyjeopardygames.htm,50,0,0,4,0,0,0,0,2,0,0,0,50,0,0,0,-1,0,0,0,good
ca.linkedin.com/in/jcellis,26,0,0,2,0,0,0,0,2,0,0,0,26,0,0,1,-1,0,0,0,good
npr.org/2011/10/30/141795807/tim-hecker-in-concert-moogfest-2011,64,0,0,1,0,0,0,0,5,0,0,0,64,0,0,1,-1,0,0,0,good
en.wikipedia.org/wiki/Turcotte,30,0,0,2,0,0,0,0,2,0,0,0,30,0,0,1,-1,0,0,0,good
tools.ietf.org/html/rfc2800,27,0,0,2,0,0,0,0,2,0,0,0,27,0,0,1,-1,0,0,0,good
wn.com/Lebeau,13,0,0,1,0,0,0,0,1,0,0,0,13,0,0,1,-1,0,0,0,good
crtaci.info/forum/4-kratkometrazni-crtani-filmovi/page__st__316,63,0,0,1,0,0,0,0,3,0,0,0,63,0,0,1,-1,0,0,0,good
ckuik.com/Pauline_Julien,24,0,0,1,0,0,0,0,1,0,0,0,24,0,0,1,-1,0,0,0,good
atronis.com/images/s.exe,24,0,0,2,0,0,0,0,2,0,0,0,24,0,0,1,-1,0,0,0,bad
soompi.com/forums/topic/330017-top-90s-slow-jams/,49,0,0,1,0,0,0,0,4,0,0,0,49,0,0,1,-1,0,0,0,good
pdpglobal.com/9bc9kr,20,0,0,1,0,0,0,0,1,0,0,0,20,0,0,1,-1,0,0,0,bad
www.fastgate.co.jp/english/index.html,37,0,0,4,0,0,0,0,2,0,0,0,37,0,0,0,-1,0,0,0,good
cs.anu.edu.au/~Hugh.Fisher/3dstuff/lowlevel.html,48,0,0,5,0,0,0,0,3,0,0,0,48,0,0,0,-1,0,0,0,good
123people.ca/s/albert+rudd,26,0,0,1,0,0,0,0,2,0,0,0,26,0,0,0,-1,0,0,0,good
webmail.mhcable.com/secure/www.paypal.com/websc-login.php?Go=_Restore_Start&amp;_Acess_Tooken=6d165e69bc82831c3a9c6498089c24386d165e69bc82831c3a9c6498089c2438,158,0,0,5,0,0,0,0,3,0,0,1,57,100,4,1,-1,0,0,0,bad
www.securityfocus.com/infocus/1731,34,0,0,2,0,0,0,0,2,0,0,0,34,0,0,1,-1,0,0,0,good
omaha.com/section/cyclones,26,0,0,1,0,0,0,0,2,0,0,0,26,0,0,1,-1,0,0,0,good
www.arvideo.com/wedding/,24,0,0,2,0,0,0,0,2,0,0,0,24,0,0,1,-1,0,0,0,good
baseballreflections.com/2009/03/24/stadium-review-progressive-field-home-of-the-cleveland-indians/,98,0,0,1,0,0,0,0,5,0,0,0,98,0,0,1,-1,0,0,0,good
flixster.com/actor/bob-steele,29,0,0,1,0,0,0,0,2,0,0,0,29,0,0,1,-1,0,0,0,good
apunkachoice.com/names/kan/kangna_ranaut/cid_310565/,52,0,0,1,0,0,0,0,5,0,0,0,52,0,0,1,-1,0,0,0,good
ksupodistribuidoraca.com/doc/secured/secured/,45,0,0,1,0,0,0,0,4,0,0,1,45,0,0,1,-1,0,0,0,bad
www.partex.org/seetex.htm,25,0,0,3,0,0,0,0,1,0,0,0,25,0,0,1,-1,0,0,0,good
dingeabyss.com/2hkv4pb,22,0,0,1,0,0,0,0,1,0,0,0,22,0,0,1,-1,0,0,0,bad
adc.arkansas.gov/,17,0,0,2,0,0,0,0,1,0,0,0,17,0,0,0,-1,0,0,0,good
s3-ap-southeast-1.amazonaws.com/onekeysdk/downloaderUpdate/downloader_201502121005_241nogame.apk,96,0,0,3,0,0,0,0,3,0,0,1,96,0,0,1,-1,0,0,0,bad
hosted.met-art.com/Trial_met-art_JBA_1_911/?pa=1566135,54,0,0,2,0,0,0,0,2,0,0,0,43,10,2,1,-1,0,0,0,good
popsugar.com/Gabriel-Aubry,26,0,0,1,0,0,0,0,1,0,0,0,26,0,0,1,-1,0,0,0,good
websterhall.com/thestudio/new/upcoming-events-2,47,0,0,1,0,0,0,0,3,0,0,0,47,0,0,1,-1,0,0,0,good
www.wunderland.com/WTS/Jake/5x5x5.html,38,0,0,3,0,0,0,0,3,0,0,0,38,0,0,1,-1,0,0,0,good
www.photoshopsupport.com/elements/,34,0,0,2,0,0,0,0,2,0,0,0,34,0,0,1,-1,0,0,0,good
home.earthlink.net/~rscarbro/,29,0,0,2,0,0,0,0,2,0,0,0,29,0,0,1,-1,0,0,0,good
setimarteloja.com.br/alibaba/index.php,38,0,0,3,0,0,0,0,2,0,0,0,38,0,0,1,-1,0,0,0,bad
denver.craigslist.org/clt/2695317734.html,41,0,0,3,0,0,0,0,2,0,0,0,41,0,0,1,-1,0,0,0,good
77.222.54.202/upload/_dispatch.php,34,1,0,4,0,0,0,0,2,0,0,0,34,0,0,0,-1,0,0,0,bad
wc.rootsweb.ancestry.com/cgi-bin/igm.cgi?op=SHOW&db=2-l_coderre&recno=1454,74,0,0,4,0,0,0,0,2,0,0,0,40,33,6,1,-1,0,0,0,good
morrisdailyherald.com/2011/11/01/keep-sporting-keep-fit-time-to-talk-high-school-playoffs-again/astrk1w/?page=2,111,0,0,1,0,0,0,0,6,0,0,0,104,6,2,1,-1,0,0,0,good
rootsweb.ancestry.com/~wvahca/obit/james_h_logan_obit.htm,57,0,0,3,0,0,0,0,3,0,0,0,57,0,0,1,-1,0,0,0,good
academickids.com/encyclopedia/index.php/Amtrak,46,0,0,2,0,0,0,0,3,0,0,0,46,0,0,1,-1,0,0,0,good
faecbfcbncbbeace.com /,22,0,0,1,0,0,0,0,1,0,0,0,22,0,0,1,-1,0,0,0,bad
ihigh.com/centralhouston/article_69811.html,43,0,0,2,0,0,0,0,2,0,0,0,43,0,0,1,-1,0,0,0,good
quebecgetaways.com/saguenaylac-saint-jean,41,0,0,1,0,0,0,0,1,0,0,0,41,0,0,1,-1,0,0,0,good
holidayyear.com/death-September-15.php,38,0,0,2,0,0,0,0,1,0,0,0,38,0,0,1,-1,0,0,0,good
idwinotgot.ru/sliva/gate.php,28,0,0,2,0,0,0,0,2,0,0,0,28,0,0,0,-1,0,0,0,bad
cartoonstock.com/vintage/directory/w/william_tweed.asp,54,0,0,2,0,0,0,0,4,0,0,0,54,0,0,1,-1,0,0,0,good
relaxmusic.livejournal.com/3949419.html,39,0,0,3,0,0,0,0,1,0,0,0,39,0,0,1,-1,0,0,0,good
www.lasta-turizam.com/components/com_jce/editor/tiny_mce/plugins/remax,70,0,0,2,0,0,0,0,6,0,0,0,70,0,0,1,-1,0,0,0,bad
dbtctep.gov.in/m6ks2,20,0,0,2,0,0,0,0,1,0,0,0,20,0,0,0,-1,0,0,0,bad
secure.thelog.com/printer/article.asp?c=105030,46,0,0,3,0,0,0,0,2,0,0,1,37,8,2,1,-1,0,0,0,good
blog.powerhealthclub.com//wp-includes/js/tinymce/plugins/wpdialogs/js/auth8.php,79,0,0,3,0,0,0,0,8,1,0,0,79,0,0,1,-1,0,0,0,bad
neufutur.com/?p=7942,20,0,0,1,0,0,0,0,1,0,0,0,13,6,2,1,-1,0,0,0,good
tools.ietf.org/html/rfc3257,27,0,0,2,0,0,0,0,2,0,0,0,27,0,0,1,-1,0,0,0,good
seattletimes.nwsource.com/html/mariners/2008457360_mari02.html,62,0,0,3,0,0,0,0,3,0,0,0,62,0,0,1,-1,0,0,0,good
electricenergyonline.com/?page=show_article&mag=72&article=584,62,0,0,1,0,0,0,0,1,0,0,0,25,36,6,1,-1,0,0,0,good
videosurf.com/alexandre-despatie-25274,38,0,0,1,0,0,0,0,1,0,0,0,38,0,0,1,-1,0,0,0,good
dcfans.tv/category/disney-stars/allisyn-ashley-arm/,51,0,0,1,0,0,0,0,4,0,0,0,51,0,0,0,-1,0,0,0,good
qeepme.com.br/css/hrd/pasta/secure-domains/document/finish.php,62,0,0,3,0,0,0,0,6,0,0,1,62,0,0,1,-1,0,0,0,bad
gopher.quux.org:70/devel/dictclient,35,0,0,2,0,0,0,0,2,0,0,0,19,0,0,0,-1,0,0,0,good
cps.ca.gov/,11,0,0,2,0,0,0,0,1,0,0,0,11,0,0,0,-1,0,0,0,good
z3.invisionfree.com/Nahele_Wolves/index.php,43,0,0,3,0,0,0,0,2,0,0,0,43,0,0,1,-1,0,0,0,good
pistolasfc.com/,15,0,0,1,0,0,0,0,1,0,0,0,15,0,0,1,-1,0,0,0,good
hindilinks4u.net/?s=Farhan+Akhtar,33,0,0,1,0,0,0,0,1,0,0,0,17,15,2,1,-1,0,0,0,good
americantraction.com/,21,0,0,1,0,0,0,0,1,0,0,0,21,0,0,1,-1,0,0,0,good
whc.unesco.org/en/list/1149,27,0,0,2,0,0,0,0,3,0,0,0,27,0,0,1,-1,0,0,0,good
restaurantsubway-de-montral.foodpages.ca/,41,0,0,2,0,0,0,0,1,0,0,0,41,0,0,0,-1,0,0,0,good
buddhistmala.com/store/light_wood_mala.html,43,0,0,2,0,0,0,0,2,0,0,0,43,0,0,1,-1,0,0,0,good
weegy.com/home.aspx?ConversationId=01350066,43,0,0,2,0,0,0,0,1,0,0,0,19,23,2,1,-1,0,0,0,good
photobucket.com/images/kelly%20blatz/,37,0,0,1,0,0,0,0,3,0,0,0,37,0,1,1,-1,0,0,0,good
capitolfax.com/2011/06/05/rep-mark-beaubien/,44,0,0,1,0,0,0,0,5,0,0,0,44,0,0,1,-1,0,0,0,good
en.wikipedia.org/wiki/Nig_Cuppy,31,0,0,2,0,0,0,0,2,0,0,0,31,0,0,1,-1,0,0,0,good
amazon.com/Brotherhood-Wolf-Samuel-Bihan/dp/B00006ADEM,54,0,0,1,0,0,0,0,3,0,0,0,54,0,0,1,-1,0,0,0,good
marqueur.com/hockey/stats/nhl/nhl_players_list.php?a=f,54,0,0,2,0,0,0,0,4,0,0,0,50,3,2,1,-1,0,0,0,good
answers.com/topic/pivka,23,0,0,1,0,0,0,0,2,0,0,0,23,0,0,1,-1,0,0,0,good
www.schemapv.com/vodasecurity/vodafone_security_update.html,59,0,0,3,0,0,0,0,2,0,0,1,59,0,0,1,-1,0,0,0,bad
erinmccann.avonrepresentative.com/,34,0,0,2,0,0,0,0,1,0,0,0,34,0,0,1,-1,0,0,0,good
finance.eller.arizona.edu/lam/rsrch/expdfap.txt,47,0,0,4,0,0,0,0,3,0,0,0,47,0,0,0,-1,0,0,0,good
'9d345009-a-62cb3a1a-s-sites.googlegroups.com/site/stickamcomlogindo/login.html?attachauth=ANoY7crJ7BhsirJYAbNqMShhrn4-0HU3Sk5-LhiA8rIklXgEC4QTtdtq2Np2HtLLsWCk2wGojudPB-M-Vk8cSsRnBqAdUe8axczPJx7LDtsaD3whqYoESJIdMCnfzetl5yD3szdcMGbVg-IiVCN4yHMzD4FpzbwfVAhXkr7XCqwUZBR7-JLz6X9WhX7kkhbhlleY9bgQifP_RbBUWxeTfDHw8NtJbjD8zg\%3D\%3D&amp;attredirects=0',345,0,0,3,0,0,0,0,3,0,0,1,79,265,6,1,-1,0,0,0,bad
123.249.79.231:8021/zdl,23,1,0,3,0,0,0,0,1,0,0,0,23,0,0,0,-1,0,0,0,bad
ca.linkedin.com/pub/dir/john/gravel,35,0,0,2,0,0,0,0,4,0,0,0,35,0,0,1,-1,0,0,0,good
jablonski-law.com/cases.cfm,27,0,0,2,0,0,0,0,1,0,0,0,27,0,0,1,-1,0,0,0,good
tierraverderecycles.com/wp-admin/resources/app-integrations/,60,0,0,1,0,0,0,0,4,0,0,0,60,0,0,1,-1,0,0,0,bad
imtl.org/montreal/building/hopital_sacre_coeur.php,50,0,0,2,0,0,0,0,3,0,0,0,50,0,0,1,-1,0,0,0,good
lookatbook.de/portraits/bujold_genevieve.htm,44,0,0,2,0,0,0,0,2,0,0,0,44,0,0,0,-1,0,0,0,good
linkedin.com/pub/dir/louise/little,34,0,0,1,0,0,0,0,4,0,0,0,34,0,0,1,-1,0,0,0,good
subscene.com/The-Pianist/subtitles-13524.aspx,45,0,0,2,0,0,0,0,2,0,0,0,45,0,0,1,-1,0,0,0,good
local.yahoo.com/info-19879979-america-first-credit-union-clearfield,67,0,0,2,0,0,0,0,1,0,0,0,67,0,0,1,-1,0,0,0,good
ryszardczarnecki.home.pl/cms/jscalendar/skins/aqua/us/webscr.html,65,0,0,3,0,0,0,0,6,0,0,0,65,0,0,0,-1,0,0,0,bad
yelp.com/biz/the-kansas-city-star-kansas-city,45,0,0,1,0,0,0,0,2,0,0,0,45,0,0,1,-1,0,0,0,good
dallasopera.org/the_company/staff.php,37,0,0,2,0,0,0,0,2,0,0,0,37,0,0,1,-1,0,0,0,good
linkedin.com/pub/jesse-donaldson/0/333/5a2,42,0,0,1,0,0,0,0,5,0,0,0,42,0,0,1,-1,0,0,0,good
en.wikipedia.org/wiki/List_of_Philippine_films,46,0,0,2,0,0,0,0,2,0,0,0,46,0,0,1,-1,0,0,0,good
bekkifriesen.com/main.html,26,0,0,2,0,0,0,0,1,0,0,0,26,0,0,1,-1,0,0,0,good
stastique-alerte.comuf.com/https:/www.labanquepostale.fr/identification.php,75,0,0,5,0,0,0,0,3,0,0,0,75,0,0,1,-1,0,0,0,bad
naachgaana.com/2010/08/20/abhinay-deo-on-delhi-belly/,53,0,0,1,0,0,0,0,5,0,0,0,53,0,0,1,-1,0,0,0,good
ahashare.com/torrents-details.php?id=167357,43,0,0,2,0,0,0,0,1,0,0,0,33,9,2,1,-1,0,0,0,good
taijishentie.com/js/index.htm?http://us.battle.net/login/en/?ref=http://bowaovvus.battle.net/d3/en/index,104,0,0,6,0,0,0,0,2,1,0,1,29,74,3,1,-1,0,0,0,bad
allstarpics.net/pic-gallery/eve-plumb-pics.htm,46,0,0,2,0,0,0,0,2,0,0,0,46,0,0,1,-1,0,0,0,good
fashionablymarketing.me/2011/05/rue-la-la-facebook-fans-curate-boutique/,72,0,0,1,0,0,0,0,4,0,0,0,72,0,0,0,-1,0,0,0,good
facebook.com/johanne.gauthier1,30,0,0,2,0,0,0,0,1,0,0,0,30,0,0,1,-1,0,0,0,good
www876.paypal.co.uk.42142.ssl-210.mx/js/webapps/uk/mpp/?cmnd=_lg&pageName=_edit,79,0,0,6,0,0,0,0,5,0,0,0,55,23,4,0,-1,0,0,0,bad
en.wikipedia.org/wiki/Ub_Iwerks_Studio,38,0,0,2,0,0,0,0,2,0,0,0,38,0,0,1,-1,0,0,0,good
www.hnyjdw.com/images/?us.battle.net/login/en/?ref=us.battle.net/d3/en/index&amp;amp;app=com-d3,95,0,0,6,0,0,0,0,2,0,0,1,22,72,5,1,-1,0,0,0,bad
luxury-domains.com/businessaug2/,32,0,0,1,0,0,0,0,2,0,0,0,32,0,0,1,-1,0,0,0,bad
lhl.lib.mo.us/events_exhib/exhibit/exhibits/napoleon/suez_canal.shtml,69,0,0,4,0,0,0,0,5,0,0,0,69,0,0,0,-1,0,0,0,good
marymount.edu/welcome/,22,0,0,1,0,0,0,0,2,0,0,0,22,0,0,0,-1,0,0,0,good
everytingjamaican.com/jamaicatalk/moving-jamaica/55100-canadian-woman-marrying-jamaican-man.html,96,0,0,2,0,0,0,0,3,0,0,0,96,0,0,1,-1,0,0,0,good
hawanur.com/w4f0t3n6mi,22,0,0,1,0,0,0,0,1,0,0,0,22,0,0,1,-1,0,0,0,bad
docs.google.com/document/d/16g6c_pFVgSVg1NlohdoyUfTBqJy6fqpwnI9jkFmOfkQ/pub,75,0,0,2,0,0,0,0,4,0,0,0,75,0,0,1,-1,0,0,0,bad
imtopsyturvy.com/,17,0,0,1,0,0,0,0,1,0,0,0,17,0,0,1,-1,0,0,0,good
anglia.academia.edu/TerryMughan/Papers/72313/Management_Consulting_and_International_Business_Support_for_SMEs_Need_and_Obstacles,129,0,0,2,0,0,0,0,4,0,0,0,129,0,0,0,-1,0,0,0,good
www.cert.org/advisories/CA-1992-18.html,39,0,0,3,0,0,0,0,2,0,0,0,39,0,0,1,-1,0,0,0,good
geosoft.no/graphics/,20,0,0,1,0,0,0,0,2,0,0,0,20,0,0,0,-1,0,0,0,good
flickr.com/photos/ciel-photography/3675647249/,46,0,0,1,0,0,0,0,4,0,0,0,46,0,0,1,-1,0,0,0,good
linkedin.com/in/joeabreu,24,0,0,1,0,0,0,0,2,0,0,0,24,0,0,1,-1,0,0,0,good
nybooks.com/articles/archives/1979/may/31/begin-vs-begin/?pagination=false,74,0,0,1,0,0,0,0,7,0,0,0,57,16,2,1,-1,0,0,0,good
hammondscopy.com/img/paypal/secure-code192/home/1f0a3b7e48fe332a7abf5b5c9f038624/,81,0,0,1,0,0,0,0,6,0,0,1,81,0,0,1,-1,0,0,0,bad
80extcitrix.we11point.com/,26,0,0,2,0,0,0,0,1,0,0,0,26,0,0,1,-1,0,0,0,bad
youtube.com/watch?v=jbwPNnXRFdI,31,0,0,1,0,0,0,0,1,0,0,0,17,13,2,1,-1,0,0,0,good
en.wikipedia.org/wiki/Category:Emmy_Award_winners,49,0,0,2,0,0,0,0,2,0,0,0,49,0,0,1,-1,0,0,0,good
product.half.ebay.com/The-Dragon-And-The-Tiger_W0QQtgZinfoQQprZ43439040,71,0,0,3,0,0,0,0,1,0,0,0,71,0,0,1,-1,0,0,0,good
verdianthy.com/diqlfy1,22,0,0,1,0,0,0,0,1,0,0,0,22,0,0,1,-1,0,0,0,bad
"'services.runescape.co.cm/m=forums/forum.ws?v=1540,94,544,63330546'",67,0,0,4,0,0,0,0,2,0,0,0,43,23,3,0,-1,0,0,0,bad
avi.freedman.net/bw/may97.html,30,0,0,3,0,0,0,0,2,0,0,0,30,0,0,1,-1,0,0,0,good
virtualtourist.com/travel/Europe/Slovenia/Off_the_Beaten_Path-Slovenia-TG-C-1.html,82,0,0,2,0,0,0,0,4,0,0,0,82,0,0,1,-1,0,0,0,good
encycl.opentopia.com/Q/QU/QUE,29,0,0,2,0,0,0,0,3,0,0,0,29,0,0,1,-1,0,0,0,good
articles.sfgate.com/2009-05-17/entertainment/17203131_1_clear-channel-awareness-group-dj,88,0,0,2,0,0,0,0,3,0,0,0,88,0,0,1,-1,0,0,0,good
gelfandgraphics.com/,20,0,0,1,0,0,0,0,1,0,0,0,20,0,0,1,-1,0,0,0,good
90.2.1.1:6892,13,1,0,3,0,0,0,0,0,0,0,0,13,0,0,0,-1,0,0,0,bad
tomatopota.4pu.com/news/EADTyC-6I7iQj-jmVRItIQgVa,49,0,0,2,0,0,0,0,2,0,0,0,49,0,0,1,-1,0,0,0,bad
migenweb.net/ottawa/cemeteries/springlake/2008Easte-l.html,58,0,0,2,0,0,0,0,4,0,0,0,58,0,0,1,-1,0,0,0,good
colchester.ca/month/,20,0,0,1,0,0,0,0,2,0,0,0,20,0,0,0,-1,0,0,0,good
collegehoopsjournal.com/2010/11/03/hbo-to-air-doc-on-unlv-under-tark/,69,0,0,1,0,0,0,0,5,0,0,0,69,0,0,1,-1,0,0,0,good
ebay.com/sch/i.html?_nkw=Mosfilm+poster,39,0,0,2,0,0,0,0,2,0,0,0,19,19,2,1,-1,0,0,0,good
api/?id=7,9,0,0,0,0,0,0,0,1,0,0,0,4,4,2,0,-1,0,0,0,bad
filesarena.com/champlain-bridge,31,0,0,1,0,0,0,0,1,0,0,0,31,0,0,1,-1,0,0,0,good
www.zachd.com/pss/pss.html,26,0,0,3,0,0,0,0,2,0,0,0,26,0,0,1,-1,0,0,0,good
lepetitchateau.co.za/,21,0,0,2,0,0,0,0,1,0,0,0,21,0,0,0,-1,0,0,0,good
ausbcomp.com/~bbott/cowley/Oldnews/papersup/repub28.htm,55,0,0,2,0,0,0,0,5,0,0,0,55,0,0,1,-1,0,0,0,good
frefrezu.com/,13,0,0,1,0,0,0,0,1,0,0,0,13,0,0,1,-1,0,0,0,bad
artistopia.com/boca-juniors,27,0,0,1,0,0,0,0,1,0,0,0,27,0,0,1,-1,0,0,0,good
statepillows.com/,17,0,0,1,0,0,0,0,1,0,0,0,17,0,0,1,-1,0,0,0,good
lyricsmania.com/as_the_years_go_by_lyrics_mashmakhan.html,57,0,0,2,0,0,0,0,1,0,0,0,57,0,0,1,-1,0,0,0,good
ourhistory.canadiens.com/player/Emile-Bouchard,46,0,0,2,0,0,0,0,2,0,0,0,46,0,0,1,-1,0,0,0,good
foxsportskansascity.com/10/30/11/Sporting-Kansas-City-beats-Colorado/landing.html?blockID=593200,96,0,0,2,0,0,0,0,5,0,0,0,81,14,2,1,-1,0,0,0,good
www.pattumalamatha.com/admin/assets/2vpP/i2FQ2QH.doc,52,0,0,3,0,0,0,0,4,0,0,0,52,0,0,1,-1,0,0,0,bad
hermes.spaceports.com/~shopping/TubeIndex.htm,45,0,0,3,0,0,0,0,2,0,0,0,45,0,0,1,-1,0,0,0,good
us.battle.net.login.en.ttweb.asia/login/en/login.html?amp=3Bapp=bam&amp;amp=3Beor=0&amp;amp=3Bref=www.battle.net/account/&amp;app=wam,133,0,0,9,0,0,0,0,3,0,0,1,53,79,11,1,-1,0,0,0,bad
education.com/schoolfinder/us/california/oakland/bret-harte-middle/,67,0,0,1,0,0,0,0,6,0,0,0,67,0,0,1,-1,0,0,0,good
cnhedge.cn/js/index.htm?app=com-d3&amp;http://us.battle.net/login/en/?ref=http://pypzwvkus.battle.net/d3/en/index,113,0,0,6,0,0,0,0,2,1,0,1,23,89,5,0,-1,0,0,0,bad
en.wikipedia.org/wiki/Category:Actors_from_Missouri,51,0,0,2,0,0,0,0,2,0,0,0,51,0,0,1,-1,0,0,0,good
powerpackc.com/downloads/pp_so_installdaddy.exe,47,0,0,2,0,0,0,0,2,0,0,0,47,0,0,1,-1,0,0,0,bad
sports.yahoo.com/nhl/players/4555,33,0,0,2,0,0,0,0,3,0,0,0,33,0,0,1,-1,0,0,0,good
training.sherdog.com/,21,0,0,2,0,0,0,0,1,0,0,0,21,0,0,1,-1,0,0,0,good
filmsofthegoldenage.com/foga/1998/winter98/normashearer.shtml,61,0,0,2,0,0,0,0,4,0,0,0,61,0,0,1,-1,0,0,0,good
regi-domain.com/deletion_2007_01_30_0002.html,45,0,0,2,0,0,0,0,1,0,0,0,45,0,0,1,-1,0,0,0,good
aceticket.com/sprint-center-schedule/mo/,40,0,0,1,0,0,0,0,3,0,0,0,40,0,0,1,-1,0,0,0,good
property.com.pastelariaosonho.com/,34,0,0,3,0,0,0,0,1,0,0,0,34,0,0,1,-1,0,0,0,bad
us.battle.net.ok.qqweb.asia/login/en/login.html?app=bam&amp;amp;amp;app=wam&amp;amp;amp;eor=0&amp;amp;amp;ref=www.battle.net/account,132,0,0,8,0,0,0,0,3,0,0,1,47,84,8,1,-1,0,0,0,bad
amazon.com/Im-Dancing-As-Fast-Can/dp/1559213604,47,0,0,1,0,0,0,0,3,0,0,0,47,0,0,1,-1,0,0,0,good
hometheater.about.com/od/blurayonlyfaqs/a/blu-ray_and_blu-ray_disc_player_faqs.htm,82,0,0,3,0,0,0,0,4,0,0,0,82,0,0,1,-1,0,0,0,good
strange-and-distant-music.com/,30,0,0,1,0,0,0,0,1,0,0,0,30,0,0,1,-1,0,0,0,good
sonnywithachance.wikia.com/wiki/Sonny_Munroe,44,0,0,2,0,0,0,0,2,0,0,0,44,0,0,1,-1,0,0,0,good
jgop.org/2,10,0,0,1,0,0,0,0,1,0,0,0,10,0,0,1,-1,0,0,0,bad
archive.dyestat.com/?pg=dyestatcal-2009-Cross-Country--Results-September-26-Bell-Jeff,85,0,0,2,0,0,0,0,1,0,0,0,20,64,2,1,-1,0,0,0,good
ksl.com/?nid=148&sid=10464129,29,0,0,1,0,0,0,0,1,0,0,0,8,20,4,1,-1,0,0,0,good
www.iom3.org/packaging/,23,0,0,2,0,0,0,0,2,0,0,0,23,0,0,1,-1,0,0,0,good
paraprint.com/,14,0,0,1,0,0,0,0,1,0,0,0,14,0,0,1,-1,0,0,0,good
euiro.com/consignment/arrival/dhl/tracking.php?l=_JeHFUq_VJOXK0QWHtoGYDw_Product-UserID&userid=,95,0,0,2,0,0,0,0,4,0,0,0,46,48,4,1,-1,0,0,0,bad
lyricskeeper.it/it/europe/prisoners-in-paradise.html,52,0,0,2,0,0,0,0,3,0,0,0,52,0,0,0,-1,0,0,0,good
worthpoint.com/worthopedia/ginger-rogers-marguerite-chapman-betty-hutton-an,75,0,0,1,0,0,0,0,2,0,0,0,75,0,0,1,-1,0,0,0,good
www.karakas-online.de/EN-Book/book1.html,40,0,0,3,0,0,0,0,2,0,0,0,40,0,0,0,-1,0,0,0,good
independance-quebec.com/musique/pauline_julien_mommy.php,56,0,0,2,0,0,0,0,2,0,0,0,56,0,0,1,-1,0,0,0,good
assnat.qc.ca/en/deputes/theriault-lise-1355/index.html,54,0,0,3,0,0,0,0,4,0,0,0,54,0,0,0,-1,0,0,0,good
dannyfarrer.be/en-UK/app/webscrlogin.php?cmd=_login-run&dispatch=5885d80a13c0db1f1ff80d546411d7f8a8350c132bc41e0934cfc023d4e8f9e5c81e728c532b65403a67f9e5bef22364c81e728c532b65403a67f9e5bef22364,193,0,0,2,0,0,0,0,3,0,0,1,40,152,4,0,-1,0,0,0,bad
galleryofhistory.com/archive/5_2002/5_2002index.htm,51,0,0,2,0,0,0,0,3,0,0,0,51,0,0,1,-1,0,0,0,good
www.taoyue.com/tutorials/pascal/,32,0,0,2,0,0,0,0,3,0,0,0,32,0,0,1,-1,0,0,0,good
121.42.35.237:111/QQ321205937,29,1,0,3,0,0,0,0,1,0,0,0,29,0,0,0,-1,0,0,0,bad
design.concordia.ca/,20,0,0,2,0,0,0,0,1,0,0,0,20,0,0,0,-1,0,0,0,good
jigsaw.com/scid1702735/sheryl_luster.xhtml,42,0,0,2,0,0,0,0,2,0,0,0,42,0,0,1,-1,0,0,0,good
sportsillustrated.cnn.com/tennis/2000/davis_cup/news/2000/03/28/us_davis_cup/,77,0,0,2,0,0,0,0,9,0,0,0,77,0,0,1,-1,0,0,0,good
classmates.com/directory/school/Park%20Hill%20High%20School?org=3677,68,0,0,1,0,0,0,0,3,0,0,0,59,8,5,1,-1,0,0,0,good
librarything.com/author/societyinternational,44,0,0,1,0,0,0,0,2,0,0,0,44,0,0,1,-1,0,0,0,good
windoor.pl/js/fix/telekom/,26,0,0,1,0,0,0,0,4,0,0,0,26,0,0,0,-1,0,0,0,bad
freeunderdog.com/subscription/newsletter/NFL-Football-Picks-January-14-2007.php,79,0,0,2,0,0,0,0,3,0,0,0,79,0,0,1,-1,0,0,0,good
www.softwarefreedom.org/resources/2008/foss-primer.html,55,0,0,3,0,0,0,0,3,0,0,0,55,0,0,1,-1,0,0,0,good
classical-free.blogspot.com/2010/12/art-of-bruno-walter-14cds-emi.html,70,0,0,3,0,0,0,0,3,0,0,0,70,0,0,1,-1,0,0,0,good
behindthevoiceactors.com/Henry-Corden/,38,0,0,1,0,0,0,0,2,0,0,0,38,0,0,1,-1,0,0,0,good
shawnmativetsky.com/past.html,29,0,0,2,0,0,0,0,1,0,0,0,29,0,0,1,-1,0,0,0,good
resu.rs/images/forms.asp.htm,28,0,0,3,0,0,0,0,2,0,0,0,28,0,0,0,-1,0,0,0,bad
www.freewebs.com/soul-candy/,28,0,0,2,0,0,0,0,2,0,0,0,28,0,0,1,-1,0,0,0,good
childrensdentistryofmurfreesboro.com/faq/,41,0,0,1,0,0,0,0,2,0,0,0,41,0,0,1,-1,0,0,0,good
akkecbdbaecbamab.info /,23,0,0,1,0,0,0,0,1,0,0,0,23,0,0,1,-1,0,0,0,bad
corporationwiki.com/Florida/Melbourne/allen-broussard-conservancy-inc-4560104.aspx,82,0,0,2,0,0,0,0,3,0,0,0,82,0,0,1,-1,0,0,0,good
dl.dropboxusercontent.com/s/xpb2d7xzuolseri/g.exe,49,0,0,3,0,0,0,0,3,0,0,0,49,0,0,1,-1,0,0,0,bad
local.yahoo.com/info-20928162-senator-bill-emmerson-office-palm-desert,70,0,0,2,0,0,0,0,1,0,0,0,70,0,0,1,-1,0,0,0,good
twitter.com/GuyRiedelWines,26,0,0,1,0,0,0,0,1,0,0,0,26,0,0,1,-1,0,0,0,good
dropdocuview.com/bDBsIZn2/default.php?valid&autocache=docs=folder&.done=view&ddbb27cbf6eededf93ef1b82df610eed=xlspdf,116,0,0,3,0,0,0,0,2,0,0,0,37,78,8,1,-1,0,0,0,bad
nye-renewables.com/,19,0,0,1,0,0,0,0,1,0,0,0,19,0,0,1,-1,0,0,0,good
youtube.com/watch?v=iVevk8Mrvog,31,0,0,1,0,0,0,0,1,0,0,0,17,13,2,1,-1,0,0,0,good
eu-bliizzard.tk/login.asp?amp;ref=us.battle.net/account/management/index.xml&amp;amp;app=bam,92,0,0,5,0,0,0,0,1,0,0,1,25,66,4,0,-1,0,0,0,bad
where2golf.com/france/maison-blanche-golf-country-club.asp,58,0,0,2,0,0,0,0,2,0,0,0,58,0,0,1,-1,0,0,0,good
thegauntlet.ca/story/5379,25,0,0,1,0,0,0,0,2,0,0,0,25,0,0,0,-1,0,0,0,good
craskart.com/8fh34f3,20,0,0,1,0,0,0,0,1,0,0,0,20,0,0,1,-1,0,0,0,bad
crisvera.com/~highbrai/gpoconstruye.com/cgi-bin/W.html,54,0,0,3,0,0,0,0,4,0,0,0,54,0,0,1,-1,0,0,0,bad
delorimier.net/places.html,26,0,0,2,0,0,0,0,1,0,0,0,26,0,0,1,-1,0,0,0,good
dir.indiamart.com/impcat/liquid-argon-gas.html,46,0,0,3,0,0,0,0,2,0,0,0,46,0,0,1,-1,0,0,0,good
santoorschool.com/.paypal--verification/index.html,50,0,0,3,0,0,0,0,2,0,0,0,50,0,0,1,-1,0,0,0,bad
journals.cambridge.org/action/displayJournal?jid=MSC,52,0,0,2,0,0,0,0,2,0,0,0,44,7,2,1,-1,0,0,0,good
itunes.apple.com/us/album/la-force-de-comprendre/id299230251,60,0,0,2,0,0,0,0,4,0,0,0,60,0,0,1,-1,0,0,0,good
mhs.mayo.edu/mhs/live/page.cfm?pp=locations/medstaffoutput.cfm&orgid=CVC&nav=Med,80,0,0,4,0,0,0,0,3,0,0,0,30,49,6,0,-1,0,0,0,good
facebook.com/people/Philippe-Davignon/656762099,47,0,0,1,0,0,0,0,3,0,0,0,47,0,0,1,-1,0,0,0,good
saddoboxing.com/2975-ringside-boxing-report-hercules-kyvelos-frank-houghtaling.html,83,0,0,2,0,0,0,0,1,0,0,0,83,0,0,1,-1,0,0,0,good
genforum.genealogy.com/colman/,30,0,0,2,0,0,0,0,2,0,0,0,30,0,0,1,-1,0,0,0,good
flickr.com/photos/bara-koukoug/4870817799/,42,0,0,1,0,0,0,0,4,0,0,0,42,0,0,1,-1,0,0,0,good
lawschool.unm.edu/faculty/schwartz/index.php,44,0,0,3,0,0,0,0,3,0,0,0,44,0,0,0,-1,0,0,0,good
home.roadrunner.com/~nineboxes/,31,0,0,2,0,0,0,0,2,0,0,0,31,0,0,1,-1,0,0,0,good
spokeo.com/Lena+Harris,22,0,0,1,0,0,0,0,1,0,0,0,22,0,0,1,-1,0,0,0,good
muffben.net/etfsc5g9,20,0,0,1,0,0,0,0,1,0,0,0,20,0,0,1,-1,0,0,0,bad
portalparticipegol.net46.net/smiles/voegol/eloyalty_ptb/start.sweSWECmd=GotoView&amp;_sn=2.9uY7fQiVbk3a7yBoVT.ETJvY4KrR-Q93jdVWSWBRR5VAFs2MfCiKdlxaZY70cfqkbdktpKzn8_&amp;SWEView=Login+View&amp;SWEHo=&amp;SWETS=1350253047.html,225,0,0,6,0,0,0,0,4,0,0,1,84,0,9,1,-1,0,0,0,bad
www.amigaforever.com/classic/ppaint.html,40,0,0,3,0,0,0,0,2,0,0,0,40,0,0,1,-1,0,0,0,good
alli-solutions.com/,19,0,0,1,0,0,0,0,1,0,0,0,19,0,0,1,-1,0,0,0,good
movies.msn.com/celebrities/celebrity/jean-simmons/,50,0,0,2,0,0,0,0,4,0,0,0,50,0,0,1,-1,0,0,0,good
aqelymlo.ltxytbqnccoawnjxcdy.ml:20698/link/sister-everyone-demon-21606998,73,0,0,2,0,0,0,0,2,0,0,0,41,0,0,0,-1,0,0,0,bad
doghealthproblemsadvice.com/,28,0,0,1,0,0,0,0,1,0,0,0,28,0,0,1,-1,0,0,0,good
blog.netscape.com/2007/12/28/end-of-support-for-netscape-web-browsers/,70,0,0,2,0,0,0,0,5,0,0,0,70,0,0,1,-1,0,0,0,good
i-newswire.com/channel-92-3-ksjo-premieres-live/45246,53,0,0,1,0,0,0,0,2,0,0,0,53,0,0,1,-1,0,0,0,good
pro-football-reference.com/players/L/LaneMa00.htm,49,0,0,2,0,0,0,0,3,0,0,0,49,0,0,1,-1,0,0,0,good
somerset-kentucky.com/obituaries/x192548504/Ruby-Gentry,55,0,0,1,0,0,0,0,3,0,0,0,55,0,0,1,-1,0,0,0,good
us.battle.net.en.qe-rs.com/login/en/login.html?app=wam&amp;ref=www.battle.net/account/&amp;eor=0&amp;app=bam,108,0,0,8,0,0,0,0,3,0,0,1,46,61,8,1,-1,0,0,0,bad
this.bigstereo.net/2011/01/25/hunx-and-his-punx-3/,50,0,0,2,0,0,0,0,5,0,0,0,50,0,0,1,-1,0,0,0,good
en.wikipedia.org/wiki/Anthony_Abbott,36,0,0,2,0,0,0,0,2,0,0,0,36,0,0,1,-1,0,0,0,good
hdplasmatvreviews.com/lcd-hdtv-reviews/vizio-vf552xvt-55-inch-class-xvt-series-truled-240hz-sps-led-lcd-vizio-internet-apps-hdtv/,129,0,0,1,0,0,0,0,3,0,0,0,129,0,0,1,-1,0,0,0,good
www.sadteam.net/sdb/,20,0,0,2,0,0,0,0,2,0,0,0,20,0,0,1,-1,0,0,0,bad
en.wikipedia.org/wiki/Aldus_Corporation,39,0,0,2,0,0,0,0,2,0,0,0,39,0,0,1,-1,0,0,0,good
tulumba.com/storeitem.asp?ic=VIFR006006,39,0,0,2,0,0,0,0,1,0,0,0,25,13,2,1,-1,0,0,0,good
hockeyprospectus.com/article.php?articleid=1054,47,0,0,2,0,0,0,0,1,0,0,0,32,14,2,1,-1,0,0,0,good
www.fjqgx.com/Images/index.htm?us.battle.net/login/en/?ref=qespxckus.battle.net/d3/en/index&app=com-d3,102,0,0,7,0,0,0,0,2,0,0,1,30,71,5,1,-1,0,0,0,bad
sable.mcgill.ca/~hendren/hockey/,32,0,0,2,0,0,0,0,3,0,0,0,32,0,0,0,-1,0,0,0,good
xyybd80owt.lecopaxpp.net/yvbl888lyd\n4k6bxfnyqp.mobunyfppw.com/index.php?aff=sauwrhq5j7&id=73HQiqaazbO&partner=b6xlm4aoy8,121,0,0,5,0,0,0,0,2,0,0,0,72,48,6,1,-1,0,0,0,bad
thecanadianencyclopedia.com/index.cfm?PgNm=TCE&Params=A1ARTA0005450,67,0,0,2,0,0,0,0,1,0,0,0,37,29,4,1,-1,0,0,0,good
albemarlehistory.org/index.php/Historical_Society/exhibits_detailed/text/javascript,83,0,0,2,0,0,0,0,5,0,0,0,83,0,0,1,-1,0,0,0,good
associatepublisher.com/e/l/li/list_of_supermarkets.htm,54,0,0,2,0,0,0,0,4,0,0,0,54,0,0,1,-1,0,0,0,good
pokerroyalty.com/poker-player/leo-margets/,42,0,0,1,0,0,0,0,3,0,0,0,42,0,0,1,-1,0,0,0,good
songlyrics.com/88-fingers-loui/two-faced-bastard-lyrics/,56,0,0,1,0,0,0,0,3,0,0,0,56,0,0,1,-1,0,0,0,good
priv.gc.ca/aboutUs/eac_e.cfm,28,0,0,3,0,0,0,0,2,0,0,0,28,0,0,0,-1,0,0,0,good
fyyeqradkds.work/upload/_dispatch.php,37,0,0,2,0,0,0,0,2,0,0,0,37,0,0,0,-1,0,0,0,bad
home.neopets.com/templates/homepage.phtml?pet_name=friendz_4_eva1,65,0,0,3,0,0,0,0,2,0,0,0,41,23,2,1,-1,0,0,0,good
mastersgalleryltd.com/artists/william-brymner-r-c-a,51,0,0,1,0,0,0,0,2,0,0,0,51,0,0,1,-1,0,0,0,good
music2nite.blogspot.com/2011/02/misty-copeland-on-tavis-smiley-tonight.html,75,0,0,3,0,0,0,0,3,0,0,0,75,0,0,1,-1,0,0,0,good
roadraceresults.com/display-race-results.php?ferec=4514,55,0,0,2,0,0,0,0,1,0,0,0,44,10,2,1,-1,0,0,0,good
juggle.com/stathis-giallelis,28,0,0,1,0,0,0,0,1,0,0,0,28,0,0,1,-1,0,0,0,good
123people.com/s/hector+leblanc,30,0,0,1,0,0,0,0,2,0,0,0,30,0,0,1,-1,0,0,0,good
www.ezwebdesign.com/flash.html,30,0,0,3,0,0,0,0,1,0,0,0,30,0,0,1,-1,0,0,0,good
onlineradio2.com/listen/Montreal_SPVM,37,0,0,1,0,0,0,0,2,0,0,0,37,0,0,1,-1,0,0,0,good
flickr.com/photos/kpereira/4257415000/,38,0,0,1,0,0,0,0,4,0,0,0,38,0,0,1,-1,0,0,0,good
glabratarootlike.buyingtickets.org/vnlh5oxd45.php\nxhamster-video.com/top/ads.html?contentid=9532,97,0,0,5,0,0,0,0,3,0,0,0,82,14,2,1,-1,0,0,0,bad
fluchinfos.com/manageaccounts&jsupein=europ_land&and=349034902hjks138934j7q5abh8Trgzwn2-serv-Einloggen&sessions&jseuropfindreupdat&&serv/metacc=deload-88244081/websrc.php?session.start,184,0,0,3,0,0,0,0,3,0,0,1,170,13,10,1,-1,0,0,0,bad
6dtxgqam4crv6rr6.tor2web.org/,29,0,0,2,0,0,0,0,1,0,0,0,29,0,0,1,-1,0,0,0,bad
www.salemtravelsagency.com/images/2/cp.php?letter=login,55,0,0,3,0,0,0,0,3,0,0,1,42,12,2,1,-1,0,0,0,bad
wheresbest.co.uk/loc-search/gc/153/,35,0,0,2,0,0,0,0,4,0,0,0,35,0,0,0,-1,0,0,0,good
bodysnatched.tumblr.com/,24,0,0,2,0,0,0,0,1,0,0,0,24,0,0,1,-1,0,0,0,good
www.blnz.com/xt/index.html,26,0,0,3,0,0,0,0,2,0,0,0,26,0,0,1,-1,0,0,0,good
webmail.mhcable.com/secure/www.paypal.com/websc-loading.php?go=_login_success&amp;_session=828410b43e87dbff3be92be45de4a2cff2af5ba6a943b1b4642d3669ab1db394,155,0,0,5,0,0,0,0,3,0,0,1,59,95,4,1,-1,0,0,0,bad
drawnandquarterly.com/artStudio.php?artist=a3dff7dd52e65a,57,0,0,2,0,0,0,0,1,0,0,0,35,21,2,1,-1,0,0,0,good
imdb.com/title/tt0842926/combined,33,0,0,1,0,0,0,0,3,0,0,0,33,0,0,1,-1,0,0,0,good
imdb.com/name/nm0731586/,24,0,0,1,0,0,0,0,3,0,0,0,24,0,0,1,-1,0,0,0,good
thesnaponline.com/lifestylessection/x1199046996/Mr-and-Mrs-Ronald-Glenn-Couick,78,0,0,1,0,0,0,0,3,0,0,0,78,0,0,1,-1,0,0,0,good
pipl.com/directory/people/Joseph/Bourassa,41,0,0,1,0,0,0,0,4,0,0,0,41,0,0,1,-1,0,0,0,good
roguewavemusic.com/music/,25,0,0,1,0,0,0,0,2,0,0,0,25,0,0,1,-1,0,0,0,good
amtrakschedule.com/amtraksacramentoschedule/,44,0,0,1,0,0,0,0,2,0,0,0,44,0,0,1,-1,0,0,0,good
helloguysqq.su/85.exe,21,0,0,2,0,0,0,0,1,0,0,0,21,0,0,0,-1,0,0,0,bad
www.springer.com/computer/programming/book/978-1-85233-276-1,60,0,0,2,0,0,0,0,4,0,0,0,60,0,0,1,-1,0,0,0,good
competitionyachts.com/,22,0,0,1,0,0,0,0,1,0,0,0,22,0,0,1,-1,0,0,0,good
linkedin.com/pub/dir/thomas/brault,34,0,0,1,0,0,0,0,4,0,0,0,34,0,0,1,-1,0,0,0,good
uclouvain.be/benoit.macq,24,0,0,2,0,0,0,0,1,0,0,0,24,0,0,0,-1,0,0,0,good
eacs.k12.in.us/nhs/,19,0,0,3,0,0,0,0,2,0,0,0,19,0,0,0,-1,0,0,0,good
linkedin.com/company/ivanho-cambridge,37,0,0,1,0,0,0,0,2,0,0,0,37,0,0,1,-1,0,0,0,good
filmcritic.com/reviews/2010/fair-game/,38,0,0,1,0,0,0,0,4,0,0,0,38,0,0,1,-1,0,0,0,good
research.archives.gov/accesswebapp/faces/showDetail?file=Series_595318.xml&loc=118,82,0,0,3,0,0,0,0,3,0,0,0,51,30,4,0,-1,0,0,0,good
oftotbuly.ru/zapoy/gate.php,27,0,0,2,0,0,0,0,2,0,0,0,27,0,0,0,-1,0,0,0,bad
forums.sgclub.com/singapore/can_anyone_post_214423.html,55,0,0,3,0,0,0,0,2,0,0,0,55,0,0,1,-1,0,0,0,good
legacy.com/obituaries/houstonchronicle/obituary.aspx?n=william-garwood&pid=152559076,84,0,0,2,0,0,0,0,3,0,0,0,52,31,4,1,-1,0,0,0,good
gamehouse.com/action-games/,27,0,0,1,0,0,0,0,2,0,0,0,27,0,0,1,-1,0,0,0,good
break2theborder.com/,20,0,0,1,0,0,0,0,1,0,0,0,20,0,0,1,-1,0,0,0,good
mulich.in/trg/images/securehttps/c23d76e3d5bcf441ea57e3a35db2c862/,66,0,0,1,0,0,0,0,5,0,0,1,66,0,0,0,-1,0,0,0,bad
universitysport.ca/e/members/alpha.cfm,38,0,0,2,0,0,0,0,3,0,0,0,38,0,0,0,-1,0,0,0,good
healthcarestock.net/sheets/Dropbox/Document/,44,0,0,1,0,0,0,0,4,0,0,0,44,0,0,1,-1,0,0,0,bad
duckduckgo.com/1/c/Canadian_poets,33,0,0,1,0,0,0,0,3,0,0,0,33,0,0,1,-1,0,0,0,good
fantasysp.com/nhl_player_news/Matthew_Lombardi/,47,0,0,1,0,0,0,0,3,0,0,0,47,0,0,1,-1,0,0,0,good
jimbooks.com/hb.htm,19,0,0,2,0,0,0,0,1,0,0,0,19,0,0,1,-1,0,0,0,good
galileo.phys.virginia.edu/classes/551.jvn.fall01/home.html,58,0,0,6,0,0,0,0,3,0,0,0,58,0,0,0,-1,0,0,0,good
atlantaautoinjuryattorneys.com/nato/gmail.htm,45,0,0,2,0,0,0,0,2,0,0,0,45,0,0,1,-1,0,0,0,bad
faqs.org/people-search/bordeleau/,33,0,0,1,0,0,0,0,3,0,0,0,33,0,0,1,-1,0,0,0,good
gradesaver.com/the-outsiders/study-guide/section10/,51,0,0,1,0,0,0,0,4,0,0,0,51,0,0,1,-1,0,0,0,good
en.wikipedia.org/wiki/Luc_Lafortune,35,0,0,2,0,0,0,0,2,0,0,0,35,0,0,1,-1,0,0,0,good
kansascity.royals.mlb.com/team/draft.jsp?c_id=kc&year=2011,58,0,0,4,0,0,0,0,2,0,0,0,40,17,4,1,-1,0,0,0,good
kovac-trade.com/hfvg623,23,0,0,1,0,0,0,0,1,0,0,0,23,0,0,1,-1,0,0,0,bad
r3z4prof.me/2011/02/single-%E3%83%86%E3%82%B4%E3%83%9E%E3%82%B9tegomass-%E9%9D%92%E3%81%84%E3%83%99%E3%83%B3%E3%83%81aoi-bench-2011-02-16/,138,0,0,1,0,0,0,0,4,0,0,0,138,0,27,0,-1,0,0,0,good
kllcadvertising.com/,20,0,0,1,0,0,0,0,1,0,0,0,20,0,0,1,-1,0,0,0,good
huffingtonpost.ca/kevin-oleary,30,0,0,1,0,0,0,0,1,0,0,0,30,0,0,0,-1,0,0,0,good
pbritt.com/,11,0,0,1,0,0,0,0,1,0,0,0,11,0,0,1,-1,0,0,0,good
www.mindprod.com/products.html#ABUNDANCE,40,0,0,3,0,0,0,0,1,0,0,0,30,0,0,1,-1,0,0,0,good
screenjunkies.com/movies/genres-movies/drama/10-best-period-drama-films/,72,0,0,1,0,0,0,0,5,0,0,0,72,0,0,1,-1,0,0,0,good
business.kellysearch.com/,25,0,0,2,0,0,0,0,1,0,0,0,25,0,0,1,-1,0,0,0,good
cokealong.com/2ylfay,20,0,0,1,0,0,0,0,1,0,0,0,20,0,0,1,-1,0,0,0,bad
travelingluck.com/Europe/Slovenia/Sevnica/_3190949_Ob%C4%8Dina+Sevnica.html,75,0,0,2,0,0,0,0,4,0,0,0,75,0,2,1,-1,0,0,0,good
www.asideal.com/js/?us.battle.net/login/en/?ref=us.battle.net/d3/en/index&amp;app=com-d3,88,0,0,6,0,0,0,0,2,0,0,1,19,68,5,1,-1,0,0,0,bad
ergsgsfggfdfgffg.4ove.com/loginsuccess.htm,42,0,0,3,0,0,0,0,1,0,0,1,42,0,0,1,-1,0,0,0,bad
chateauencouleur.com/,21,0,0,1,0,0,0,0,1,0,0,0,21,0,0,1,-1,0,0,0,good
ndp.ca/,7,0,0,1,0,0,0,0,1,0,0,0,7,0,0,0,-1,0,0,0,good
www.pererikolsen.se/wp-admin/user/embarqmail.com.html,53,0,0,4,0,0,0,0,3,0,0,0,53,0,0,1,-1,0,0,0,bad
slideshare.net/pixiejen/Quantum-Entanglement,44,0,0,1,0,0,0,0,2,0,0,0,44,0,0,1,-1,0,0,0,good
sikkgroup.com/images/saintseia/,31,0,0,1,0,0,0,0,3,0,0,0,31,0,0,1,-1,0,0,0,bad
garybruce.bandcamp.com/,23,0,0,2,0,0,0,0,1,0,0,0,23,0,0,1,-1,0,0,0,good
businesswire.com/news/home/20110504005512/en/Warner-Bros.-Interactive-Entertainment-Announces-Sesame-Street,107,0,0,2,0,0,0,0,5,0,0,0,107,0,0,1,-1,0,0,0,good
www.laventa.com.do/dynamic_data/lib/gd/thumb/Nord.html,54,0,0,4,0,0,0,0,5,0,0,0,54,0,0,1,-1,0,0,0,bad
northwestindianarealestateblog.com/post/1874494/nw-indiana-home-buyers-consider-a-fha-203k-loan-rather-than-cross-that-home-off-your-short-list-,144,0,0,1,0,0,0,0,3,0,0,0,144,0,0,1,-1,0,0,0,good
senzai.nobu-naga.net/2jv74,26,0,0,2,0,0,0,0,1,0,0,0,26,0,0,1,-1,0,0,0,bad
askart.com/askart/b/john_bellsmith/john_bellsmith.aspx,54,0,0,2,0,0,0,0,4,0,0,0,54,0,0,1,-1,0,0,0,good
123people.com/s/robert+errey,28,0,0,1,0,0,0,0,2,0,0,0,28,0,0,1,-1,0,0,0,good
mortgageeducationmadesimple.com/amstrad/sasha.htm,49,0,0,2,0,0,0,0,2,0,0,0,49,0,0,1,-1,0,0,0,bad
www.galeon.com/hungaro,22,0,0,2,0,0,0,0,1,0,0,0,22,0,0,1,-1,0,0,0,good
lhabbol.rel7.com/,17,0,0,2,0,0,0,0,1,0,0,0,17,0,0,1,-1,0,0,0,bad
hollywood.com/celebrity/192229/Alexandra_Stewart,48,0,0,1,0,0,0,0,3,0,0,0,48,0,0,1,-1,0,0,0,good
users.swing.be/atari/joystick.html,34,0,0,3,0,0,0,0,2,0,0,0,34,0,0,0,-1,0,0,0,good
answers.yahoo.com/question/index?qid=20060929020024AA73lD7,58,0,0,2,0,0,0,0,2,0,0,0,32,25,2,1,-1,0,0,0,good
appraiserusa.com/county/Search-Minnesota-Cook.htm,49,0,0,2,0,0,0,0,2,0,0,0,49,0,0,1,-1,0,0,0,good
manta.com/c/mthcg6g/kisq,24,0,0,1,0,0,0,0,3,0,0,0,24,0,0,1,-1,0,0,0,good
upi.com/Entertainment_News/Music/2011/02/15/Rapper-Bad-News-Brown-killed-in-Montreal/UPI-39301297746786/,104,0,0,1,0,0,0,0,8,0,0,0,104,0,0,1,-1,0,0,0,good
amazon.com/Broken-Bells/dp/B003E88OY4,37,0,0,1,0,0,0,0,3,0,0,0,37,0,0,1,-1,0,0,0,good
espn.go.com/mma/fighter/_/id/733/miguel-torres,46,0,0,2,0,0,0,0,6,0,0,0,46,0,0,1,-1,0,0,0,good
breakingnews.com/item/ahBicmVha2luZ25ld3Mtd3d3cg0LEgRTZWVkGOfPrwUM/2011/11/12/oakland-calif-police-handing-out-eviction-notices-at-occupy-oakland-encampment-nbc-news,165,0,0,1,0,0,0,0,6,0,0,0,165,0,0,1,-1,0,0,0,good
lyricsmode.com/lyrics/k/kill_hannah/intro_until_theres_nothing_left_of_us.html,78,0,0,2,0,0,0,0,4,0,0,0,78,0,0,1,-1,0,0,0,good
bollywoodhungama.com/news/2008/06/12/11550/index.html,53,0,0,2,0,0,0,0,6,0,0,0,53,0,0,1,-1,0,0,0,good
rottentomatoes.com/m/pirate_radio/,34,0,0,1,0,0,0,0,3,0,0,0,34,0,0,1,-1,0,0,0,good
users.atw.hu/newmail/index.html,31,0,0,3,0,0,0,0,2,0,0,0,31,0,0,0,-1,0,0,0,bad
tv.msn.com/tv/series-cast-and-crew/home-improvement/?tvcact=2,61,0,0,2,0,0,0,0,4,0,0,0,52,8,2,1,-1,0,0,0,good
literatureproject.com/tom-sawyer/index.htm,42,0,0,2,0,0,0,0,2,0,0,0,42,0,0,1,-1,0,0,0,good
wallpapers.photo4everyone.com/Emmanuelle-Chriqui/,49,0,0,2,0,0,0,0,2,0,0,0,49,0,0,1,-1,0,0,0,good
www.hometowncu.coop/ASP/home.asp,32,0,0,3,0,0,0,0,2,0,0,0,32,0,0,0,-1,0,0,0,good
rockridgelittleschool.com/,26,0,0,1,0,0,0,0,1,0,0,0,26,0,0,1,-1,0,0,0,good
evri.com/person/wesley-reid-scantlin-0x2240b,44,0,0,1,0,0,0,0,2,0,0,0,44,0,0,1,-1,0,0,0,good
98.209.75.164/img2212.png,25,1,0,4,0,0,0,0,1,0,0,0,25,0,0,0,-1,0,0,0,bad
hamptonpress.com/Merchant2/merchant.mvc?Screen=PROD&Product_Code=978-1-57273-966-6,82,0,0,2,0,0,0,0,2,0,0,0,39,42,4,1,-1,0,0,0,good
skyscrapercity.com/showthread.php?t=451101&page=148,51,0,0,2,0,0,0,0,1,0,0,0,33,17,4,1,-1,0,0,0,good
baxigroup.work,14,0,0,1,0,0,0,0,0,0,0,0,14,0,0,0,-1,0,0,0,bad
un.org/sg/senstaff_details.asp?smgID=2,38,0,0,2,0,0,0,0,2,0,0,0,30,7,2,1,-1,0,0,0,good
veganvet.net/west-los-angeles-veterinary-practice/,50,0,0,1,0,0,0,0,2,0,0,0,50,0,0,1,-1,0,0,0,bad
paradisesquarefilms.com/,24,0,0,1,0,0,0,0,1,0,0,0,24,0,0,1,-1,0,0,0,good
thegoodtutor.com.au/,20,0,0,2,0,0,0,0,1,0,0,0,20,0,0,1,-1,0,0,0,good
en.wikipedia.org/wiki/Le_V%C3%A9sinet,37,0,0,2,0,0,0,0,2,0,0,0,37,0,2,1,-1,0,0,0,good
completedesire.com/,19,0,0,1,0,0,0,0,1,0,0,0,19,0,0,1,-1,0,0,0,good
en.wikipedia.org/wiki/Hugh_Roy_Cullen,37,0,0,2,0,0,0,0,2,0,0,0,37,0,0,1,-1,0,0,0,good
lawyers.justia.com/lawyer/joseph-j-wiseman-77252,48,0,0,2,0,0,0,0,2,0,0,0,48,0,0,1,-1,0,0,0,good
philkearny.vcn.com/,19,0,0,2,0,0,0,0,1,0,0,0,19,0,0,1,-1,0,0,0,good
chacha.com/question/what-are-the-four-steps-of-4-steps-of-speciation,68,0,0,1,0,0,0,0,2,0,0,0,68,0,0,1,-1,0,0,0,good
adventiaingenieria.es/222,25,0,0,1,0,0,0,0,1,0,0,0,25,0,0,0,-1,0,0,0,bad
travelingluck.com/Europe/Croatia/Zagreba%c4%8dka/_3202846_Terme%20%c4%8cate%c5%be.html%23themap,95,0,0,2,0,0,0,0,4,0,0,0,95,0,8,1,-1,0,0,0,good
leshrestaurant.com/gallery/weIIs/fitshed/Fargo$$/VerFied/processed/c171c038ba5b271bc3394ab9246b97bc,99,0,0,1,0,0,0,0,7,0,0,0,99,0,0,1,-1,0,0,0,bad
5.9.253.176/upd/16/,19,1,0,3,0,0,0,0,3,0,0,0,19,0,0,0,-1,0,0,0,bad
aggelona.gr/wp-content/ww/w/w/w/dropbx.php,42,0,0,2,0,0,0,0,6,0,0,0,42,0,0,0,-1,0,0,0,bad
www.asahi-net.or.jp/~qn6o-mrtm/ds2new/index_en.htm,50,0,0,4,0,0,0,0,3,0,0,0,50,0,0,0,-1,0,0,0,good
torchiacom.com/media/indy/05102002.html,39,0,0,2,0,0,0,0,3,0,0,0,39,0,0,1,-1,0,0,0,good
amazon.com/Ernest-Goes-School-VHS-Varney/dp/630326185X,54,0,0,1,0,0,0,0,3,0,0,0,54,0,0,1,-1,0,0,0,good
stephenbrammer.wordpress.com/tag/waste/,39,0,0,2,0,0,0,0,3,0,0,0,39,0,0,1,-1,0,0,0,good
answers.yahoo.com/question/index?qid=20080321071950AAJYLIe,58,0,0,2,0,0,0,0,2,0,0,0,32,25,2,1,-1,0,0,0,good
gongotree.com/teun/,19,0,0,1,0,0,0,0,2,0,0,0,19,0,0,1,-1,0,0,0,bad
picktorrent.com/download/81/3867557/erik-mongrain---2-cds/,58,0,0,1,0,0,0,0,5,0,0,0,58,0,0,1,-1,0,0,0,good
kfdm.com/sports/athletic-32539-lamar-basketball.html,52,0,0,2,0,0,0,0,2,0,0,0,52,0,0,1,-1,0,0,0,good
youtube.com/watch?v=-nJn48pWQZ8,31,0,0,1,0,0,0,0,1,0,0,0,17,13,2,1,-1,0,0,0,good
nicepickcowher.com/2011/06/27/2010-pittsburgh-steelers-season-in-review-week-11-vs-oakland-raiders/,99,0,0,1,0,0,0,0,5,0,0,0,99,0,0,1,-1,0,0,0,good
testsnetcontrol.com/,20,0,0,1,0,0,0,0,1,0,0,0,20,0,0,1,-1,0,0,0,bad
www.eventhelix.com/RealtimeMantra/Telecom/,42,0,0,2,0,0,0,0,3,0,0,0,42,0,0,1,-1,0,0,0,good
diamariscreatejoy.com/update/dropbox/80b3aa59a8e27d479fc1bc6356d323d8/,70,0,0,1,0,0,0,0,4,0,0,1,70,0,0,1,-1,0,0,0,bad
gossipteen.com/2011/09/19/live-chat-with-tyler-blackburn-from-pretty-little-liars/,82,0,0,1,0,0,0,0,5,0,0,0,82,0,0,1,-1,0,0,0,good
www.ankaranakliyatambarlari.com/asas/empty/xprvdps/group/untittled/recent/alpha/adzones,87,0,0,2,0,0,0,0,8,0,0,0,87,0,0,1,-1,0,0,0,bad
habbocreditcreators.weebly.com/,31,0,0,2,0,0,0,0,1,0,0,0,31,0,0,1,-1,0,0,0,bad
mmanews.com/news/85355,22,0,0,1,0,0,0,0,2,0,0,0,22,0,0,1,-1,0,0,0,good
history.nasa.gov/sputnik/,25,0,0,2,0,0,0,0,2,0,0,0,25,0,0,0,-1,0,0,0,good
homepages.rootsweb.ancestry.com/~capstick/g0000016.htm,54,0,0,4,0,0,0,0,2,0,0,0,54,0,0,1,-1,0,0,0,good
gametrailers.com/video/e3-2011-electronic-arts/715158,53,0,0,1,0,0,0,0,3,0,0,0,53,0,0,1,-1,0,0,0,good
indiewire.com/article/thomas_balmes_on_his_babies,49,0,0,1,0,0,0,0,2,0,0,0,49,0,0,1,-1,0,0,0,good
amazon.com/Distant-Mirror-Calamitous-14th-Century/product-reviews/0345349571,76,0,0,1,0,0,0,0,3,0,0,0,76,0,0,1,-1,0,0,0,good
visionaero.com/9grdv,20,0,0,1,0,0,0,0,1,0,0,0,20,0,0,1,-1,0,0,0,bad
agrimonia.info/,15,0,0,1,0,0,0,0,1,0,0,0,15,0,0,1,-1,0,0,0,good
dailyutahchronicle.com/category/sports/gymnastics/,50,0,0,1,0,0,0,0,4,0,0,0,50,0,0,1,-1,0,0,0,good
blockbuster.com/browse/movieGenres/familyKids.fullList?filterName=YearFilter&filterParam=2002,93,0,0,2,0,0,0,0,3,0,0,0,54,38,4,1,-1,0,0,0,good
xei.asia/secure.paypal.com.us.cgi-bin.webscr_auto=_login-submit&amp;dispatch_a=5885d80a13c0db1f8e263663d3faee8d7283e7f0184a5674430f290db9e9c846/,144,0,0,6,0,0,0,0,2,0,0,1,144,0,3,1,-1,0,0,0,bad
www.onlinesaleuggsboots.com/page/index.php,42,0,0,3,0,0,0,0,2,0,0,0,42,0,0,1,-1,0,0,0,bad
homestudiosolutions.com/errors/default/cs/auu/93a7fe70459ecf99be6139d2d0b5d6f5/,79,0,0,1,0,0,0,0,6,0,0,0,79,0,0,1,-1,0,0,0,bad
nwda-db.wsulibs.wsu.edu/print/ark:/80444/xv40124,48,0,0,3,0,0,0,0,4,0,0,0,48,0,0,0,-1,0,0,0,good
groups.yahoo.com/group/PRparaTODOS/messages/1548?xm=1&m=e&l=1,61,0,0,2,0,0,0,0,4,0,0,0,48,12,6,1,-1,0,0,0,good
ourbis.ca/239497-tapis-larocque-mario-inc-saint-hyacinthe,57,0,0,1,0,0,0,0,1,0,0,0,57,0,0,0,-1,0,0,0,good
hoovers.com/company/ACE_Aviation_Holdings_Inc/hcrtti-1.html?PAGE=1,66,0,0,2,0,0,0,0,3,0,0,0,59,6,2,1,-1,0,0,0,good
www.nevadacpa.org/gaming.php,28,0,0,3,0,0,0,0,1,0,0,0,28,0,0,1,-1,0,0,0,good
inspectmybuilding.com.au/we/,28,0,0,2,0,0,0,0,2,0,0,0,28,0,0,1,-1,0,0,0,bad
blockbuster.com/catalog/all/persons/o,37,0,0,1,0,0,0,0,4,0,0,0,37,0,0,1,-1,0,0,0,good
jgop.org/a,10,0,0,1,0,0,0,0,1,0,0,0,10,0,0,1,-1,0,0,0,bad
customaniacs.org/forum/dluppers-covers/66812-deadgirl.html,58,0,0,2,0,0,0,0,3,0,0,0,58,0,0,1,-1,0,0,0,good
steve-yegge.blogspot.com/2008/09/programmings-dirtiest-little-secret.html,73,0,0,3,0,0,0,0,3,0,0,0,73,0,0,1,-1,0,0,0,good
idphotography.com.au/joycevandijk/,34,0,0,2,0,0,0,0,2,0,0,0,34,0,0,1,-1,0,0,0,good
fichufilms.com/wst_page4.html,29,0,0,2,0,0,0,0,1,0,0,0,29,0,0,1,-1,0,0,0,good
elisemacpherson.com/eliseprojects_jebs.html,43,0,0,2,0,0,0,0,1,0,0,0,43,0,0,1,-1,0,0,0,good
ninthclub.com/Work/new/index.php?-,34,0,0,2,0,0,0,0,3,0,0,0,32,1,1,1,-1,0,0,0,bad
liveauctioneers.com/item/5168953,32,0,0,1,0,0,0,0,2,0,0,0,32,0,0,1,-1,0,0,0,good
amazon.com/Werner-Erhard-Transformation-Man-Founding/dp/0517535025,66,0,0,1,0,0,0,0,3,0,0,0,66,0,0,1,-1,0,0,0,good
en.wikipedia.org/wiki/Location_(geography),42,0,0,2,0,0,0,0,2,0,0,0,42,0,0,1,-1,0,0,0,good
photos.lucywho.com/ursula-thiess-photos-t29703.html,51,0,0,3,0,0,0,0,1,0,0,0,51,0,0,1,-1,0,0,0,good
gayinterestfilms.blogspot.com/2009/01/close-to-leo-tount-contre-lo-2002.html,76,0,0,3,0,0,0,0,3,0,0,0,76,0,0,1,-1,0,0,0,good
reunion.com/donnasingleton/,27,0,0,1,0,0,0,0,2,0,0,0,27,0,0,1,-1,0,0,0,good
en.wikipedia.org/wiki/Britten-Norman_Trislander,47,0,0,2,0,0,0,0,2,0,0,0,47,0,0,1,-1,0,0,0,good
ghosttowns.com/states/nv/goldhill.html,38,0,0,2,0,0,0,0,3,0,0,0,38,0,0,1,-1,0,0,0,good
blog.fathersforlife.org/2008/12/06/gamil-gharbi-aka-marc-lepine-and-propaganda/print/,85,0,0,2,0,0,0,0,6,0,0,0,85,0,0,1,-1,0,0,0,good
freakonomics.com/2011/06/01/jonathan-levin-the-most-recent-john-bates-clark-medal-winner/,89,0,0,1,0,0,0,0,5,0,0,0,89,0,0,1,-1,0,0,0,good
paypal.com.cy.cgi.bin.webscr.cmd.login.f14de58cef.welcompak.com/paypal-fr/034b8bcd40193bcb62bb7e9fb338fb42/,107,0,0,10,0,0,0,0,3,0,0,1,107,0,0,1,-1,0,0,0,bad
ca.linkedin.com/pub/pat-burns-crm/9/535/94a,43,0,0,2,0,0,0,0,5,0,0,0,43,0,0,1,-1,0,0,0,good
code.google.com/apis/chart/image/docs/gallery/pie_charts.html,61,0,0,3,0,0,0,0,6,0,0,0,61,0,0,1,-1,0,0,0,good
217.12.59.234/fra22.png,23,1,0,4,0,0,0,0,1,0,0,0,23,0,0,0,-1,0,0,0,bad
smalleyenergy.com/,18,0,0,1,0,0,0,0,1,0,0,0,18,0,0,1,-1,0,0,0,good
download32.com/uninstall-surf-canyon-software.html,50,0,0,2,0,0,0,0,1,0,0,0,50,0,0,1,-1,0,0,0,good
youtube.com/watch?v=NKV6aSHoJbc,31,0,0,1,0,0,0,0,1,0,0,0,17,13,2,1,-1,0,0,0,good
thefutoncritic.com/interviews/2010/12/13/interview-hawaii-five-0s-daniel-dae-kim-and-peter-m-lenkov-475404/20101213_hawaiifive0/,128,0,0,1,0,0,0,0,7,0,0,0,128,0,0,1,-1,0,0,0,good
harmonyemployment.com/,22,0,0,1,0,0,0,0,1,0,0,0,22,0,0,1,-1,0,0,0,good
grupomissael.com/En/wp-includes/js/hotmail/hotmail/,51,0,0,1,0,0,0,0,6,0,0,0,51,0,0,1,-1,0,0,0,bad
d4fsw.freehostingx.com/,23,0,0,2,0,0,0,0,1,0,0,0,23,0,0,1,-1,0,0,0,bad
ca.linkedin.com/pub/nadine-gray/5/4A4/A89,41,0,0,2,0,0,0,0,5,0,0,0,41,0,0,1,-1,0,0,0,good
kpybuhnosdrm.in/main.php,24,0,0,2,0,0,0,0,1,0,0,0,24,0,0,0,-1,0,0,0,bad
last.fm/music/Street+to+Nowhere,31,0,0,1,0,0,0,0,2,0,0,0,31,0,0,0,-1,0,0,0,good
aandgtrading.com/category_images/k2/source/bookmark/ii.php?rand=13InboxLightaspxn.1774256418&amp;fid.4.1252899642&amp;fid=1&amp;fav.1&amp;rand.13InboxLight.aspxn.1774256418&amp;fid.1252899642&amp;fid.1&amp;fav.1&amp;email=&amp;.rand=13InboxLight.aspx?n=1774256418&amp;fid=4,273,0,0,14,0,0,0,0,5,0,0,0,58,214,18,1,-1,0,0,0,bad
onlinedebtbusiness.com/,23,0,0,1,0,0,0,0,1,0,0,0,23,0,0,1,-1,0,0,0,good
answers.com/topic/dead-presidents,33,0,0,1,0,0,0,0,2,0,0,0,33,0,0,1,-1,0,0,0,good
tallhoody.com/wp-includes/pomo/idx.php?id=,42,0,0,2,0,0,0,0,3,0,0,0,38,3,2,1,-1,0,0,0,bad
arstechnica.com/open-source/news/2009/01/g1g1-failure-and-reduced-sponsorship-behind-the-olpc-layoffs.ars,105,0,0,2,0,0,0,0,5,0,0,0,105,0,0,1,-1,0,0,0,good
abroadplanet.com/scholarships/harry-frank-guggenheim-dissertation-fellowship/,77,0,0,1,0,0,0,0,3,0,0,0,77,0,0,1,-1,0,0,0,good
bradfordmdschoolsfa.co.uk/Chapter2.htm,38,0,0,3,0,0,0,0,1,0,0,0,38,0,0,0,-1,0,0,0,good
youtube.com/watch?v=t_G_Os8fVtU,31,0,0,1,0,0,0,0,1,0,0,0,17,13,2,1,-1,0,0,0,good
counter-strlke.esy.es/panel/admin.php,37,0,0,3,0,0,0,0,2,0,0,0,37,0,0,0,-1,0,0,0,bad
tools.ietf.org/html/rfc1014,27,0,0,2,0,0,0,0,2,0,0,0,27,0,0,1,-1,0,0,0,good
fandango.com/tommyrall/biography/p58568,39,0,0,1,0,0,0,0,3,0,0,0,39,0,0,1,-1,0,0,0,good
imdb.com/name/nm0000760/,24,0,0,1,0,0,0,0,3,0,0,0,24,0,0,1,-1,0,0,0,good
tlntv.com/channels.aspx,23,0,0,2,0,0,0,0,1,0,0,0,23,0,0,1,-1,0,0,0,good
bahnweg.home.comcast.net,24,0,0,3,0,0,0,0,0,0,0,0,24,0,0,1,-1,0,0,0,bad
extremszenariopyramide.pardoseniorpublicadjusters.com/forums/viewforum.php?f=6gd3&amp;sid=e61f480c3a5b932,105,0,0,3,0,0,0,0,2,0,0,0,74,30,4,1,-1,0,0,0,bad
genforum.genealogy.com/cyr/messages/1845.html,45,0,0,3,0,0,0,0,3,0,0,0,45,0,0,1,-1,0,0,0,good
fanbase.com/Denver-Pioneers-Mens-Ice-Hockey-1976-77/roster,58,0,0,1,0,0,0,0,2,0,0,0,58,0,0,1,-1,0,0,0,good
theseniorreports.com/naia.htm,29,0,0,2,0,0,0,0,1,0,0,0,29,0,0,1,-1,0,0,0,good
www.ibm.com/developerworks/opensource/library/os-php-zend1/,59,0,0,2,0,0,0,0,5,0,0,0,59,0,0,1,-1,0,0,0,good
hennbios.tripod.com/surnamea.htm,32,0,0,3,0,0,0,0,1,0,0,0,32,0,0,1,-1,0,0,0,good
hellomagazine.com/royalty/,26,0,0,1,0,0,0,0,2,0,0,0,26,0,0,1,-1,0,0,0,good
webmail.mhcable.com/secure/www.paypal.com/websc-login.php?Go=_Restore_Start&amp;_Acess_Tooken=a73bc00dc8bc2700e97f2b2e5316f918a73bc00dc8bc2700e97f2b2e5316f918,158,0,0,5,0,0,0,0,3,0,0,1,57,100,4,1,-1,0,0,0,bad
hockeydb.com/vb/printthread.php?t=16139&pp=40&page=4,52,0,0,2,0,0,0,0,2,0,0,0,31,20,6,1,-1,0,0,0,good
xpertwebinfotech.com/config/,28,0,0,1,0,0,0,0,2,0,0,0,28,0,0,1,-1,0,0,0,bad
recordsyoullwanttoown.com/,26,0,0,1,0,0,0,0,1,0,0,0,26,0,0,1,-1,0,0,0,good
hdsterlingdpm.com/images/index.html,35,0,0,2,0,0,0,0,2,0,0,0,35,0,0,1,-1,0,0,0,bad
betwer.com/t21j21t,18,0,0,1,0,0,0,0,1,0,0,0,18,0,0,1,-1,0,0,0,bad
namesdatabase.com/schools/US/OH/Lima/Bath%20High%20School,57,0,0,1,0,0,0,0,5,0,0,0,57,0,2,1,-1,0,0,0,good
'www.bjzjg.com/js/?us.battle.net/login/en/?ref=http\%3A\%2F\%2Fwwqdbxeus.battle.net\%2Fd3\%2Fen\%2Findex&amp;app=com-d3',120,0,0,6,0,0,0,0,2,0,0,1,18,101,11,1,-1,0,0,0,bad
forum.saxontheweb.net/showthread.php?135399-Concerto-op.-109-Alexander-Glazunov-et-A.-Petiot-(Leduc),100,0,0,5,0,0,0,0,1,0,0,0,36,63,1,1,-1,0,0,0,good
www.sevkon.net/js?app=3d3dcom-d3&us.battle.net/login/en/?re,59,0,0,4,0,0,0,0,1,0,0,1,17,41,4,1,-1,0,0,0,bad
dailymotion.com/video/x37bu7_rui-da-silva-touch-me_music,56,0,0,1,0,0,0,0,2,0,0,0,56,0,0,1,-1,0,0,0,good
mp3bear.com/lovehatehero-a-last-farewell,40,0,0,1,0,0,0,0,1,0,0,0,40,0,0,1,-1,0,0,0,good
iowareferees.org/pages/content.php?page=IAREFS_HONORROLL&section=default,72,0,0,2,0,0,0,0,2,0,0,0,34,37,4,1,-1,0,0,0,good
fallout.wikia.com/wiki/New_Plague,33,0,0,2,0,0,0,0,2,0,0,0,33,0,0,1,-1,0,0,0,good
jewell.edu/william_jewell/gen/william_and_jewell_generated_pages/Mens_Basketball_Drops_Heartbreaker_at_National_Tournament_p6761.html,133,0,0,2,0,0,0,0,4,0,0,0,133,0,0,0,-1,0,0,0,good
www.smashingmagazine.com/2009/07/06/html-5-cheat-sheet-pdf/,59,0,0,2,0,0,0,0,5,0,0,0,59,0,0,1,-1,0,0,0,good
oliviplankssc.com/aqwxs/wllxzccc/111/verification.php,53,0,0,2,0,0,0,0,4,0,0,0,53,0,0,1,-1,0,0,0,bad
citytowninfo.com/school-profiles/pinnacle-career-institute,58,0,0,1,0,0,0,0,2,0,0,0,58,0,0,1,-1,0,0,0,good
funnymanbobsimpson.com/,23,0,0,1,0,0,0,0,1,0,0,0,23,0,0,1,-1,0,0,0,good
facebook.com/pages/Dr-Hugh-Ross/108464862518005,47,0,0,1,0,0,0,0,3,0,0,0,47,0,0,1,-1,0,0,0,good
youtube.com/watch?v=5Z-dCsZ8ze8,31,0,0,1,0,0,0,0,1,0,0,0,17,13,2,1,-1,0,0,0,good
canada.com/news/Thank+gone+Clifford+Olson+serial+killer+dead/5484829/story.html,79,0,0,2,0,0,0,0,4,0,0,0,79,0,0,1,-1,0,0,0,good
fandango.com/rodneyeastman/filmography/p21014,45,0,0,1,0,0,0,0,3,0,0,0,45,0,0,1,-1,0,0,0,good
javascriptkit.com/cutpastejava.shtml,36,0,0,2,0,0,0,0,1,0,0,0,36,0,0,1,-1,0,0,0,good
185.65.244.28/getinfo/data.php,30,1,0,4,0,0,0,0,2,0,0,0,30,0,0,0,-1,0,0,0,bad
en.wikipedia.org/wiki/Olivar_Asselin,36,0,0,2,0,0,0,0,2,0,0,0,36,0,0,1,-1,0,0,0,good
jiwang.org/videoclip-asia/13490-kat-tun-queen-pirates-qop-concert-2008-a.html,77,0,0,2,0,0,0,0,2,0,0,0,77,0,0,1,-1,0,0,0,good
www.excel-vba.com/excel-vba-contents.htm,40,0,0,3,0,0,0,0,1,0,0,0,40,0,0,1,-1,0,0,0,good
www.abf-soft.com/cd-blaster.shtml,33,0,0,3,0,0,0,0,1,0,0,0,33,0,0,1,-1,0,0,0,good
ehow.com/how_7514416_set-lower-limits-control-chart.html,56,0,0,2,0,0,0,0,1,0,0,0,56,0,0,1,-1,0,0,0,good
on-water.net/font/dropdamy/dammyphome/dampindex.php,51,0,0,2,0,0,0,0,4,0,0,0,51,0,0,1,-1,0,0,0,bad
sereinem.nuochoare.com/civis/index.php?PHPSESSID=4b175&amp;action=1kcm1n015.007798k5ux373&amp;,94,0,0,4,0,0,0,0,2,0,0,0,38,55,5,1,-1,0,0,0,bad
www.erlang.se/publications/xjobb/0109-naeser.ps.gz,50,0,0,4,0,0,0,0,3,0,0,0,50,0,0,0,-1,0,0,0,good
iutertyqiq.ias3.com/siasia1.html,32,0,0,3,0,0,0,0,1,0,0,0,32,0,0,1,-1,0,0,0,bad
casite-708442.cloudaccess.net/ap_suspected/amz/Updateto0/index.php?errors=1&amp;FullName=1&amp;Address1=1&amp;City=1&amp;State=1&amp;Zip=1&amp;Country=1&amp;Phone=1&amp;AddressTypeq=0,183,0,0,3,0,0,0,0,4,0,0,1,66,116,18,1,-1,0,0,0,bad
ccirsqjwrbcpypvar.ru/checkupdate,32,0,0,1,0,0,0,0,1,0,0,1,32,0,0,0,-1,0,0,0,bad
bxkbjrmtaa.work/data/info.php,29,0,0,2,0,0,0,0,2,0,0,0,29,0,0,0,-1,0,0,0,bad
muinai.com/.www/index.php?wreply=amFjcXVlc0Bzb2x1Y29ycC5xYy5jYQ0,64,0,0,3,0,0,0,0,2,0,0,0,25,38,2,1,-1,0,0,0,bad
ps3.gamespy.com/playstation-3/ratchet-and-clank-ps3/,52,0,0,2,0,0,0,0,3,0,0,0,52,0,0,1,-1,0,0,0,good
exposervices.co.za/mel/,23,0,0,2,0,0,0,0,2,0,0,0,23,0,0,0,-1,0,0,0,bad
upload.voga360.com/mu3/app/20140831/04/1409437823913/boompig.apk,64,0,0,3,0,0,0,0,6,0,0,0,64,0,0,1,-1,0,0,0,bad
zdiaran.sk/,11,0,0,1,0,0,0,0,1,0,0,0,11,0,0,0,-1,0,0,0,bad
lbcharrisburg.com/,18,0,0,1,0,0,0,0,1,0,0,0,18,0,0,1,-1,0,0,0,good
artsboston.org/categories/index/3/411,37,0,0,1,0,0,0,0,4,0,0,0,37,0,0,1,-1,0,0,0,good
cardifftri.net/,15,0,0,1,0,0,0,0,1,0,0,0,15,0,0,1,-1,0,0,0,good
members.virtualtourist.com/m/68d05/18dd0/4/,43,0,0,2,0,0,0,0,5,0,0,0,43,0,0,1,-1,0,0,0,good
flickr.com/photos/joearchitect/4981774570/,42,0,0,1,0,0,0,0,4,0,0,0,42,0,0,1,-1,0,0,0,good
insidesocal.com/prepsports/2011/01/hs-foot-folsom-qb-named-cal-hi.html,70,0,0,2,0,0,0,0,4,0,0,0,70,0,0,1,-1,0,0,0,good
www.tsac.co.uk/javavm/,22,0,0,3,0,0,0,0,2,0,0,0,22,0,0,0,-1,0,0,0,good
www.embedded.com/story/OEG20010919S0041,39,0,0,2,0,0,0,0,2,0,0,0,39,0,0,1,-1,0,0,0,good
themusicalbox.net/,18,0,0,1,0,0,0,0,1,0,0,0,18,0,0,1,-1,0,0,0,good
oscarcruz.pe/File.documentts/Imagedrive.documento/Imagedrive.file/filewordss/,77,0,0,4,0,0,0,0,5,0,0,0,77,0,0,0,-1,0,0,0,bad
faculty.marianopolis.edu/c.belanger/QuebecHistory/encyclopedia/FrederickWilliamErmatinger.htm,93,0,0,4,0,0,0,0,4,0,0,0,93,0,0,0,-1,0,0,0,good
gutenberg.org/files/30914/30914-h/30914-h.htm,45,0,0,2,0,0,0,0,4,0,0,0,45,0,0,1,-1,0,0,0,good
teothemes.com/8g74crec/,23,0,0,1,0,0,0,0,2,0,0,0,23,0,0,1,-1,0,0,0,bad
ronformanformayor.com/web/,26,0,0,1,0,0,0,0,2,0,0,0,26,0,0,1,-1,0,0,0,good
replacementroofingtx.com/doc/2016gdoc/2016gdoc/loader.php,57,0,0,2,0,0,0,0,4,0,0,0,57,0,0,1,-1,0,0,0,bad
kramesh.net/,12,0,0,1,0,0,0,0,1,0,0,0,12,0,0,1,-1,0,0,0,bad
61.147.107.109:8089/mafix.tar.gz,32,1,0,5,0,0,0,0,1,0,0,0,32,0,0,0,-1,0,0,0,bad
en.wikipedia.org/wiki/Fijaci%C3%B3n_Oral_Vol._1,47,0,0,3,0,0,0,0,2,0,0,0,47,0,2,1,-1,0,0,0,good
ecbclfnddamfdddc.cc /,21,0,0,1,0,0,0,0,1,0,0,0,21,0,0,0,-1,0,0,0,bad
nino.aisubeki-aho.net/,22,0,0,2,0,0,0,0,1,0,0,0,22,0,0,1,-1,0,0,0,good
www.peacefire.org/bypass/,25,0,0,2,0,0,0,0,2,0,0,0,25,0,0,1,-1,0,0,0,good
avaxhome.ws/music/jazz/john_patton_mosaic_select_3cd_2003_flac.html,67,0,0,2,0,0,0,0,3,0,0,0,67,0,0,0,-1,0,0,0,good
exclients.i.ng/ono/auth/view/share/index.html,45,0,0,3,0,0,0,0,5,0,0,0,45,0,0,0,-1,0,0,0,bad
sleepstrategies.com/blog/?tag=canadian-sleep-society,52,0,0,1,0,0,0,0,2,0,0,0,25,26,2,1,-1,0,0,0,good
freesource.su/ijugasq1,22,0,0,1,0,0,0,0,1,0,0,0,22,0,0,0,-1,0,0,0,bad
bio.parkwestgallery.com/artists/Lowell-Nesbitt,46,0,0,2,0,0,0,0,2,0,0,0,46,0,0,1,-1,0,0,0,good
nikonimaging.com/global/products/scanner/index.htm,50,0,0,2,0,0,0,0,4,0,0,0,50,0,0,1,-1,0,0,0,good
nbaccbooblbceclf.co.uk /,24,0,0,2,0,0,0,0,1,0,0,0,24,0,0,0,-1,0,0,0,bad
canadashistory.ca/Travel/Storied-Places/National-Historic-Sites.aspx,68,0,0,2,0,0,0,0,3,0,0,0,68,0,0,0,-1,0,0,0,good
myspace.com/henryoden,21,0,0,1,0,0,0,0,1,0,0,0,21,0,0,1,-1,0,0,0,good
snakecatchers.com.au/White_Crowned.html,39,0,0,3,0,0,0,0,1,0,0,0,39,0,0,1,-1,0,0,0,good
itworldcanada.com/news/bell-switches-to-wireless-for-102-underserved-areas/139882,81,0,0,1,0,0,0,0,3,0,0,0,81,0,0,1,-1,0,0,0,good
www.redeemtravelfair.com/stgeorge.htm,37,0,0,3,0,0,0,0,1,0,0,0,37,0,0,1,-1,0,0,0,bad
ucpress.edu/book.php?isbn=9780520232969,39,0,0,2,0,0,0,0,1,0,0,0,20,18,2,0,-1,0,0,0,good
youtube.com/watch?v=TrgqFVwHf-E,31,0,0,1,0,0,0,0,1,0,0,0,17,13,2,1,-1,0,0,0,good
plasamusic.com/mp3/kat_tun_keep_the_faith_instrumental/1/-_kat_tun_keep_the_faith_instrumental_download.html,108,0,0,2,0,0,0,0,4,0,0,0,108,0,0,1,-1,0,0,0,good
www.macintouch.com/rss.xml,26,0,0,3,0,0,0,0,1,0,0,0,26,0,0,1,-1,0,0,0,good
ashlandaging.org/images/cititime/Logon_files/GdriveOther/Gdrive/googledrv/ServiceLogin,86,0,0,1,0,0,0,0,7,0,0,1,86,0,0,1,-1,0,0,0,bad
facebook.com/pages/Jonathan-Beaulieu-Bourgault/108925235798509,62,0,0,1,0,0,0,0,3,0,0,0,62,0,0,1,-1,0,0,0,good
honorverse.wikia.com/wiki/Honorverse:Wikipedia_content/List_of_Honorverse_characters,84,0,0,2,0,0,0,0,3,0,0,0,84,0,0,1,-1,0,0,0,good
fanbase.com/Fred-Mazurek,24,0,0,1,0,0,0,0,1,0,0,0,24,0,0,1,-1,0,0,0,good
bukisa.com/topics/long-branch-new-jersey,40,0,0,1,0,0,0,0,2,0,0,0,40,0,0,1,-1,0,0,0,good
debki-klara.pl/43ftybb8,23,0,0,1,0,0,0,0,1,0,0,0,23,0,0,0,-1,0,0,0,bad
youtube.com/watch?v=vJ5y-9S3UaA,31,0,0,1,0,0,0,0,1,0,0,0,17,13,2,1,-1,0,0,0,good
famousquotearchive.com/QuoteAuthor/Edward_Phelps.aspx,53,0,0,2,0,0,0,0,2,0,0,0,53,0,0,1,-1,0,0,0,good
otiuqer.uwcblog.com/2011/08/28/a-decade-our-lady-peace-album-download/,70,0,0,2,0,0,0,0,5,0,0,0,70,0,0,1,-1,0,0,0,good
allstarpics.net/pic-gallery/jean-simmons-pics.htm,49,0,0,2,0,0,0,0,2,0,0,0,49,0,0,1,-1,0,0,0,good
bestplaces.net/city/shawnee_township-ohio.aspx,46,0,0,2,0,0,0,0,2,0,0,0,46,0,0,1,-1,0,0,0,good
livemusicblog.com/2009/04/13/outside-lands-2009-lineup-announced/,65,0,0,1,0,0,0,0,5,0,0,0,65,0,0,1,-1,0,0,0,good
acofficebsb.com.br/wp-admin/js/?login.alibaba.com=,50,0,0,4,0,0,0,0,3,0,0,1,31,18,2,1,-1,0,0,0,bad
9rank.com/barbot.pt,19,0,0,2,0,0,0,0,1,0,0,0,19,0,0,1,-1,0,0,0,good
throughthephog.com/2011/08/29/jayhawks-2011-football-schedule-preview/,70,0,0,1,0,0,0,0,5,0,0,0,70,0,0,1,-1,0,0,0,good
ashevillewebhost.com/templates/as002029/9973207324/43264726363475426/,69,0,0,1,0,0,0,0,5,0,0,0,69,0,0,1,-1,0,0,0,bad
usatoday.com/news/health/2008-07-17-kidney-bellybutton_N.htm,60,0,0,2,0,0,0,0,3,0,0,0,60,0,0,1,-1,0,0,0,good
forums.oilers.nhl.com/,22,0,0,3,0,0,0,0,1,0,0,0,22,0,0,1,-1,0,0,0,good
imdb.com/title/tt1855401/combined,33,0,0,1,0,0,0,0,3,0,0,0,33,0,0,1,-1,0,0,0,good
airbornenetworkz.com/Dir/TV/Disney/index.html,45,0,0,2,0,0,0,0,4,0,0,0,45,0,0,1,-1,0,0,0,good
mylife.com/c-4978740381,23,0,0,1,0,0,0,0,1,0,0,0,23,0,0,1,-1,0,0,0,good
zpanel.ibiz.cc/shreak/sh0pz/cp.php?m=login,42,0,0,3,0,0,0,0,3,0,0,1,34,7,2,0,-1,0,0,0,bad
ffnlneadkmbnbfmf.org /,22,0,0,1,0,0,0,0,1,0,0,0,22,0,0,1,-1,0,0,0,bad
ilike.com/artist/Bruce+Reitherman%252FLouis+Prima%252FPhil+Harris,65,0,0,1,0,0,0,0,2,0,0,0,65,0,2,1,-1,0,0,0,good
americantowns.com/sc/columbia,29,0,0,1,0,0,0,0,2,0,0,0,29,0,0,1,-1,0,0,0,good
econ.lse.ac.uk/staff/dquah/softw.html,37,0,0,4,0,0,0,0,3,0,0,0,37,0,0,0,-1,0,0,0,good
tiny.cc/jkgukw,14,0,0,1,0,0,0,0,1,0,0,0,14,0,0,0,-1,0,0,0,bad
hotels.com/de1658891/hotels-near-saint-joseph-s-oratory-montreal-canada/,72,0,0,1,0,0,0,0,3,0,0,0,72,0,0,1,-1,0,0,0,good
spokeo.com/Nicole+Briscoe,25,0,0,1,0,0,0,0,1,0,0,0,25,0,0,1,-1,0,0,0,good
yuforum.net/jazz-blues-classical-music/carla-bley-36855/,56,0,0,1,0,0,0,0,3,0,0,0,56,0,0,1,-1,0,0,0,good
classmates.com/directory/public/memberprofile/list.htm?regId=142009621,70,0,0,2,0,0,0,0,4,0,0,0,54,15,2,1,-1,0,0,0,good
libertywireless.com/28daysDetails.htm,37,0,0,2,0,0,0,0,1,0,0,0,37,0,0,1,-1,0,0,0,good
netsonline.eu-dk.confirme.my.screenname.comcqr.login.login.psp.sitedomain.mail.id8738238f.com.cambridgeecuador.com/.eu/2f6ee8692df8ef9fcf93f33dc7c39224/,152,0,0,15,0,0,0,0,3,0,0,1,152,0,0,1,-1,0,0,0,bad
finaledithon.web.fc2.com/7h8gbiuomp,35,0,0,3,0,0,0,0,1,0,0,0,35,0,0,1,-1,0,0,0,bad
icscards.nl.icslogin.bashkiria.ru/index.php?idbmlqHQY,53,0,0,5,0,0,0,0,1,0,0,1,43,9,1,0,-1,0,0,0,bad
sports.nationalpost.com/2011/06/30/cfl-preview-looking-at-the-west/,67,0,0,2,0,0,0,0,5,0,0,0,67,0,0,1,-1,0,0,0,good
yifruit.com/54ghnnuo,20,0,0,1,0,0,0,0,1,0,0,0,20,0,0,1,-1,0,0,0,bad
estudiog.com.ar/,16,0,0,2,0,0,0,0,1,0,0,0,16,0,0,1,-1,0,0,0,bad
youtube.com/watch?v=ZRPYnwH9gAI,31,0,0,1,0,0,0,0,1,0,0,0,17,13,2,1,-1,0,0,0,good
linablog.ru/wp-admin/maint/wellsfargo.php,41,0,0,2,0,0,0,0,3,0,0,0,41,0,0,0,-1,0,0,0,bad
ecologicbrands.com/contact.php,30,0,0,2,0,0,0,0,1,0,0,0,30,0,0,1,-1,0,0,0,good
tools.ietf.org/html/rfc1342,27,0,0,2,0,0,0,0,2,0,0,0,27,0,0,1,-1,0,0,0,good
www-rohan.sdsu.edu/~cba/ids/,28,0,0,2,0,0,0,0,3,0,0,0,28,0,0,0,-1,0,0,0,good
amazon.com/Football-Coaching-Strategies-American-Association/dp/0873228693,74,0,0,1,0,0,0,0,3,0,0,0,74,0,0,1,-1,0,0,0,good
eenaquhlgmgidkh.pl/php/upload.php,33,0,0,2,0,0,0,0,2,0,0,0,33,0,0,0,-1,0,0,0,bad
diamariscreatejoy.com/update/dropbox/d60523f9cc3985bb189ea838adf1cca6/,70,0,0,1,0,0,0,0,4,0,0,1,70,0,0,1,-1,0,0,0,bad
music.yahoo.com/jessica-ferguson/,33,0,0,2,0,0,0,0,2,0,0,0,33,0,0,1,-1,0,0,0,good
www389.paypal.ca.56574.securessl-160.mx/js/web.apps/ca/m.pp/?cmnd=_lg&pageName=_edit,84,0,0,7,0,0,0,0,5,0,0,1,60,23,4,0,-1,0,0,0,bad
d3uc0zpywezmsh.cloudfront.net/b_zq_ym_hotvideo002/hotvideo_0813.apk,67,0,0,3,0,0,0,0,2,0,0,0,67,0,0,1,-1,0,0,0,bad
flixster.com/actor/james-whitmore,33,0,0,1,0,0,0,0,2,0,0,0,33,0,0,1,-1,0,0,0,good
www-306.ibm.com/software/awdtools/cobol/library/,48,0,0,2,0,0,0,0,5,0,0,0,48,0,0,1,-1,0,0,0,good
glo.msn.com/beauty/hair-highlights-7286.gallery?photoId=57031,61,0,0,3,0,0,0,0,2,0,0,0,47,13,2,1,-1,0,0,0,good
jmetalloysllp.com/8rcybi43?rRffpf=NrdcbOsmH,43,0,0,1,0,0,0,0,1,0,0,0,26,16,2,1,-1,0,0,0,bad
www.hsaqua.nl/cgibin/nl/redirect/webscr.php?cmd=_login-run&amp;dispatch=781230a0b554f5a4b4e62a74ed235b58781230a0b554f5a4b4e62a74ed235b58,136,0,0,3,0,0,0,0,4,0,0,1,43,92,4,0,-1,0,0,0,bad
www.sans.org/resources/policies/Automatically_Forwarded_Email_Policy.pdf,72,0,0,3,0,0,0,0,3,0,0,0,72,0,0,1,-1,0,0,0,good
pretoria.cityseekr.com/nu-metro-nu-metro-northpark-mall/entertainment-venues/venue/662449,89,0,0,2,0,0,0,0,4,0,0,0,89,0,0,1,-1,0,0,0,good
flickr.com/photos/sevres-babylone/6325007042/,45,0,0,1,0,0,0,0,4,0,0,0,45,0,0,1,-1,0,0,0,good
weddingcredential.com/search/executive,38,0,0,1,0,0,0,0,2,0,0,0,38,0,0,1,-1,0,0,0,good
en.wikipedia.org/wiki/Jeff_Fitzgerald_(Wisconsin_politician),60,0,0,2,0,0,0,0,2,0,0,0,60,0,0,1,-1,0,0,0,good
naught.org/pictures/newepic2016/hov/fee8193c9319b8be946ea456d7edd8c9/oth.php,76,0,0,2,0,0,0,0,5,0,0,0,76,0,0,1,-1,0,0,0,bad
classmates.com/directory/school/St.%20Emile%20School?org=18876081,65,0,0,2,0,0,0,0,3,0,0,0,52,12,4,1,-1,0,0,0,good
onlinetickets.com/info/concert_tours/clint_black/biography.html,63,0,0,2,0,0,0,0,4,0,0,0,63,0,0,1,-1,0,0,0,good
kesikelyaf.com/js/crown/helps/cp.php?m=login,44,0,0,2,0,0,0,0,4,0,0,1,36,7,2,1,-1,0,0,0,bad
public.ifbyphone.com/services/voice-broadcasting,48,0,0,2,0,0,0,0,2,0,0,0,48,0,0,1,-1,0,0,0,good
facebook.com/Reitmans.en,24,0,0,2,0,0,0,0,1,0,0,0,24,0,0,1,-1,0,0,0,good
canada.com/entertainment/Suarez+scores+four+Uruguay+crush+Chile/5699308/story.html,82,0,0,2,0,0,0,0,4,0,0,0,82,0,0,1,-1,0,0,0,good
paypal.co.uk.fraud.department.timcs.co.uk/webscr.php?cmd=_login-run&dispatch=5885d80a13c0db1f1ff80d546411d7f8a8350c132bc41e0934cfc023d4e8f9e59fab744ad2ee6f792a3e7346a76ae4219fab744ad2ee6f792a3e7346a76ae421,205,0,0,8,0,0,0,0,1,0,0,1,52,152,4,0,-1,0,0,0,bad
vujfkchvpnwye.work/linuxsucks.php,33,0,0,2,0,0,0,0,1,0,0,0,33,0,0,0,-1,0,0,0,bad
www.ce.cmu.edu/GreenDesign/,27,0,0,3,0,0,0,0,2,0,0,0,27,0,0,0,-1,0,0,0,good
gjenvick.com/PassengerLists/WhiteStarLine/Eastbound/1903-02-04-PassengerList-Teutonic.html,90,0,0,2,0,0,0,0,4,0,0,0,90,0,0,1,-1,0,0,0,good
findagrave.com/cgi-bin/fg.cgi?page=gr&GSob=c&GSlh=1&GRid=63525390&,66,0,0,2,0,0,0,0,2,0,0,0,29,36,9,1,-1,0,0,0,good
eastbayexpress.com/ebx/a-bad-bet-on-golden-gate-fields/Content?oid=1652600,74,0,0,1,0,0,0,0,3,0,0,0,62,11,2,1,-1,0,0,0,good
www.screenpro.net/screen.htm,28,0,0,3,0,0,0,0,1,0,0,0,28,0,0,1,-1,0,0,0,good
sourceforge.net/projects/grammar2parser/,40,0,0,1,0,0,0,0,3,0,0,0,40,0,0,1,-1,0,0,0,good
freebase.com/view/en/wayne_morris,33,0,0,1,0,0,0,0,3,0,0,0,33,0,0,1,-1,0,0,0,good
www.jeffjournal.org/papers/Volume2/Shambaugh.pdf,48,0,0,3,0,0,0,0,3,0,0,0,48,0,0,1,-1,0,0,0,good
travel.southwest.com/travel/destinationDetails.html?cityName=Albany,67,0,0,3,0,0,0,0,2,0,0,0,51,15,2,1,-1,0,0,0,good
national.citysearch.com/profile/5196839/monroe_mi/holiday_inn_express_hotel_suites_monroe.html,94,0,0,3,0,0,0,0,4,0,0,0,94,0,0,1,-1,0,0,0,good
mbfce24rgn65bx3g.rzunt3u2.com/,30,0,0,2,0,0,0,0,1,0,0,0,30,0,0,1,-1,0,0,0,bad
directxex.com/uploads/39164388.ms.exe?dl=1,42,0,0,3,0,0,0,0,2,0,0,0,37,4,2,1,-1,0,0,0,bad
www.univ-orleans.fr/lifo/Manifestations/MCU07/,46,0,0,2,0,0,0,0,4,0,0,0,46,0,0,0,-1,0,0,0,good
asiawebdirect.com/japan/tokyo/minato/sheraton-miyako-hotel-tokyo/,65,0,0,1,0,0,0,0,5,0,0,0,65,0,0,1,-1,0,0,0,good
fanpix.net/gallery/chris-benoit-pictures.htm,44,0,0,2,0,0,0,0,2,0,0,0,44,0,0,1,-1,0,0,0,good
trendhunter.com/trends/literacy-foundation-cinderella-peter-pan,63,0,0,1,0,0,0,0,2,0,0,0,63,0,0,1,-1,0,0,0,good
114.80.207.220:8383/7000.64,27,1,0,4,0,0,0,0,1,0,0,0,27,0,0,0,-1,0,0,0,bad
sourceforge.net/projects/squeaknos/,35,0,0,1,0,0,0,0,3,0,0,0,35,0,0,1,-1,0,0,0,good
cmta.net/legsample.php?leg=hayashi_mary,39,0,0,2,0,0,0,0,1,0,0,0,22,16,2,1,-1,0,0,0,good
blazeygraphicsystems.com/classifieds/notifications/process.php,62,0,0,2,0,0,0,0,3,0,0,0,62,0,0,1,-1,0,0,0,bad
ticketluck.com/sports-tickets/Canadian-Grand-Prix/index.php,59,0,0,2,0,0,0,0,3,0,0,0,59,0,0,1,-1,0,0,0,good
www.ilog.com/products/cp/,25,0,0,2,0,0,0,0,3,0,0,0,25,0,0,1,-1,0,0,0,good
daisyvennyboy.com/elelezeus/cp.php?m=login,42,0,0,2,0,0,0,0,2,0,0,1,34,7,2,1,-1,0,0,0,bad
6i3cb6owitcouepv.mywa2pay.com/-------,37,0,0,2,0,0,0,0,1,0,0,0,37,0,0,1,-1,0,0,0,bad
planetmagrathea.com/22/814184/,30,0,0,1,0,0,0,0,3,0,0,0,30,0,0,1,-1,0,0,0,good
olneyfurniture.com/09uk381/cgi-bin&amp;dispatch=7d0665438e81d8eceb98c1e31fca80a2/webscr.html,92,0,0,2,0,0,0,0,3,0,0,0,92,0,2,1,-1,0,0,0,bad
baseballlibrary.com/ballplayers/player.php?name=Ray_Lamanno_1919,64,0,0,2,0,0,0,0,2,0,0,0,42,21,2,1,-1,0,0,0,good
spokeo.com/Frank+Abernathy,26,0,0,1,0,0,0,0,1,0,0,0,26,0,0,1,-1,0,0,0,good
travel-slovenia.com/,20,0,0,1,0,0,0,0,1,0,0,0,20,0,0,1,-1,0,0,0,good
koti.welho.com/hylinen/apollo/,30,0,0,2,0,0,0,0,3,0,0,0,30,0,0,1,-1,0,0,0,good
myfivebest.com/five-people-who-were-originally-schoolteachers/,62,0,0,1,0,0,0,0,2,0,0,0,62,0,0,1,-1,0,0,0,good
en.wikipedia.org/wiki/1999_Montreal_Expos_season,48,0,0,2,0,0,0,0,2,0,0,0,48,0,0,1,-1,0,0,0,good
ppcc.esy.es/paypal.htm,22,0,0,3,0,0,0,0,1,0,0,0,22,0,0,0,-1,0,0,0,bad
hms.presentme.com/probiotics/how-do-probiotics-function,55,0,0,2,0,0,0,0,2,0,0,0,55,0,0,1,-1,0,0,0,good
gdfyqnsuxv.work/php/upload.php,30,0,0,2,0,0,0,0,2,0,0,0,30,0,0,0,-1,0,0,0,bad
imdb.com/name/nm0279826/,24,0,0,1,0,0,0,0,3,0,0,0,24,0,0,1,-1,0,0,0,good
ottawacountyimprovementcorp.org/about-ocic/index.php,52,0,0,2,0,0,0,0,2,0,0,0,52,0,0,1,-1,0,0,0,good
encyclopedia.com/topic/Ingrid_Bergman.aspx,42,0,0,2,0,0,0,0,2,0,0,0,42,0,0,1,-1,0,0,0,good
nhrcollegehockey.blogspot.com/,30,0,0,2,0,0,0,0,1,0,0,0,30,0,0,1,-1,0,0,0,good
applabb.ca/buygift/js/flash/update/page/folder/indexx.htm,57,0,0,2,0,0,0,0,7,0,0,1,57,0,0,0,-1,0,0,0,bad
the-navy.com/,13,0,0,1,0,0,0,0,1,0,0,0,13,0,0,1,-1,0,0,0,good
luxuryhomeremodel.com/Coupons/Punch!%20Software.html,52,0,0,2,0,0,0,0,2,0,0,0,52,0,1,1,-1,0,0,0,good
conroysfloristandtuxedo.com/nass/oods/gdoc/filewords/,53,0,0,1,0,0,0,0,5,0,0,0,53,0,0,1,-1,0,0,0,bad
usa-people-search.com/Find-Frances-Starnes.aspx,47,0,0,2,0,0,0,0,1,0,0,0,47,0,0,1,-1,0,0,0,good
astuin.org/ydfdfdgd/aos/aos/aos,31,0,0,1,0,0,0,0,4,0,0,0,31,0,0,1,-1,0,0,0,bad
www.eecs.umich.edu/~qstout/,27,0,0,3,0,0,0,0,2,0,0,0,27,0,0,0,-1,0,0,0,good
histo-radio.forumdefan.com/t33-historic-of-chom-fm,50,0,0,2,0,0,0,0,1,0,0,0,50,0,0,1,-1,0,0,0,good
any-village.com/UK/England/Gloucestershire/Tarlton/home.aspx,60,0,0,2,0,0,0,0,5,0,0,0,60,0,0,1,-1,0,0,0,good
filestube.com/1bb54b277764d86503ea/go.html,42,0,0,2,0,0,0,0,2,0,0,0,42,0,0,1,-1,0,0,0,good
php-spykip.c9users.io/Panel/,28,0,0,2,0,0,0,0,2,0,0,0,28,0,0,0,-1,0,0,0,bad
merchantcn.com/9y878hi?AapFvEAbqP=AapFvEAbqP,44,0,0,1,0,0,0,0,1,0,0,0,22,21,2,1,-1,0,0,0,bad
infroeh.addr.com/xy71scde/webscr_prim.php?aW5mcm9laC5hZGRyLmNvbQ==uhsdsusu5485757kUJHNN546221oPLKj988777AOP784MTM1MDA1NDk3MA=,125,0,0,3,0,0,0,0,2,0,0,0,41,83,4,1,-1,0,0,0,bad
answers.yahoo.com/question/index?qid=20080215120146AAC6vgP,58,0,0,2,0,0,0,0,2,0,0,0,32,25,2,1,-1,0,0,0,good
aabad.com.pk/wordpress/ecradmin/westexcel/index.php?X1=abuse@gmial.com,70,0,1,4,0,0,0,0,4,0,0,0,51,18,3,1,-1,0,0,0,bad
grandmastree.com/society/library_catolog/c-k.htm,48,0,0,2,0,0,0,0,3,0,0,0,48,0,0,1,-1,0,0,0,good
domino.research.ibm.com/Comm/wwwr_ponder.nsf/pages/index.html,61,0,0,5,0,0,0,0,4,0,0,0,61,0,0,1,-1,0,0,0,good
instantcast.com/AllStars/Adam_Sandler,37,0,0,1,0,0,0,0,2,0,0,0,37,0,0,1,-1,0,0,0,good
interment.net/data/us/or/columbia/stewart/stewart.htm,53,0,0,2,0,0,0,0,6,0,0,0,53,0,0,1,-1,0,0,0,good
mccord-museum.qc.ca/scripts/tours_circuits.php?Lang=1&public,60,0,0,3,0,0,0,0,2,0,0,0,46,13,3,0,-1,0,0,0,good
ozywealth.com.au/wp-content/plugins/wpsecone/E-banking/zkb/Kantunalbank/,72,0,0,2,0,0,0,0,7,0,0,1,72,0,0,1,-1,0,0,0,bad
wvw.downarchive.com/9a8/da/bleu+blanc+rouge+je+suis+francois+le+francais,72,0,0,2,0,0,0,0,3,0,0,0,72,0,0,1,-1,0,0,0,good
paypal.com.service-gethow.us/us/webapps/m840/home,49,0,0,3,0,0,0,0,4,0,0,0,49,0,0,1,-1,0,0,0,bad
slam.canoe.ca/Slam/Wrestling/2009/03/22/8845846.html,52,0,0,3,0,0,0,0,6,0,0,0,52,0,0,0,-1,0,0,0,good
citizendia.org/Culture_of_Quebec,32,0,0,1,0,0,0,0,1,0,0,0,32,0,0,1,-1,0,0,0,good
artlatex.avantesoftware.com.br/system/logs/87yhb54cdfy.exe,58,0,0,4,0,0,0,0,3,0,0,0,58,0,0,1,-1,0,0,0,bad
missouristate.edu/bms/27380.htm,31,0,0,2,0,0,0,0,2,0,0,0,31,0,0,0,-1,0,0,0,good
saphyrtour.com/wp-admin/maint/e6ca8bba5b476c9da2f61899965b37d1,62,0,0,1,0,0,0,0,3,0,0,0,62,0,0,1,-1,0,0,0,bad
wikihow.com/Make-a-Paper-Match-Rocket,37,0,0,1,0,0,0,0,1,0,0,0,37,0,0,1,-1,0,0,0,good
www.paypal-confirm.de/,22,0,0,2,0,0,0,0,1,0,0,0,22,0,0,0,-1,0,0,0,bad
imtl.org/montreal/building/Banque-National-Maisonneuve.php,58,0,0,2,0,0,0,0,3,0,0,0,58,0,0,1,-1,0,0,0,good
lyrics.christiansunite.com/artist_255.shtml,43,0,0,3,0,0,0,0,1,0,0,0,43,0,0,1,-1,0,0,0,good
actiagroup.com/,15,0,0,1,0,0,0,0,1,0,0,0,15,0,0,1,-1,0,0,0,bad
dvdhunters.com/xmen.htm,23,0,0,2,0,0,0,0,1,0,0,0,23,0,0,1,-1,0,0,0,good
przedszkoletik-tak.pl/Arch/Arch/Archive,39,0,0,1,0,0,0,0,3,0,0,0,39,0,0,0,-1,0,0,0,bad
kurtzmanplasticsurgery.com/,27,0,0,1,0,0,0,0,1,0,0,0,27,0,0,1,-1,0,0,0,good
maps.thefullwiki.org/Vampire,28,0,0,2,0,0,0,0,1,0,0,0,28,0,0,1,-1,0,0,0,good
security-apps. biz/ZKB.apk,26,0,0,2,0,0,0,0,1,0,0,0,26,0,0,0,-1,0,0,0,bad
sherdog.com/news/news/Bellator-LHW-Tourney-Quarterfinal-Pairings-Set-for-March-26-30894,87,0,0,1,0,0,0,0,3,0,0,0,87,0,0,1,-1,0,0,0,good
archive.org/stream/commercekansasc00howegoog/commercekansasc00howegoog_djvu.txt,79,0,0,2,0,0,0,0,3,0,0,0,79,0,0,1,-1,0,0,0,good
ns1.fastfluxdns.com/,20,0,0,2,0,0,0,0,1,0,0,0,20,0,0,1,-1,0,0,0,bad
lakersblog.latimes.com/lakersblog/2011/04/lakers-vs-golden-state-lakers-respect-warriors.html,93,0,0,3,0,0,0,0,4,0,0,0,93,0,0,1,-1,0,0,0,good
tools.ietf.org/html/rfc2513,27,0,0,2,0,0,0,0,2,0,0,0,27,0,0,1,-1,0,0,0,good
wiki.name.com/en/Kit,20,0,0,2,0,0,0,0,2,0,0,0,20,0,0,1,-1,0,0,0,good
www.blacksunrise.za.pl/,23,0,0,3,0,0,0,0,1,0,0,0,23,0,0,0,-1,0,0,0,bad
netglimse.com/celebs/pages/jason_bernard/index.shtml,52,0,0,2,0,0,0,0,4,0,0,0,52,0,0,1,-1,0,0,0,good
123people.com/a/adam+c+crossett,31,0,0,1,0,0,0,0,2,0,0,0,31,0,0,1,-1,0,0,0,good
elsah.org/tour/tour3.html,25,0,0,2,0,0,0,0,2,0,0,0,25,0,0,1,-1,0,0,0,good
student.vub.ac.be/~dvandeun/batcoll.all,39,0,0,4,0,0,0,0,2,0,0,0,39,0,0,0,-1,0,0,0,good
gulfcoastfencing.org/results.php,32,0,0,2,0,0,0,0,1,0,0,0,32,0,0,1,-1,0,0,0,good
jo-g.com/joji/verify.htm,24,0,0,2,0,0,0,0,2,0,0,1,24,0,0,1,-1,0,0,0,bad
wiividz.com/tag/sherlock-holmes-osborne-house-walkthrough-ds/,61,0,0,1,0,0,0,0,3,0,0,0,61,0,0,1,-1,0,0,0,good
mapquest.com/maps?cat=arrowhead%20stadium,41,0,0,1,0,0,0,0,1,0,0,0,17,23,3,1,-1,0,0,0,good
kcmeesha.com/2010/08/25/old-photos-jenkins-music-company/,57,0,0,1,0,0,0,0,5,0,0,0,57,0,0,1,-1,0,0,0,good
pipl.com/directory/people/Tony/Basher,37,0,0,1,0,0,0,0,4,0,0,0,37,0,0,1,-1,0,0,0,good
imdb.com/title/tt0091251/fullcredits,36,0,0,1,0,0,0,0,3,0,0,0,36,0,0,1,-1,0,0,0,good
udfaexci.ru/checkupdate,23,0,0,1,0,0,0,0,1,0,0,1,23,0,0,0,-1,0,0,0,bad
stursulaschool.org/2008FallSchoolNews.htm,41,0,0,2,0,0,0,0,1,0,0,0,41,0,0,1,-1,0,0,0,good
groups.yahoo.com/group/warpedusers/,35,0,0,2,0,0,0,0,3,0,0,0,35,0,0,1,-1,0,0,0,good
nytimes.com/1999/11/03/classified/paid-notice-deaths-smith-lloyd-hilton.html,76,0,0,2,0,0,0,0,5,0,0,0,76,0,0,1,-1,0,0,0,good
goodluckchucks.pw/df/,21,0,0,1,0,0,0,0,2,0,0,0,21,0,0,0,-1,0,0,0,bad
tanhaa.net/index.php/2011/04/21/tera-nasha-the-bilz-kashif/,59,0,0,2,0,0,0,0,6,0,0,0,59,0,0,1,-1,0,0,0,good
absoluteastronomy.com/topics/Ogilvy_Renault,43,0,0,1,0,0,0,0,2,0,0,0,43,0,0,1,-1,0,0,0,good
www.chemeng.ntnu.no/research/paper/publications.shtml,53,0,0,4,0,0,0,0,3,0,0,0,53,0,0,0,-1,0,0,0,good
www.jarusa.com/webmaster/index.htm,34,0,0,3,0,0,0,0,2,0,0,0,34,0,0,1,-1,0,0,0,good
healthgrades.com/physician/dr-benoit-gosselin-yngjk/,52,0,0,1,0,0,0,0,3,0,0,0,52,0,0,1,-1,0,0,0,good
thecsperspective.com/2010/11/12/deluxe-album-preview-black-eyed-peas-the-beginning/,83,0,0,1,0,0,0,0,5,0,0,0,83,0,0,1,-1,0,0,0,good
'www.spo-world.co.kr/js/index.htm?us.battle.net/login/en/?ref=http\%3A\%2F\%2Fgkjogdhus.battle.net\%2Fd3\%2Fen\%2Findex&amp;app=com-d3',135,0,0,8,0,0,0,0,2,0,0,1,33,101,11,0,-1,0,0,0,bad
loghouserestoration.ca/new/cameo.php,36,0,0,2,0,0,0,0,2,0,0,0,36,0,0,0,-1,0,0,0,bad
lids.com/NHL/California-Golden-Seals/20249438,45,0,0,1,0,0,0,0,3,0,0,0,45,0,0,1,-1,0,0,0,good
avantmusicnews.com/2011/10/31/out-on-boweavil-recordings-3/,59,0,0,1,0,0,0,0,5,0,0,0,59,0,0,1,-1,0,0,0,good
crackingstaff.zz.mu/keybase/keybase/post.php,44,0,0,3,0,0,0,0,3,0,0,0,44,0,0,0,-1,0,0,0,bad
au.linkedin.com/in/radomyskilegal,33,0,0,2,0,0,0,0,2,0,0,0,33,0,0,1,-1,0,0,0,good
servinghistory.com/topics/Danny_Briere,38,0,0,1,0,0,0,0,2,0,0,0,38,0,0,1,-1,0,0,0,good
lijsoccer.com/,14,0,0,1,0,0,0,0,1,0,0,0,14,0,0,1,-1,0,0,0,good
gordinos.com.br/tk_admin/tonline/user-verify.htm,48,0,0,3,0,0,0,0,3,0,0,1,48,0,0,1,-1,0,0,0,bad
thecanadianencyclopedia.com/index.cfm?PgNm=TCE&Params=A1ARTA0005402,67,0,0,2,0,0,0,0,1,0,0,0,37,29,4,1,-1,0,0,0,good
ibegin.com/directory/ca/quebec/saint-constant/chsld-jean-louis-lapierre-199-rue-saint-pierre/,93,0,0,1,0,0,0,0,6,0,0,0,93,0,0,1,-1,0,0,0,good
'9d345009-a-62cb3a1a-s-sites.googlegroups.com/site/stickamcomlogindo/login.html?amp\%3Battredirects=1&amp;attachauth=ANoY7crKKZgiGyodSiCFo7C9XmjohMbwzZg9S8Czm1EliVzZ3RQdpsY-hOTQD8NLqoWPxaxdQGcKMgbdNsZXTJn17Suez_Plyr3TW3dWC81rNYWNx2RUROdOkR2DRb_Y8wAxusDukHhPEUpPfiZoGHzPukEJLIlEfFsPtVSYZn0a7Ovoqt0RCByBYaeB4Mhj8uE5iNoRIyT-7RoFYRQSbJO2xIWNO7eFWw\%3D\%3D&amp;attredirects=1',371,0,0,3,0,0,0,0,3,0,0,1,79,291,9,1,-1,0,0,0,bad
todoterrenousa.com/wp-includes/SimplePie/Share/2a75f6b7df40e09e81a7dfae1a010303,79,0,0,1,0,0,0,0,4,0,0,0,79,0,0,1,-1,0,0,0,bad
bluemarblegameco.com/,21,0,0,1,0,0,0,0,1,0,0,0,21,0,0,1,-1,0,0,0,good
projekt30.com/,14,0,0,1,0,0,0,0,1,0,0,0,14,0,0,1,-1,0,0,0,good
kansascityjerseys.com/fan/kansas-city-royals-yearbook,53,0,0,1,0,0,0,0,2,0,0,0,53,0,0,1,-1,0,0,0,good
networkservce.fr/nice/pro4.php,30,0,0,2,0,0,0,0,2,0,0,0,30,0,0,0,-1,0,0,0,bad
175.126.111.92/,15,1,0,3,0,0,0,0,1,0,0,0,15,0,0,0,-1,0,0,0,bad
youtube.com/watch?v=WBNdRbsWAlg,31,0,0,1,0,0,0,0,1,0,0,0,17,13,2,1,-1,0,0,0,good
cityguides.local.yahoo.com/results?csz=Chula%20Vista%20CA&stx=ymca,66,0,0,3,0,0,0,0,1,0,0,0,34,31,6,1,-1,0,0,0,good
1476500920.xiazaidown.com/cx/160624/6/hplaserjetm1136@151_11<br/>446.exe,72,0,1,3,0,0,0,0,5,0,0,0,72,0,1,1,-1,0,0,0,bad
www.quirksmode.org/js/index.html?dhtmloptions.html,50,0,0,4,0,0,0,0,2,0,0,0,32,17,1,1,-1,0,0,0,good
dictionary.reference.com/browse/dialogic,40,0,0,2,0,0,0,0,2,0,0,0,40,0,0,1,-1,0,0,0,good
evri.com/person/cardinal-leger-0x99f28,38,0,0,1,0,0,0,0,2,0,0,0,38,0,0,1,-1,0,0,0,good
lay-spices.com.ua/arsgyd.php,28,0,0,3,0,0,0,0,1,0,0,0,28,0,0,1,-1,0,0,0,bad
classmates.com/directory/school/Marian%20Christian%20High%20School?org=19858,76,0,0,1,0,0,0,0,3,0,0,0,66,9,5,1,-1,0,0,0,good
680news.com/sports/article/302644--montreal-impact-add-ching-and-vancouver-s-brovsky-in-mls-expansion-draft,107,0,0,1,0,0,0,0,3,0,0,0,107,0,0,1,-1,0,0,0,good
torrenthound.com/search/war+and+remembrance,43,0,0,1,0,0,0,0,2,0,0,0,43,0,0,1,-1,0,0,0,good
isgsi.com/office/adb/c58c94eccbfb951bd4ba5f2a62a4d6ac/index2.htm,64,0,0,2,0,0,0,0,4,0,0,0,64,0,0,1,-1,0,0,0,bad
theglobalgame.com/blog/2006/12/ahmet-ertegun-and-lamar-hunt-adding-spice-foreign-and-domestic-to-american-soccer/,113,0,0,1,0,0,0,0,5,0,0,0,113,0,0,1,-1,0,0,0,good
gov.pe.ca/hpo/app.php?nav=details&p=3832,40,0,0,3,0,0,0,0,2,0,0,0,21,18,4,0,-1,0,0,0,good
postgazette.com/lifestyle/20031007mullet1007fnp3.asp,52,0,0,2,0,0,0,0,2,0,0,0,52,0,0,1,-1,0,0,0,good
pastehtml.com/view/bcfuqe9u2.html,33,0,0,2,0,0,0,0,2,0,0,0,33,0,0,1,-1,0,0,0,bad
celebgalz.com/death-of-a-cheerleader-is-about-bernadette-protti-kirsten-costas/,79,0,0,1,0,0,0,0,2,0,0,0,79,0,0,1,-1,0,0,0,good
youtube.com/watch?v=4eONt5IOiBg,31,0,0,1,0,0,0,0,1,0,0,0,17,13,2,1,-1,0,0,0,good
'www.google.dk/url?sa=t&amp;rct=j&amp;q=balnearioamazonica.com&amp;source=web&amp;cd=2&amp;cad=rja&amp;ved=0CCYQFjAB&amp;url=http\%3A\%2F\%2Fwww.balnearioamazonica.com\%2Findex.php\%2Fcomponent\%2Fjevents\%2Fday.listevents\%2F2010\%2F02\%2F21\%2F4&amp;ei=q5iiUJCOCceI0AW3u4GgDA&amp;usg=AFQjCNF5RQr3yIMGw-pxL9QAHOOVyzv_eQ',321,0,0,7,0,0,0,0,1,0,0,0,18,302,31,0,-1,0,0,0,bad
darwin-online.org.uk/content/frameset?viewtype=text&itemID=A27&pageseq=1,72,0,0,2,0,0,0,0,2,0,0,0,37,34,6,1,-1,0,0,0,good
spreadsheets.google.com/spreadsheet/viewform?formkey=dEFYcy1FWEk0S1lET05qcXEyUkVRaVE6MQ,87,0,0,2,0,0,0,0,2,0,0,0,44,42,2,1,-1,0,0,0,bad
susuka.net/lgon/,16,0,0,1,0,0,0,0,2,0,0,0,16,0,0,1,-1,0,0,0,bad
bruceleeasmunna.blogspot.com/,29,0,0,2,0,0,0,0,1,0,0,0,29,0,0,1,-1,0,0,0,good
aboutmedicalmarijuana.com/tag/kamala-harris/,44,0,0,1,0,0,0,0,3,0,0,0,44,0,0,1,-1,0,0,0,good
alalmlanamcodoof.co /,21,0,0,1,0,0,0,0,1,0,0,0,21,0,0,0,-1,0,0,0,bad
davidandrose.com/,17,0,0,1,0,0,0,0,1,0,0,0,17,0,0,1,-1,0,0,0,good
heebz.com/categories/Actors-and-Actresses,41,0,0,1,0,0,0,0,2,0,0,0,41,0,0,1,-1,0,0,0,good
vanloonmenard.com/,18,0,0,1,0,0,0,0,1,0,0,0,18,0,0,1,-1,0,0,0,good
justbuytickets.com/NFL-Tickets/Oakland-Raiders-Tickets.php,58,0,0,2,0,0,0,0,2,0,0,0,58,0,0,1,-1,0,0,0,good
vic.perrydale.com,17,0,0,2,0,0,0,0,0,0,0,0,17,0,0,1,-1,0,0,0,bad
altmusic.about.com/od/artists/a/wolfparade.htm,46,0,0,3,0,0,0,0,4,0,0,0,46,0,0,1,-1,0,0,0,good
cockkett.com/30/cp.php?letter=login,35,0,0,2,0,0,0,0,2,0,0,1,22,12,2,1,-1,0,0,0,bad
zoominfo.com/people/Piane_Karl_420514692.aspx,45,0,0,2,0,0,0,0,2,0,0,0,45,0,0,1,-1,0,0,0,good
hyhpzx.cn/js/?http://us.battle.net/login/en,43,0,0,3,0,0,0,0,2,1,0,1,13,29,1,0,-1,0,0,0,bad
www.mbrewards.com//wp-content/plugins/formidable/index.htm,58,0,0,3,0,0,0,0,5,1,0,0,58,0,0,1,-1,0,0,0,bad
www.studionabik.com/css_/img/webscr/cmd_/_/login_run/c30930de654a2e24bd54f49e6b4651cd/,86,0,0,2,0,0,0,0,8,0,0,1,86,0,0,1,-1,0,0,0,bad
fandango.com/movie-trailer/paranorman-trailer/150011/2163037425,63,0,0,1,0,0,0,0,4,0,0,0,63,0,0,1,-1,0,0,0,good
www.diplomatnews.org/,21,0,0,2,0,0,0,0,1,0,0,0,21,0,0,1,-1,0,0,0,bad
safada.egnyte.com/dd/1JST0wrVpL,31,0,0,2,0,0,0,0,2,0,0,0,31,0,0,1,-1,0,0,0,bad
raynanleannewedding.net/hello2/akok/f4f58bffabe5a58e2d90c011de10f557,68,0,0,1,0,0,0,0,3,0,0,0,68,0,0,1,-1,0,0,0,bad
alacrastore.com/mergers-acquisitions/Eicon_Technology_Corp-1080083,66,0,0,1,0,0,0,0,2,0,0,0,66,0,0,1,-1,0,0,0,good
paypal.com.update.login.securty.cgi-in.account.314854f9ad4b754d27e96fe08c832444.e7.to/,86,0,0,9,0,0,0,0,1,0,0,1,86,0,0,1,-1,0,0,0,bad
essay411.com/yolande-cornelia-giovanni-poem-analysis-nikki-rosa.html,68,0,0,2,0,0,0,0,1,0,0,0,68,0,0,1,-1,0,0,0,good
youtube.com/watch?v=WEtGgyueiFY,31,0,0,1,0,0,0,0,1,0,0,0,17,13,2,1,-1,0,0,0,good
okcemeteries.net/logan/roselawn/roselawn.htm,44,0,0,2,0,0,0,0,3,0,0,0,44,0,0,1,-1,0,0,0,good
1montreal.ca/Montreal_News_Media.php,36,0,0,2,0,0,0,0,1,0,0,0,36,0,0,0,-1,0,0,0,good
gracechurchstaffordsprings.org/,31,0,0,1,0,0,0,0,1,0,0,0,31,0,0,1,-1,0,0,0,good
fr.arangbriket.com/pagedoc/1448e40e493ef89b3967e6fd364bfc27/,60,0,0,2,0,0,0,0,3,0,0,0,60,0,0,1,-1,0,0,0,bad
en.wikipedia.org/wiki/Lai_Vung,30,0,0,2,0,0,0,0,2,0,0,0,30,0,0,1,-1,0,0,0,good
au.linkedin.com/pub/jonathan-turcotte/A/8B0/63A,47,0,0,2,0,0,0,0,5,0,0,0,47,0,0,1,-1,0,0,0,good
gargene.com/index.php?p=1_17_Dee-and-the-Mammoth,48,0,0,2,0,0,0,0,1,0,0,0,21,26,2,1,-1,0,0,0,good
zoominfo.com/people/Bordeleau_Nicole_693332765.aspx,51,0,0,2,0,0,0,0,2,0,0,0,51,0,0,1,-1,0,0,0,good
satyagroups.in/746t3fg3,23,0,0,1,0,0,0,0,1,0,0,0,23,0,0,0,-1,0,0,0,bad
reuters.com/finance/stocks/companyOfficers?symbol=DOL.TO,56,0,0,2,0,0,0,0,3,0,0,0,42,13,2,1,-1,0,0,0,good
linemus.com/rss/feed/stream,27,0,0,1,0,0,0,0,3,0,0,0,27,0,0,1,-1,0,0,0,bad
santapreguica.com/readMsg.php,29,0,0,2,0,0,0,0,1,0,0,0,29,0,0,1,-1,0,0,0,bad
duckduckgo.com/1/c/Canadian_people_of_Polish_descent,52,0,0,1,0,0,0,0,3,0,0,0,52,0,0,1,-1,0,0,0,good
thestateofhockey.net/ccm-vector-ice-hockey-skates/,50,0,0,1,0,0,0,0,2,0,0,0,50,0,0,1,-1,0,0,0,good
sbnation.com/nfl/players/2447/maurice-jones-drew,48,0,0,1,0,0,0,0,4,0,0,0,48,0,0,1,-1,0,0,0,good
asdpublicidade.com.br/biola/ourtime/ourtime/ourtime.html,56,0,0,3,0,0,0,0,4,0,0,0,56,0,0,1,-1,0,0,0,bad
utahcentral.com/about/press,27,0,0,1,0,0,0,0,2,0,0,0,27,0,0,1,-1,0,0,0,good
www.paypal.co.uk.4598.secure-191.mx/images/cgi.bin/uk/web.scr/?cmnd=_lg&nav,75,0,0,8,0,0,0,0,5,0,0,1,62,12,3,0,-1,0,0,0,bad
cyla.ca/wordpress/Gdoccc,24,0,0,1,0,0,0,0,2,0,0,0,24,0,0,0,-1,0,0,0,bad
moviefone.com/theater/amc-theatres-empire-25/628/showtimes,58,0,0,1,0,0,0,0,4,0,0,0,58,0,0,1,-1,0,0,0,good
protophoto.com/subject.html?subject_id=314,42,0,0,2,0,0,0,0,1,0,0,0,27,14,2,1,-1,0,0,0,good
skateboardermag.com/industry-news/wes-kremer-is-pro/,52,0,0,1,0,0,0,0,3,0,0,0,52,0,0,1,-1,0,0,0,good
www.oldasoft.eu/coupons,23,0,0,2,0,0,0,0,1,0,0,0,23,0,0,0,-1,0,0,0,bad
uk.linkedin.com/pub/tyler-robinson/4/262/1A7,44,0,0,2,0,0,0,0,5,0,0,0,44,0,0,1,-1,0,0,0,good
paulmayne.org/blog/2005/01/congratulations-shawn-d-nelson/,58,0,0,1,0,0,0,0,5,0,0,0,58,0,0,1,-1,0,0,0,good
ams1.ib.adnxs.com/if?enc=m5mZmZmZuT80MzMzMzOzP8dLN4lBYMU_NDMzMzMzsz-amZmZmZm5P0Vlw4dmFiYEMGHfAXu7c3JaS2pTAAAAACPMJABNBQAAawYAAAIAAADJReYAFSwDAAAAAQBVU0QAVVNEANgCWgD8_QAAe7oAAgUAAQIAAIwASiPv9gAAAAA.&cnd=%217CWfAAjrkOsBEMmLmQcYACCV2AwwADgAQABI6wxQo5iTAVgAYKACaABwAHgAgAEAiAEAkAEBmAEBoAEBqAEDsAEAuQGamZmZmZm5P8EBmpmZmZmZuT_JAa5Y54LwRf0_2QEAAAAAAADwP-ABAPUBAACAPg..&ccd=%21JQbTOwjrkOsBEMmLmQcYldgMIAA.&udj=uf%28%27a%27%2C+129071%2C+1399475034%29%3Buf%28%27c%27%2C+3852395%2C+1399475034%29%3Buf%28%27r%27%2C+15091145%2C+1399475034%29%3B&vpid=366&apid=219027&referrer=http%3A%2F%2Ftr.adsplats.com%2Fcmp%2F1412355%2Findex.html%3Fsize%3D728x90%26referrer%3D%26KbQ2KfwE%3D354_728x90_0&media_subtypes=1&ct=0&dlo=1,703,0,0,10,0,0,0,0,1,0,0,0,20,682,55,1,-1,0,0,0,bad
mattslaback.com/modules/mod_nmap/js/pae.php,43,0,0,2,0,0,0,0,4,0,0,0,43,0,0,1,-1,0,0,0,bad
bizjournals.com/kansascity/news/2011/03/29/kansas-city-missouri-school-district.html,84,0,0,2,0,0,0,0,6,0,0,0,84,0,0,1,-1,0,0,0,good
www.in3h.com/panel-my-account-configeration-all-limited/panel-my-account-configeration-all-limited/nirvana.php?cmd=_login-run&amp;,130,0,0,3,0,0,0,0,3,0,0,1,110,19,3,1,-1,0,0,0,bad
hoffco-inc.com/wwe/ppv/ppv/bp09.html,36,0,0,2,0,0,0,0,4,0,0,0,36,0,0,1,-1,0,0,0,good
cinemasguzzo.com/824-Coteau_Rouge__original_French_version_-movie-trailer.html,78,0,0,2,0,0,0,0,1,0,0,0,78,0,0,1,-1,0,0,0,good
tubevector.com/search/?q=erika,30,0,0,1,0,0,0,0,2,0,0,0,22,7,2,1,-1,0,0,0,good
norfolk.craigslist.org/muc/,27,0,0,2,0,0,0,0,2,0,0,0,27,0,0,1,-1,0,0,0,good
pcmall.com/pcmall/shop/detail~dpno~700558.asp,45,0,0,2,0,0,0,0,3,0,0,0,45,0,0,1,-1,0,0,0,good
litigation-essentials.lexisnexis.com/webcd/app?action=DocumentDisplay&crawlid=1&doctype=cite&docid=55+McGill+L.J.+337&srctype=smi&srcid=3B15&key=3cd1078738dc40ea22bbbeb0bfd21379,177,0,0,4,0,0,0,0,2,0,0,0,46,130,14,1,-1,0,0,0,good
chiclove.ru/store/55.exe,24,0,0,2,0,0,0,0,2,0,0,0,24,0,0,0,-1,0,0,0,bad
insiderpages.com/doctors/Kenneth-W-Tobey-DC-Monroe,50,0,0,1,0,0,0,0,2,0,0,0,50,0,0,1,-1,0,0,0,good
forum.robotevents.com/design/,29,0,0,2,0,0,0,0,2,0,0,0,29,0,0,1,-1,0,0,0,good
ezeebookkeeping.com.au/classes/Gdoccc/index.php,47,0,0,3,0,0,0,0,3,0,0,0,47,0,0,1,-1,0,0,0,bad
myspace.com/johncaleofficialsite/music/songs/hedda-gabler-57405624,66,0,0,1,0,0,0,0,4,0,0,0,66,0,0,1,-1,0,0,0,good
minnesota.twins.mlb.com/team/player.jsp?player_id=462522,56,0,0,4,0,0,0,0,2,0,0,0,39,16,2,1,-1,0,0,0,good
www.pohly.com/emp.html,22,0,0,3,0,0,0,0,1,0,0,0,22,0,0,1,-1,0,0,0,good
youtube.com/watch?v=EhV1SvrDTJg,31,0,0,1,0,0,0,0,1,0,0,0,17,13,2,1,-1,0,0,0,good
www.acm.uiuc.edu/webmonkeys/book/c_guide/,41,0,0,3,0,0,0,0,4,0,0,0,41,0,0,0,-1,0,0,0,good
highbeam.com/doc/1G1-72943627.html,34,0,0,2,0,0,0,0,2,0,0,0,34,0,0,1,-1,0,0,0,good
traileraddict.com/trailer/powder-blue/trailer,45,0,0,1,0,0,0,0,3,0,0,0,45,0,0,1,-1,0,0,0,good
americantheatrewing.org/wit/detail/new_dramatists_12_07,55,0,0,1,0,0,0,0,3,0,0,0,55,0,0,1,-1,0,0,0,good
music.yahoo.com/deweare/,24,0,0,2,0,0,0,0,2,0,0,0,24,0,0,1,-1,0,0,0,good
en.wikipedia.org/wiki/History_of_the_National_Hockey_League,59,0,0,2,0,0,0,0,2,0,0,0,59,0,0,1,-1,0,0,0,good
skycity.com.tw/down/ArcSoft/wrar36b8tc.exe,42,0,0,3,0,0,0,0,3,0,0,0,42,0,0,1,-1,0,0,0,bad
centerminasph.com.br/oo/hbb/hbb/hbb/index.php?userid=abuse@yahoo.con.cn,71,0,1,5,0,0,0,0,5,0,0,0,45,25,3,1,-1,0,0,0,bad
boardreader.com/thread/1996_Cadillac_El_Dorado_Trunk_lid_motor_5hrk8Xaz6y.html,78,0,0,2,0,0,0,0,2,0,0,0,78,0,0,1,-1,0,0,0,good
cbssports.com/nhl/players/playerpage/1628813/max-pacioretty,59,0,0,1,0,0,0,0,5,0,0,0,59,0,0,1,-1,0,0,0,good
en.wikiquote.org/wiki/Hamlet,28,0,0,2,0,0,0,0,2,0,0,0,28,0,0,1,-1,0,0,0,good
thebaybridged.com/2011/10/28/saturday-case-studies-at-1-2-3-4-go-records/,73,0,0,1,0,0,0,0,5,0,0,0,73,0,0,1,-1,0,0,0,good
rotoworld.com/recent/nfl/5773/anthony-dixon,43,0,0,1,0,0,0,0,4,0,0,0,43,0,0,1,-1,0,0,0,good
crime.about.com/od/history/qt/lstwrds_Grhm.htm,46,0,0,3,0,0,0,0,4,0,0,0,46,0,0,1,-1,0,0,0,good
sanluisweb.50webs.com/oi598tv,29,0,0,2,0,0,0,0,1,0,0,0,29,0,0,1,-1,0,0,0,bad
csuvikings.com/sports/m-baskbl/clst-m-baskbl-75countdown.html,61,0,0,2,0,0,0,0,3,0,0,0,61,0,0,1,-1,0,0,0,good
yellowbot.com/novey-animal-hospital-tallahassee-fl.html,55,0,0,2,0,0,0,0,1,0,0,0,55,0,0,1,-1,0,0,0,good
linkedin.com/pub/robert-park/a/590/391,38,0,0,1,0,0,0,0,5,0,0,0,38,0,0,1,-1,0,0,0,good
www.arcadeathome.com/forums/forumdisplay.php?fid=7,50,0,0,3,0,0,0,0,2,0,0,0,44,5,2,1,-1,0,0,0,good
sandiego.gov/park-and-recreation/golf/torreypines/reservations/index.shtml,74,0,0,2,0,0,0,0,5,0,0,0,74,0,0,0,-1,0,0,0,good
www.fulltechmedia.cl/~be/paypal/_webscr1.php?cmd=_confirm&session=gx4w5u1drmu8jxhd_0jblthbz_hhr6-k2ek4hq48uljouijhn1bet4azmj0&dispatch=y4q4w3v3r3n3s2e373f3257403b474m3q3n4j3c5x4x3u3n2s3c304e2,191,0,0,3,0,0,0,0,3,0,0,0,44,146,6,0,-1,0,0,0,bad
last.fm/music/Maldroid/_/Heck+No%21+%28I%27ll+Never+Listen+To+Techno%29,71,0,0,1,0,0,0,0,4,0,0,0,71,0,4,0,-1,0,0,0,good
zazzle.com/clan_macaulay_tartan_tshirt-235747888369847061,57,0,0,1,0,0,0,0,1,0,0,0,57,0,0,1,-1,0,0,0,good
allposters.com/-st/Footlight-Serenade-1942-Posters_c42865_.htm,62,0,0,2,0,0,0,0,2,0,0,0,62,0,0,1,-1,0,0,0,good
carleton.ca/choir/,18,0,0,1,0,0,0,0,2,0,0,0,18,0,0,0,-1,0,0,0,good
alacrastore.com/company-snapshot/GLV_Inc-1088263,48,0,0,1,0,0,0,0,2,0,0,0,48,0,0,1,-1,0,0,0,good
allencountyohio.com/commissioners/com_bassitt.php,49,0,0,2,0,0,0,0,2,0,0,0,49,0,0,1,-1,0,0,0,good
makijun.blogspot.com/,21,0,0,2,0,0,0,0,1,0,0,0,21,0,0,1,-1,0,0,0,good
www.renatacerqueira.com.br/remax1/index.htm,43,0,0,4,0,0,0,0,2,0,0,0,43,0,0,1,-1,0,0,0,bad
www.prensanorte.cl/wp-includes/images/smilies/Login.html,56,0,0,3,0,0,0,0,4,0,0,1,56,0,0,0,-1,0,0,0,bad
colortekart.com/wp-admin/network/drooppbx/LoginVerification.php,63,0,0,2,0,0,0,0,4,0,0,1,63,0,0,1,-1,0,0,0,bad
www.forums-managementz.tk/login.asp?ref=us.battle.net/account/management/index.xml&amp;app=bam,94,0,0,6,0,0,0,0,1,0,0,1,35,58,4,0,-1,0,0,0,bad
en.wikipedia.org/wiki/Idi_i_smotri,34,0,0,2,0,0,0,0,2,0,0,0,34,0,0,1,-1,0,0,0,good
file.masterdonatelli.com/drop/doc/index.html,44,0,0,3,0,0,0,0,3,0,0,0,44,0,0,1,-1,0,0,0,bad
lanceloong.tripod.com/index.html,32,0,0,3,0,0,0,0,1,0,0,0,32,0,0,1,-1,0,0,0,good
alphyt.com/fr/common/Flash/index.html,37,0,0,2,0,0,0,0,4,0,0,0,37,0,0,1,-1,0,0,0,bad
boxrec.com/list_bouts.php?human_id=24925&cat=boxer,50,0,0,2,0,0,0,0,1,0,0,0,25,24,4,1,-1,0,0,0,good
www.yhssm.info/page/vote.php?pid=37,35,0,0,3,0,0,0,0,2,0,0,0,28,6,2,1,-1,0,0,0,bad
www.paypal.com.us.webscrlcmdl.login.submit.dispatch.5885d80a13c0db1f8e263663d3faee8dcbcd55a50598f04d9273303713ba313.5885d80a13c0db1f8e263663d3f.aee811d01j111yh0111isl153364wxekhteamindexfo100011s.digicozum.com/limit/Limit-id=gj33HshL1M02UBG376jUeie4364cC7EGBko445RYM06383dnUN6/066334c6f1dad759afae45ffc1848bb3/,310,0,0,12,0,0,0,0,4,0,0,1,310,0,1,1,-1,0,0,0,bad
firstcommercialbank.com/index.cfm?ID=447,40,0,0,2,0,0,0,0,1,0,0,0,33,6,2,1,-1,0,0,0,good
sportsillustrated.cnn.com/hockey/nhl/players/640/,49,0,0,2,0,0,0,0,5,0,0,0,49,0,0,1,-1,0,0,0,good
h-zd.ru/d6twg,13,0,0,1,0,0,0,0,1,0,0,0,13,0,0,0,-1,0,0,0,bad
warrenjewellers.com/filewordsss/,32,0,0,1,0,0,0,0,2,0,0,0,32,0,0,1,-1,0,0,0,bad
nfl.com/teams/oaklandraiders/profile?team=OAK,45,0,0,1,0,0,0,0,3,0,0,0,36,8,2,1,-1,0,0,0,good
waltdisney.worldtravel3.com/,28,0,0,2,0,0,0,0,1,0,0,0,28,0,0,1,-1,0,0,0,good
www.monroetruck.com/armoredvehicles.asp,39,0,0,3,0,0,0,0,1,0,0,0,39,0,0,1,-1,0,0,0,good
tools.ietf.org/html/rfc2908,27,0,0,2,0,0,0,0,2,0,0,0,27,0,0,1,-1,0,0,0,good
uk-martialartist.co.uk/,23,0,0,2,0,0,0,0,1,0,0,0,23,0,0,0,-1,0,0,0,good
cafm.mn/french/wp-content/uploads/2012/09/french/webscr.htm?amp;a&amp;bshowgif=&amp;cmd=SignIn&amp;co_partnerId=2&amp;i1=&amp;pa1=&amp;pageType=&amp;pUserId=&amp;siteid=0&amp;UsingSSL,183,0,0,2,0,0,0,0,7,0,0,0,59,123,18,0,-1,0,0,0,bad
coupdemainmagazine.com/,23,0,0,1,0,0,0,0,1,0,0,0,23,0,0,1,-1,0,0,0,good
cbc.ca/news/quebecvotes2008/ridings/,36,0,0,1,0,0,0,0,4,0,0,0,36,0,0,0,-1,0,0,0,good
emersonquartet.com/artist.php?view=bio&bid=143,46,0,0,2,0,0,0,0,1,0,0,0,29,16,4,1,-1,0,0,0,good
sportal.co.nz/,14,0,0,2,0,0,0,0,1,0,0,0,14,0,0,0,-1,0,0,0,good
23youngwear.com/coast/excel/excel/?email=abuse@c3-worldwide.com,63,0,1,2,0,0,0,0,4,0,0,0,34,28,3,1,-1,0,0,0,bad
baslangicakademi.com/images/stories/motivacao/contato.html,58,0,0,2,0,0,0,0,4,0,0,0,58,0,0,1,-1,0,0,0,bad
greenfieldvideofest.org/,24,0,0,1,0,0,0,0,1,0,0,0,24,0,0,1,-1,0,0,0,good
zygomadental.com/images/share/2015/index.htm,44,0,0,2,0,0,0,0,4,0,0,0,44,0,0,1,-1,0,0,0,bad
judgepedia.org/index.php/Harold_Ackerman,40,0,0,2,0,0,0,0,2,0,0,0,40,0,0,1,-1,0,0,0,good
local.botw.org/California/Concord/Bank_of_America/150907349.html,64,0,0,3,0,0,0,0,4,0,0,0,64,0,0,1,-1,0,0,0,good
hosannadance.blogspot.com/,26,0,0,2,0,0,0,0,1,0,0,0,26,0,0,1,-1,0,0,0,good
109.248.59.80/data/info.php,27,1,0,4,0,0,0,0,2,0,0,0,27,0,0,0,-1,0,0,0,bad
videsh.com/india_travel/indian-supermarkets/united-states.html,62,0,0,2,0,0,0,0,3,0,0,0,62,0,0,1,-1,0,0,0,good
theweathernetwork.com/index.php?product=weather&pagecontent=cancitiesqc_en,74,0,0,2,0,0,0,0,1,0,0,0,31,42,4,1,-1,0,0,0,good
ecvv.com/product_directory/Passenger-Bus.html,45,0,0,2,0,0,0,0,2,0,0,0,45,0,0,1,-1,0,0,0,good
muchcocaugh.com/zapoy/gate.php,30,0,0,2,0,0,0,0,2,0,0,0,30,0,0,1,-1,0,0,0,bad
legendshow.com/images/4582234358/793540354/,43,0,0,1,0,0,0,0,4,0,0,0,43,0,0,1,-1,0,0,0,bad
scribblguy.50megs.com/twa800links.htm,37,0,0,3,0,0,0,0,1,0,0,0,37,0,0,1,-1,0,0,0,good
tv.com/people/rachelle-lefevre/,31,0,0,1,0,0,0,0,3,0,0,0,31,0,0,1,-1,0,0,0,good
store.handmark.com/p/2688/handmark-fireworks-for-blackberry/,60,0,0,2,0,0,0,0,4,0,0,0,60,0,0,1,-1,0,0,0,good
www.sma.df.gob.mx/sma/links/download/imedata/historico/redda/acount/activation_online/bbva/empre.html,101,0,0,5,0,0,0,0,10,0,0,0,101,0,0,0,-1,0,0,0,bad
everything.explained.at/contents/list_CON.htm,45,0,0,3,0,0,0,0,2,0,0,0,45,0,0,0,-1,0,0,0,good
tvshowsonline24.com/episode/Jacob-Two-Two,41,0,0,1,0,0,0,0,2,0,0,0,41,0,0,1,-1,0,0,0,good
apartmentratings.com/rate/MO-Kansas-City-Cold-Storage-Lofts-706988.html,71,0,0,2,0,0,0,0,2,0,0,0,71,0,0,1,-1,0,0,0,good
censusonline.us/browse/TRAN/,28,0,0,1,0,0,0,0,3,0,0,0,28,0,0,0,-1,0,0,0,good
en.wikipedia.org/wiki/Lily_Allen_discography,44,0,0,2,0,0,0,0,2,0,0,0,44,0,0,1,-1,0,0,0,good
joyofgiving.com.au/1b6v94yu,27,0,0,2,0,0,0,0,1,0,0,0,27,0,0,1,-1,0,0,0,bad
soundunwound.com/music/buddy-miller/poison-love/hightone-records-1997-cd/2253542,80,0,0,1,0,0,0,0,5,0,0,0,80,0,0,1,-1,0,0,0,good
hiltonhawaiianvillage.com/,26,0,0,1,0,0,0,0,1,0,0,0,26,0,0,1,-1,0,0,0,good
amazon.com/Rhythmatist-Stewart-Copeland/dp/B000002GH0,53,0,0,1,0,0,0,0,3,0,0,0,53,0,0,1,-1,0,0,0,good
huaphone.net/js/?us.battle.net/login/en/?ref=us.battle.net/d3/en/index,70,0,0,5,0,0,0,0,2,0,0,1,16,53,3,1,-1,0,0,0,bad
suburbanvampire.blogspot.com/2008/04/vampire-films-in-2008-2009-and-2010.html,77,0,0,3,0,0,0,0,3,0,0,0,77,0,0,1,-1,0,0,0,good
dctheatrescene.com/2010/11/15/the-happy-elf/,44,0,0,1,0,0,0,0,5,0,0,0,44,0,0,1,-1,0,0,0,good
www.mejormercado.net/PP13/PP2013/webapps/mpp/home/index-new.php,63,0,0,3,0,0,0,0,6,0,0,0,63,0,0,1,-1,0,0,0,bad
zimbio.com/Joel+Anthony,23,0,0,1,0,0,0,0,1,0,0,0,23,0,0,1,-1,0,0,0,good
bigten.org/genrel/062205aab.html,32,0,0,2,0,0,0,0,2,0,0,0,32,0,0,1,-1,0,0,0,good
aboriginalartdirectory.com/artists/artist-listing.php,53,0,0,2,0,0,0,0,2,0,0,0,53,0,0,1,-1,0,0,0,good
gosouthamerica.about.com/,25,0,0,2,0,0,0,0,1,0,0,0,25,0,0,1,-1,0,0,0,good
linkedin.com/pub/dir/+/Gabrini/ca-0-Canada/,43,0,0,1,0,0,0,0,6,0,0,0,43,0,0,1,-1,0,0,0,good
travelcompru.com/9s6svq,23,0,0,1,0,0,0,0,1,0,0,0,23,0,0,1,-1,0,0,0,bad
en.wikipedia.org/wiki/Otto_Joachim,34,0,0,2,0,0,0,0,2,0,0,0,34,0,0,1,-1,0,0,0,good
genforum.genealogy.com/ms/itawamba/messages/34079.html,54,0,0,3,0,0,0,0,4,0,0,0,54,0,0,1,-1,0,0,0,good
web.ics.purdue.edu/~njp/Glancy.html,35,0,0,4,0,0,0,0,2,0,0,0,35,0,0,0,-1,0,0,0,good
mayafoods.com/,14,0,0,1,0,0,0,0,1,0,0,0,14,0,0,1,-1,0,0,0,good
nycguitarschool.com/,20,0,0,1,0,0,0,0,1,0,0,0,20,0,0,1,-1,0,0,0,good
hemisferiocatering.com/1Drivefiles/index.php,44,0,0,2,0,0,0,0,2,0,0,0,44,0,0,1,-1,0,0,0,bad
jgbassessoria.com.br/images/1x/index.php,40,0,0,3,0,0,0,0,3,0,0,0,40,0,0,1,-1,0,0,0,bad
www . forensic . zyns . com / monitor / images / Smartzh131225 . gif,68,0,0,4,0,0,0,0,3,0,0,0,68,0,0,0,-1,0,0,0,bad
en.wikipedia.org/wiki/Derrick_Brown,35,0,0,2,0,0,0,0,2,0,0,0,35,0,0,1,-1,0,0,0,good
savingfaithchurch.org/wp-content/plugins/update/index.php?userid,64,0,0,2,0,0,0,0,4,0,0,1,57,6,1,1,-1,0,0,0,bad
benmeadowcroft.com/reports/corbato/,35,0,0,1,0,0,0,0,3,0,0,0,35,0,0,1,-1,0,0,0,good
164.132.50.144/module/272a5ad4a1b97a2ac874d6d3e5fff01d/,55,1,0,3,0,0,0,0,3,0,0,0,55,0,0,0,-1,0,0,0,bad
filmconnection.com/courses/film-directing,41,0,0,1,0,0,0,0,2,0,0,0,41,0,0,1,-1,0,0,0,good
miami.craigslist.org/pbc/pts/2692773589.html,44,0,0,3,0,0,0,0,3,0,0,0,44,0,0,1,-1,0,0,0,good
exposbaseball.blogspot.com/,27,0,0,2,0,0,0,0,1,0,0,0,27,0,0,1,-1,0,0,0,good
tamu.edu/faculty/ccbn/dewitt/sjvetsunit.htm,43,0,0,2,0,0,0,0,4,0,0,0,43,0,0,0,-1,0,0,0,good
sports.yahoo.com/nfl/playoffscenario?algorithm=WinningPct,57,0,0,2,0,0,0,0,2,0,0,0,36,20,2,1,-1,0,0,0,good
beautyandthesenior.com/,23,0,0,1,0,0,0,0,1,0,0,0,23,0,0,1,-1,0,0,0,good
nosorigines.qc.ca/genealogielistfirstname.aspx?ancestor=11&Family=Jolicoeur_92&lng=en,85,0,0,3,0,0,0,0,1,0,0,0,46,38,6,0,-1,0,0,0,good
mateos.pl/bomiko_s/ajax/grid/fd/adeb/adobe.php,46,0,0,2,0,0,0,0,6,0,0,0,46,0,0,0,-1,0,0,0,bad
www.kolumbus.fi/~kj2275/gurps/,30,0,0,2,0,0,0,0,3,0,0,0,30,0,0,0,-1,0,0,0,good
boards.ancestry.com/localities.northam.canada.quebec.general/11961.1/mb.ashx,76,0,0,8,0,0,0,0,3,0,0,0,76,0,0,1,-1,0,0,0,good
www.zdlt.net/nts/Restore_Form.html,34,0,0,3,0,0,0,0,2,0,0,0,34,0,0,1,-1,0,0,0,bad
es.goldenmap.com/Tennessee_Ernie_Ford,37,0,0,2,0,0,0,0,1,0,0,0,37,0,0,1,-1,0,0,0,good
freeform.org/music/e/Charles_Earland.html,41,0,0,2,0,0,0,0,3,0,0,0,41,0,0,1,-1,0,0,0,good
listenonline24.com/listen/La_Raza_933,37,0,0,1,0,0,0,0,2,0,0,0,37,0,0,1,-1,0,0,0,good
imdb.com/name/nm1822271/,24,0,0,1,0,0,0,0,3,0,0,0,24,0,0,1,-1,0,0,0,good
youtube.com/watch?v=5FwTnNUSVi0,31,0,0,1,0,0,0,0,1,0,0,0,17,13,2,1,-1,0,0,0,good
youtube.com/watch?v=7ccQOT5mxHw,31,0,0,1,0,0,0,0,1,0,0,0,17,13,2,1,-1,0,0,0,good
defendingnaturaldeath.org/speakers,34,0,0,1,0,0,0,0,1,0,0,0,34,0,0,1,-1,0,0,0,good
kggo.com/,9,0,0,1,0,0,0,0,1,0,0,0,9,0,0,1,-1,0,0,0,good
nasdaq.com/symbol/cpwm,22,0,0,1,0,0,0,0,2,0,0,0,22,0,0,1,-1,0,0,0,good
www-sop.inria.fr/tropics/,25,0,0,2,0,0,0,0,2,0,0,0,25,0,0,0,-1,0,0,0,good
ebay.com/itm/Hey-Say-JUMP-Hitomi-no-Screen-2010-Japan-Ltd-CD-DVD-/300433651514,78,0,0,1,0,0,0,0,3,0,0,0,78,0,0,1,-1,0,0,0,good
roccotube.com/Hollie-Stevens.html,33,0,0,2,0,0,0,0,1,0,0,0,33,0,0,1,-1,0,0,0,good
sourceforge.net/projects/phpsqlxml/,35,0,0,1,0,0,0,0,3,0,0,0,35,0,0,1,-1,0,0,0,good
far-infraredsaunas.com/jhg45s,29,0,0,1,0,0,0,0,1,0,0,0,29,0,0,1,-1,0,0,0,bad
ns1.r3resolve.com/,18,0,0,2,0,0,0,0,1,0,0,0,18,0,0,1,-1,0,0,0,bad
genealogy.si/srdindex/W04.html,30,0,0,2,0,0,0,0,2,0,0,0,30,0,0,0,-1,0,0,0,good
lionsmetro.org/~dolphin/paypal/,31,0,0,1,0,0,0,0,3,0,0,0,31,0,0,1,-1,0,0,0,bad
tvarchive.ca/database/17076/front_page_challenge/episode_guide/,63,0,0,1,0,0,0,0,5,0,0,0,63,0,0,0,-1,0,0,0,good
www.ansi.okstate.edu/breeds/swine/hereford/,43,0,0,3,0,0,0,0,4,0,0,0,43,0,0,0,-1,0,0,0,good
howtosucceed.tripod.com/54ghnnuo,32,0,0,2,0,0,0,0,1,0,0,0,32,0,0,1,-1,0,0,0,bad
rottentomatoes.com/celebrity/yannick_bisson/,44,0,0,1,0,0,0,0,3,0,0,0,44,0,0,1,-1,0,0,0,good
greatwolf.com/grapevine/epack,29,0,0,1,0,0,0,0,2,0,0,0,29,0,0,1,-1,0,0,0,good
facebook.com/event.php?eid=277232195621167,42,0,0,2,0,0,0,0,1,0,0,0,22,19,2,1,-1,0,0,0,good
ca.linkedin.com/pub/bill-eggertson/19/1bb/5a7,45,0,0,2,0,0,0,0,5,0,0,0,45,0,0,1,-1,0,0,0,good
royalsretro.blogspot.com/2008/02/100-greatest-royals-of-all-time-62.html,72,0,0,3,0,0,0,0,3,0,0,0,72,0,0,1,-1,0,0,0,good
bookrags.com/The_Plague,23,0,0,1,0,0,0,0,1,0,0,0,23,0,0,1,-1,0,0,0,good
ingservice.ro/845yfgh?sblbdpb=jfhnqnl,37,0,0,1,0,0,0,0,1,0,0,0,21,15,2,0,-1,0,0,0,bad
vidgrids.com/oaksterdam-university,34,0,0,1,0,0,0,0,1,0,0,0,34,0,0,1,-1,0,0,0,good
191.101.31.126/gfileset.php,27,1,0,4,0,0,0,0,1,0,0,0,27,0,0,0,-1,0,0,0,bad
absoluteastronomy.com/topics/Sweden_national_football_team,58,0,0,1,0,0,0,0,2,0,0,0,58,0,0,1,-1,0,0,0,good
www.avocatapostu.ro/wp-content/themes/BusinessCard/cache/yum-log/r/amabsto/paypal.dk/home.htm,93,0,0,4,0,0,0,0,9,0,0,0,93,0,0,0,-1,0,0,0,bad
ripoffreport.com/internet-fraud/gerald-t-mccaughey-j/gerald-t-mccaughey-jerry-ho-9jj2b.htm,90,0,0,2,0,0,0,0,3,0,0,0,90,0,0,1,-1,0,0,0,good
myspace.com/route291,20,0,0,1,0,0,0,0,1,0,0,0,20,0,0,1,-1,0,0,0,good
nirvana.com.sg/boatse/dropbox/ipad,34,0,0,2,0,0,0,0,3,0,0,0,34,0,0,1,-1,0,0,0,bad
cgw.com/Press-Center/News/2011/Walt-Disney-Animation-Studios-Announces-Open-Sou.aspx,84,0,0,2,0,0,0,0,4,0,0,0,84,0,0,1,-1,0,0,0,good
www.beck-kituzo.hu/9q4tim4,26,0,0,2,0,0,0,0,1,0,0,0,26,0,0,0,-1,0,0,0,bad
edref.com/college-degrees/engineering/computer-engineering/illinois,67,0,0,1,0,0,0,0,4,0,0,0,67,0,0,1,-1,0,0,0,good
genforum.familytreemaker.com/dorion/,36,0,0,2,0,0,0,0,2,0,0,0,36,0,0,1,-1,0,0,0,good
artsway-mfg.com/latest-news-releases/arts-way-manufacturing-introduces-model-5165grinder-mixer-at-eurotier-2008-exhibition-in-hanover-germany/,142,0,0,1,0,0,0,0,3,0,0,0,142,0,0,1,-1,0,0,0,good
insta.reduct.ru/,16,0,0,2,0,0,0,0,1,0,0,0,16,0,0,0,-1,0,0,0,bad
cookeatshare.com/popular/axum-empire-food-recipes,49,0,0,1,0,0,0,0,2,0,0,0,49,0,0,1,-1,0,0,0,good
mi-berau.com/.https/www6/rbc.com/webapp/ukv0/signin/logon.xhtml/b7db756502e3fa2d58c6ea23264fd634/index.php?wreply=cGV0ZXJfYmFsZGVvQHRkY2hyaXN0aWFuLmNhDQ=,153,0,0,5,0,0,0,0,9,0,0,0,106,46,3,1,-1,0,0,0,bad
guardian.co.uk/world/2010/feb/22/brazil-canada,46,0,0,2,0,0,0,0,5,0,0,0,46,0,0,0,-1,0,0,0,good
englishinphoenix.com/,21,0,0,1,0,0,0,0,1,0,0,0,21,0,0,1,-1,0,0,0,good
packages.debian.org/stable/virtual/x-terminal-emulator,54,0,0,2,0,0,0,0,3,0,0,0,54,0,0,1,-1,0,0,0,good
spoke.com/info/pH9hWr/BurtAlper,31,0,0,1,0,0,0,0,3,0,0,0,31,0,0,1,-1,0,0,0,good
mylife.com/emiledefelice,24,0,0,1,0,0,0,0,1,0,0,0,24,0,0,1,-1,0,0,0,good
connect.in.com/prudent-beaudry/profile-225507.html,50,0,0,3,0,0,0,0,2,0,0,0,50,0,0,1,-1,0,0,0,good
facebook.com/pages/Integrated-Mixed-Martial-Arts-Australia/112003657406,71,0,0,1,0,0,0,0,3,0,0,0,71,0,0,1,-1,0,0,0,good
manga.about.com/od/fanresources/p/animeexpo.htm,47,0,0,3,0,0,0,0,4,0,0,0,47,0,0,1,-1,0,0,0,good
writework.com/tag/amalgamation,30,0,0,1,0,0,0,0,2,0,0,0,30,0,0,1,-1,0,0,0,good
tallhoody.com/wp-includes/pomo/idx.php?id=,42,0,0,2,0,0,0,0,3,0,0,0,38,3,2,1,-1,0,0,0,bad
pipl.com/directory/name/kilcur,30,0,0,1,0,0,0,0,3,0,0,0,30,0,0,1,-1,0,0,0,good
bussiness.38370.kingdream.kz/login-error.php?login=c6a33f3119716d31445361c9bef42d08,83,0,0,4,0,0,0,0,1,0,0,1,44,38,2,0,-1,0,0,0,bad
184.164.107.103/topic11.png,27,1,0,4,0,0,0,0,1,0,0,0,27,0,0,0,-1,0,0,0,bad
79.127.127.84/~tadkala/errors/webftp,36,1,0,3,0,0,0,0,3,0,0,0,36,0,0,0,-1,0,0,0,bad
wn.com/Mercury_Zephyr,21,0,0,1,0,0,0,0,1,0,0,0,21,0,0,1,-1,0,0,0,good
alacrastore.com/research/thomson-streetevents-Q4_2011_James_Hardie_Industries_SE_Earnings_Conference_Call-T3980753,114,0,0,1,0,0,0,0,2,0,0,0,114,0,0,1,-1,0,0,0,good
arenafootball.com/team/spokane-shock,36,0,0,1,0,0,0,0,2,0,0,0,36,0,0,1,-1,0,0,0,good
content.usatoday.com/community/tags/topic.aspx?req=tag&tag=Michael%20Ryan,73,0,0,3,0,0,0,0,3,0,0,0,46,26,5,1,-1,0,0,0,good
en.wikipedia.org/?title=Isis,28,0,0,2,0,0,0,0,1,0,0,0,17,10,2,1,-1,0,0,0,good
artstone-too.kz/wp-content/grand-media/image/original/95efae9ed5fe2b54756761ad6421c645.jpg.php,94,0,0,3,0,0,0,0,5,0,0,0,94,0,0,0,-1,0,0,0,bad
roberto.kellerperez.com/2010/04/ants-on-tele-quebec/,52,0,0,2,0,0,0,0,4,0,0,0,52,0,0,1,-1,0,0,0,good
findadeath.com/Deceased/m/Elizabeth%20Montgomery/elizabeth_montgomery.htm,73,0,0,2,0,0,0,0,4,0,0,0,73,0,1,1,-1,0,0,0,good
engr.uky.edu/csl/ga.html,24,0,0,3,0,0,0,0,2,0,0,0,24,0,0,0,-1,0,0,0,good
halloween-decorations-and-costumes.com/ctry/hiut.html,53,0,0,2,0,0,0,0,2,0,0,0,53,0,0,1,-1,0,0,0,bad
mikek.biz/jobs/Panel/,21,0,0,1,0,0,0,0,3,0,0,0,21,0,0,0,-1,0,0,0,bad
'fmob.km.ua/Remax/Secure Login.html',36,0,0,3,0,0,0,0,2,0,0,1,36,0,0,0,-1,0,0,0,bad
fanbase.com/photo/399423,24,0,0,1,0,0,0,0,2,0,0,0,24,0,0,1,-1,0,0,0,good
elliman.com/agents/by-letter/s,30,0,0,1,0,0,0,0,3,0,0,0,30,0,0,1,-1,0,0,0,good
athessupren.ru/gate.php,23,0,0,2,0,0,0,0,1,0,0,0,23,0,0,0,-1,0,0,0,bad
thefreedictionary.com/cost-plus,31,0,0,1,0,0,0,0,1,0,0,0,31,0,0,1,-1,0,0,0,good
two.jhvjhvhvhjv.biz/bsww4q9fty\nholotilicga.medproshealthcare.com/bannerbox/frame.html,86,0,0,5,0,0,0,0,3,0,0,0,86,0,0,1,-1,0,0,0,bad
www.biasca.com/biasca.com.ar/,29,0,0,4,0,0,0,0,2,0,0,0,29,0,0,1,-1,0,0,0,good
loanmarket.com.au/mike-ruiz/,28,0,0,2,0,0,0,0,2,0,0,0,28,0,0,1,-1,0,0,0,good
trustees.sc.edu/biographies.html,32,0,0,3,0,0,0,0,1,0,0,0,32,0,0,0,-1,0,0,0,good
liceuminbak.com/nzbnaotr,24,0,0,1,0,0,0,0,1,0,0,0,24,0,0,1,-1,0,0,0,bad
gayroute.ca.freehosting.net/,28,0,0,3,0,0,0,0,1,0,0,0,28,0,0,1,-1,0,0,0,good
freebase.com/view/en/denver_international_airport,49,0,0,1,0,0,0,0,3,0,0,0,49,0,0,1,-1,0,0,0,good
pipl.com/directory/name/Mbula,29,0,0,1,0,0,0,0,3,0,0,0,29,0,0,1,-1,0,0,0,good
www.freewebs.com/tgevaert/,26,0,0,2,0,0,0,0,2,0,0,0,26,0,0,1,-1,0,0,0,good
dotcom-enterprises.com/jhg45s,29,0,0,1,0,0,0,0,1,0,0,0,29,0,0,1,-1,0,0,0,bad
thenewpress.com/index.php?option=com_title&task=view_title&metaproductid=1714,77,0,0,2,0,0,0,0,1,0,0,0,25,51,6,1,-1,0,0,0,good
abulhoul.ae/9uhg5vd3,20,0,0,1,0,0,0,0,1,0,0,0,20,0,0,0,-1,0,0,0,bad
us.battle.net-d3-bizzard-net.account-com.net/battle_net_account.php?ref=us.battle.net/account/management/index.xml&app=bam,122,0,0,8,0,0,0,0,1,0,0,1,67,54,4,1,-1,0,0,0,bad
klovaks.net/2blv5d7Tw18rzk967826/aW5mb0BtYXJrZW5tZXNzZXIyNC5kZQ==/xDEsdR/Y2hyaXNjZWwubmV0,89,0,0,1,0,0,0,0,4,0,0,0,89,0,2,1,-1,0,0,0,bad
absoluteastronomy.com/topics/Edmonton_Oilers,44,0,0,1,0,0,0,0,2,0,0,0,44,0,0,1,-1,0,0,0,good
pt.goldenmap.com/Digital_Underground,36,0,0,2,0,0,0,0,1,0,0,0,36,0,0,1,-1,0,0,0,good
lalcointeriors.com/skin/images/--/amli/assurence/126e2e290311078ee28a9521ec93197b/,82,0,0,1,0,0,0,0,7,0,0,0,82,0,0,1,-1,0,0,0,bad
uk.linkedin.com/pub/allan-sweeney/4/267/aa9,43,0,0,2,0,0,0,0,5,0,0,0,43,0,0,1,-1,0,0,0,good
tunein.com/radio/Premi%c3%a8re-Cha%c3%aene-Sherbrooke-1011-s12505/,66,0,0,1,0,0,0,0,3,0,0,0,66,0,4,1,-1,0,0,0,good
wn0ir6.lg3p7.top,16,0,0,2,0,0,0,0,0,0,0,0,16,0,0,0,-1,0,0,0,bad
michigangasprices.com/,22,0,0,1,0,0,0,0,1,0,0,0,22,0,0,1,-1,0,0,0,good
209.193.89.252/topic11.png,26,1,0,4,0,0,0,0,1,0,0,0,26,0,0,0,-1,0,0,0,bad
thedartmouth.com/2010/10/26/sports/crew,39,0,0,1,0,0,0,0,5,0,0,0,39,0,0,1,-1,0,0,0,good
soccerincollege.com/sicClub.aspx?id=NC016,41,0,0,2,0,0,0,0,1,0,0,0,32,8,2,1,-1,0,0,0,good
www.laoxuetang.com/js?us.battle.net/login/en/?ref=qfgleplus.battle.net/d3/en/index&amp;app=com-d3,97,0,0,6,0,0,0,0,1,0,0,1,21,75,5,1,-1,0,0,0,bad
www.mozilla.org/projects/mathml/,32,0,0,2,0,0,0,0,3,0,0,0,32,0,0,1,-1,0,0,0,good
lloyd-phillip.com/pngFix/aww5/index.php,39,0,0,2,0,0,0,0,3,0,0,0,39,0,0,1,-1,0,0,0,bad
bvets.com/ate5/index.html,25,0,0,2,0,0,0,0,2,0,0,0,25,0,0,1,-1,0,0,0,bad
stubhub.com/saputo-stadium-tickets/,35,0,0,1,0,0,0,0,2,0,0,0,35,0,0,1,-1,0,0,0,good
www.thegatheringatthecross.com/lizcuccia/webs.htm,49,0,0,3,0,0,0,0,2,0,0,0,49,0,0,1,-1,0,0,0,bad
downarchive.com/a97/da/jerry+cantrell+degradation+trip+2002,59,0,0,1,0,0,0,0,3,0,0,0,59,0,0,1,-1,0,0,0,good
spoke.com/info/pzVLRS/NickPhillips,34,0,0,1,0,0,0,0,3,0,0,0,34,0,0,1,-1,0,0,0,good
dedivan.ru/cart.php?addproduct=65,33,0,0,2,0,0,0,0,1,0,0,0,19,13,2,0,-1,0,0,0,bad
filetram.com/download/mediafire/1530354805/macy-gray-the-very-best-of-macy-gray-gustavo-music77-para-taringa-net-zip,116,0,0,1,0,0,0,0,4,0,0,0,116,0,0,1,-1,0,0,0,good
espn.go.com/blog/ncfnation/category/_/name/iowa-hawkeyes,56,0,0,2,0,0,0,0,6,0,0,0,56,0,0,1,-1,0,0,0,good
muppet.wikia.com/wiki/Elias_Koteas,34,0,0,2,0,0,0,0,2,0,0,0,34,0,0,1,-1,0,0,0,good
www.sugihara.com/ruby/,22,0,0,2,0,0,0,0,2,0,0,0,22,0,0,1,-1,0,0,0,good
spokeo.com/Larry+Bedell,23,0,0,1,0,0,0,0,1,0,0,0,23,0,0,1,-1,0,0,0,good
lionhub.com.au/wp-content/themes/webstat/kundencenter_mobilfunk,63,0,0,2,0,0,0,0,4,0,0,0,63,0,0,1,-1,0,0,0,bad
ca.answers.yahoo.com/question/index?qid=20080426195614AAQOJG8,61,0,0,3,0,0,0,0,2,0,0,0,35,25,2,1,-1,0,0,0,good
en-pi.facebook.com/people/Tommy-Russell/547165634,49,0,0,2,0,0,0,0,3,0,0,0,49,0,0,1,-1,0,0,0,good
bcp-usw10.zenfs.com/adgallery/2011/12/03/3534?noredirect=1&amp;visited=gops.use10.mobstor.vip.bf1.yahoo.com,107,0,0,8,0,0,0,0,5,0,0,0,45,61,4,1,-1,0,0,0,bad
en.wikipedia.org/wiki/2011_New_Orleans_VooDoo_season,52,0,0,2,0,0,0,0,2,0,0,0,52,0,0,1,-1,0,0,0,good
hockeydb.com/ihdb/stats/leagues/seasons/teams/0002332009.html,61,0,0,2,0,0,0,0,6,0,0,0,61,0,0,1,-1,0,0,0,good
regionalrags.com/?tag=reitmans,30,0,0,1,0,0,0,0,1,0,0,0,17,12,2,1,-1,0,0,0,good
cityvisionkck.org/home/staff/,29,0,0,1,0,0,0,0,3,0,0,0,29,0,0,1,-1,0,0,0,good
deckgamez.com/wp-content/plugins/docsign/fcdc919c7daf457383852badf14025bf,73,0,0,1,0,0,0,0,4,0,0,0,73,0,0,1,-1,0,0,0,bad
musickamzee.online/,19,0,0,1,0,0,0,0,1,0,0,0,19,0,0,0,-1,0,0,0,bad
philippinecountry.com/provcitmun.html,37,0,0,2,0,0,0,0,1,0,0,0,37,0,0,1,-1,0,0,0,good
101olympians.blogspot.com/,26,0,0,2,0,0,0,0,1,0,0,0,26,0,0,1,-1,0,0,0,good
torosakiskan.com/modules/telekom/vodafone_onlinerechnung,56,0,0,1,0,0,0,0,3,0,0,0,56,0,0,1,-1,0,0,0,bad
novoselclub.com/doc/f148750cca262f0f3de0c80597677175/,53,0,0,1,0,0,0,0,3,0,0,0,53,0,0,1,-1,0,0,0,bad
tools.ietf.org/html/rfc3182,27,0,0,2,0,0,0,0,2,0,0,0,27,0,0,1,-1,0,0,0,good
factorygood.net,15,0,0,1,0,0,0,0,0,0,0,0,15,0,0,1,-1,0,0,0,bad
us.battle.net-wow-net.d3-account.net/battle_net_account.php?app=bam&amp;ref=us.battle.net/account/management/index.xml,118,0,0,8,0,0,0,0,1,0,0,1,59,58,4,1,-1,0,0,0,bad
nortagem.cl/bun/ed/wy/mid/er/ak/,32,0,0,1,0,0,0,0,7,0,0,0,32,0,0,0,-1,0,0,0,bad
library.thinkquest.org/3785/aviators.html,41,0,0,3,0,0,0,0,2,0,0,0,41,0,0,1,-1,0,0,0,good
circledhorses.com/great_horses_M-Z.htm,38,0,0,2,0,0,0,0,1,0,0,0,38,0,0,1,-1,0,0,0,good
spokeo.com/Oscar+James,22,0,0,1,0,0,0,0,1,0,0,0,22,0,0,1,-1,0,0,0,good
youtube.com/watch?v=rdhoPnbLXZw,31,0,0,1,0,0,0,0,1,0,0,0,17,13,2,1,-1,0,0,0,good
artmob.com.au/artists/artists.html,34,0,0,3,0,0,0,0,2,0,0,0,34,0,0,1,-1,0,0,0,good
zimbio.com/photos/Torrey+Mitchell/Bryan+Little,46,0,0,1,0,0,0,0,3,0,0,0,46,0,0,1,-1,0,0,0,good
uk.linkedin.com/pub/charles-doherty/26/3a1/887,46,0,0,2,0,0,0,0,5,0,0,0,46,0,0,1,-1,0,0,0,good
adcenter.looksmart.com/help/api?country_id=CA&page=cities,57,0,0,2,0,0,0,0,2,0,0,0,31,25,4,1,-1,0,0,0,good
qnpdmkh.biz/linuxsucks.php,26,0,0,2,0,0,0,0,1,0,0,0,26,0,0,0,-1,0,0,0,bad
www.paypal.ca.6845.secure1r.mx/images/cgi.bin/ca/web.scr/?cmnd=_lg&nav=714b7e77144afda4da64d2f97c24c6f9,103,0,0,7,0,0,0,0,5,0,0,1,57,45,4,0,-1,0,0,0,bad
eventful.com/performers/the-phenomenauts-/P0-001-000000299-1,60,0,0,1,0,0,0,0,3,0,0,0,60,0,0,1,-1,0,0,0,good
aimeeleesadventures.blogspot.com/,33,0,0,2,0,0,0,0,1,0,0,0,33,0,0,1,-1,0,0,0,good
www.vrg.org/journal/vj96sep/vj969coop.htm,41,0,0,3,0,0,0,0,3,0,0,0,41,0,0,1,-1,0,0,0,good
movies.about.com/od/upintheair/a/jason-reitman_3.htm,52,0,0,3,0,0,0,0,4,0,0,0,52,0,0,1,-1,0,0,0,good
oaklandairporthi.com/,21,0,0,1,0,0,0,0,1,0,0,0,21,0,0,1,-1,0,0,0,good
dongmun.sestech.co.kr/bbs/icon/AOL_Login.htm,44,0,0,4,0,0,0,0,3,0,0,1,44,0,0,0,-1,0,0,0,bad
virtualtourist.com/travel/North_America/Canada/Province_of_Quebec/Montreal-906413/Transportation-Montreal-Metro-BR-1.html,121,0,0,2,0,0,0,0,6,0,0,0,121,0,0,1,-1,0,0,0,good
'9d345009-a-62cb3a1a-s-sites.googlegroups.com/site/stickamcomlogindo/login.html?amp\%3Battredirects=2&amp;attachauth=ANoY7coVMeKcRAjRhif3UNTrF-ft5XQ26Ry5s-vD9cvtqw-kRazKcg8lu9xQqs_Bo-QxJUJ2ovnQ6BCqCUnRlJgyR6x4G6yGTxdm6chC-MEH1d62YybFNqEI4Xf3k3eykH68mgE0L8rh-cgC5k4LE0bAR5A2UWz9EAii0G1o7gMXXHJmMmZSnuxxWz7BgI9WFff5l9WDfd8h0pUo8dgE7KIkf3rzsP_tCQ\%3D\%3D&amp;attredirects=0',371,0,0,3,0,0,0,0,3,0,0,1,79,291,9,1,-1,0,0,0,bad
naymz.com/directory/wheaton,27,0,0,1,0,0,0,0,2,0,0,0,27,0,0,1,-1,0,0,0,good
copsro.sk/jlcz2sal,18,0,0,1,0,0,0,0,1,0,0,0,18,0,0,0,-1,0,0,0,bad
hcl.harvard.edu/hfa/films/2010aprjun/sf1970.html,48,0,0,3,0,0,0,0,4,0,0,0,48,0,0,0,-1,0,0,0,good
anhsaodem.info/,15,0,0,1,0,0,0,0,1,0,0,0,15,0,0,1,-1,0,0,0,bad
reverbnation.com/play_now/9203798,33,0,0,1,0,0,0,0,2,0,0,0,33,0,0,1,-1,0,0,0,good
www.angelfire.com/wi2/tkoa/index.html,37,0,0,3,0,0,0,0,3,0,0,0,37,0,0,1,-1,0,0,0,good
myspace.com/pitbull2112,23,0,0,1,0,0,0,0,1,0,0,0,23,0,0,1,-1,0,0,0,good
sports.espn.go.com/espn/wire?section=nfl&id=5875873,51,0,0,3,0,0,0,0,2,0,0,0,28,22,4,1,-1,0,0,0,good
sharks.nhl.com/club/stats.htm?season=20082009,45,0,0,3,0,0,0,0,2,0,0,0,29,15,2,1,-1,0,0,0,good
spoke.com/info/pC6UXqH/LeilaAalam,33,0,0,1,0,0,0,0,3,0,0,0,33,0,0,1,-1,0,0,0,good
chefcolleenmullen.com/,22,0,0,1,0,0,0,0,1,0,0,0,22,0,0,1,-1,0,0,0,good
en.wikipedia.org/wiki/George_Post,33,0,0,2,0,0,0,0,2,0,0,0,33,0,0,1,-1,0,0,0,good
ca.linkedin.com/directory/people/ca/evanson.html,48,0,0,3,0,0,0,0,4,0,0,0,48,0,0,1,-1,0,0,0,good
johnweeks.com/river_missouri/river_missouri_12.html,51,0,0,2,0,0,0,0,2,0,0,0,51,0,0,1,-1,0,0,0,good
tripadvisor.com/ShowUserReviews-g155032-d155315-r117641757-Bourbon_street_Complexe_Club_Hotel_Montreal-Montreal_Quebec.html,123,0,0,2,0,0,0,0,1,0,0,0,123,0,0,1,-1,0,0,0,good
thegrocerygame.com/grocery-store-coupons/,41,0,0,1,0,0,0,0,2,0,0,0,41,0,0,1,-1,0,0,0,good
spotcrime.com/ca/oakland,24,0,0,1,0,0,0,0,2,0,0,0,24,0,0,1,-1,0,0,0,good
amazon.com/s?ie=UTF8&rh=n%3A2625373011%2Ck%3AVirna%20Lisi&page=1,64,0,0,1,0,0,0,0,1,0,0,0,12,51,10,1,-1,0,0,0,good
eurodroid.com/2011/04/27/htc-desire-s-review-web-apps-and-conclusion/,69,0,0,1,0,0,0,0,5,0,0,0,69,0,0,1,-1,0,0,0,good
mmsmtsh5.bget.ru/,17,0,0,2,0,0,0,0,1,0,0,0,17,0,0,0,-1,0,0,0,bad
blackhawks.nhl.com/club/news.htm?id=566396,42,0,0,3,0,0,0,0,2,0,0,0,32,9,2,1,-1,0,0,0,good
everycarlisted.com/dealer/oh/lima/lima-auto-mall,48,0,0,1,0,0,0,0,4,0,0,0,48,0,0,1,-1,0,0,0,good
veromi.com/Joseph-Alper.aspx,28,0,0,2,0,0,0,0,1,0,0,0,28,0,0,1,-1,0,0,0,good
www.borghettipecas.com.br/site/includes/Archive/NATWEST/index.html,66,0,0,4,0,0,0,0,5,0,0,0,66,0,0,1,-1,0,0,0,bad
ktsm.com/local/mini-of-el-paso-launches-motor-tober-contest-event,65,0,0,1,0,0,0,0,2,0,0,0,65,0,0,1,-1,0,0,0,good
facebook.com/note.php?note_id=148772425189110,45,0,0,2,0,0,0,0,1,0,0,0,21,23,2,1,-1,0,0,0,good
linkedin.com/in/tinapugh,24,0,0,1,0,0,0,0,2,0,0,0,24,0,0,1,-1,0,0,0,good
paypal-activation.com/vbxmq/zksnx/rluns/nmcyr/sidwu/vmsmr/oqbbs/ugpvs/nvmoy/secure-code12/security/login.php,108,0,0,2,0,0,0,0,12,0,0,1,108,0,0,1,-1,0,0,0,bad
naralokesh.co.in/,17,0,0,2,0,0,0,0,1,0,0,0,17,0,0,0,-1,0,0,0,good
daystar.com/,12,0,0,1,0,0,0,0,1,0,0,0,12,0,0,1,-1,0,0,0,good
manta.com/c/mm4ztsm/aspen-gold-chocolates,41,0,0,1,0,0,0,0,3,0,0,0,41,0,0,1,-1,0,0,0,good
members.tripod.com/~contractsupply/,35,0,0,2,0,0,0,0,2,0,0,0,35,0,0,1,-1,0,0,0,good
people.famouswhy.com/bill_williams/,35,0,0,2,0,0,0,0,2,0,0,0,35,0,0,1,-1,0,0,0,good
91.195.12.185/main.php,22,1,0,4,0,0,0,0,1,0,0,0,22,0,0,0,-1,0,0,0,bad
filetram.com/pre-meditated-drama,32,0,0,1,0,0,0,0,1,0,0,0,32,0,0,1,-1,0,0,0,good
cafonline.com/association/south-africa,38,0,0,1,0,0,0,0,2,0,0,0,38,0,0,1,-1,0,0,0,good
myspace.com/deanmarshall,24,0,0,1,0,0,0,0,1,0,0,0,24,0,0,1,-1,0,0,0,good
en.wikipedia.org/wiki/McGill_Redmen,35,0,0,2,0,0,0,0,2,0,0,0,35,0,0,1,-1,0,0,0,good
iwu.edu/%7eiwunews/sports/032801a.html,38,0,0,2,0,0,0,0,3,0,0,0,38,0,1,0,-1,0,0,0,good
visdon.com/prodphotos/medium/icon/up/5f78deb8113aa779387b98ae8da5dd3f/,70,0,0,1,0,0,0,0,6,0,0,0,70,0,0,1,-1,0,0,0,bad
ioskeyboards.com/confirm.htm,28,0,0,2,0,0,0,0,1,0,0,0,28,0,0,1,-1,0,0,0,bad
brazilmart.com/lg7z9,20,0,0,1,0,0,0,0,1,0,0,0,20,0,0,1,-1,0,0,0,bad
en.wikipedia.org/wiki/Kansas_City_Spartans_(ABA),48,0,0,2,0,0,0,0,2,0,0,0,48,0,0,1,-1,0,0,0,good
news.yahoo.com/scott-tucker-earns-pole-position-sets-record-scca-210206387.html,79,0,0,3,0,0,0,0,1,0,0,0,79,0,0,1,-1,0,0,0,good
wilirots.biz/amcntrlde/webscr.php?cmd_=session.start&sdr01=bS5vbGJlcnRAdC1vbmxpbmUuZGU=&ixh=cGF0cmljYW5zLmNvbQ=Message-ID:&ctr_=DE,130,0,0,3,0,0,0,0,2,0,0,0,33,96,10,0,-1,0,0,0,bad
oemink.cn/sdp/99253/4/pd-998694/1866496-500464.html,51,0,0,2,0,0,0,0,5,0,0,0,51,0,0,0,-1,0,0,0,good
filecrop.com/CROOKLYN-CLAN-PACKAGE.html,39,0,0,2,0,0,0,0,1,0,0,0,39,0,0,1,-1,0,0,0,good
publicrecords.com/people-search-records/james-justus,52,0,0,1,0,0,0,0,2,0,0,0,52,0,0,1,-1,0,0,0,good
billburmaster.com/rmsandw/virginia/us/us58washingtonva.html,59,0,0,2,0,0,0,0,4,0,0,0,59,0,0,1,-1,0,0,0,good
207.45.188.210/~thepurpl/limpopo/oscar/cp.php?letter=login,58,1,0,4,0,0,0,0,4,0,0,1,45,12,2,0,-1,0,0,0,bad
hfboards.com/showthread.php?t=883318&goto=newpost,49,0,0,2,0,0,0,0,1,0,0,0,27,21,4,1,-1,0,0,0,good
update.paypal.confirm.com.webscrlcmdl.login.submit.dispatch.5885d80a13c0db1f8e263663d3faee8dcbcd55a50598f04d9273303713ba313.980487.98746.874774.8754.popup-expo.fr/max/updating/uptodate/b74ba2255614695b435e7ffabc2df32e/,218,0,0,14,0,0,0,0,5,0,0,1,218,0,0,1,-1,0,0,0,bad
eobus.com/manufacturer/kinglong.htm,35,0,0,2,0,0,0,0,2,0,0,0,35,0,0,1,-1,0,0,0,good
mojim.com/twy105522x1x1.htm,27,0,0,2,0,0,0,0,1,0,0,0,27,0,0,1,-1,0,0,0,good
freersstuff.host56.com/runescape-customlink-forums=ws568secure&amp;529.htm,74,0,0,3,0,0,0,0,1,0,0,1,66,0,2,1,-1,0,0,0,bad
euro-tires.ru/inst1.exe,23,0,0,2,0,0,0,0,1,0,0,0,23,0,0,0,-1,0,0,0,bad
tomwatson.typepad.com/tom_watson/2011/05/we-were-watching-the-killing-amcs-taut-seattle-murder-procedural-drama-when-we-noticed-the-tweets-about-an-unscheduled-sund.html,169,0,0,3,0,0,0,0,4,0,0,0,169,0,0,1,-1,0,0,0,good
floridausedboats.com/,21,0,0,1,0,0,0,0,1,0,0,0,21,0,0,1,-1,0,0,0,good
historyforsale.com/html/prodetails.asp?documentid=82924&start=4&page=15,71,0,0,2,0,0,0,0,2,0,0,0,38,32,6,1,-1,0,0,0,good
wii.ign.com/objects/889/889065.html,35,0,0,3,0,0,0,0,3,0,0,0,35,0,0,1,-1,0,0,0,good
cineworld.co.uk/films/comingsoon,32,0,0,2,0,0,0,0,2,0,0,0,32,0,0,0,-1,0,0,0,good
baseball-reference.com/players/k/keougma01.shtml,48,0,0,2,0,0,0,0,3,0,0,0,48,0,0,1,-1,0,0,0,good
collegefootball.rivals.com/cviewplayer.asp?Player=83088,55,0,0,3,0,0,0,0,1,0,0,0,42,12,2,1,-1,0,0,0,good
hotelmira.ru/on2gh,18,0,0,1,0,0,0,0,1,0,0,0,18,0,0,0,-1,0,0,0,bad
historyplace.com/worldwar2/riseofhitler/index.htm,49,0,0,2,0,0,0,0,3,0,0,0,49,0,0,1,-1,0,0,0,good
washingtonexaminer.com/not-found?page=0%2C0%2C0%2C0%2C0%2C0%2C1&destination=news%2F2011%2F10%2Fkodiak-musician-drumming-music-education,135,0,0,1,0,0,0,0,1,0,0,0,32,102,13,1,-1,0,0,0,good
imdb.com/name/nm0006969/bio,27,0,0,1,0,0,0,0,3,0,0,0,27,0,0,1,-1,0,0,0,good
beatdiner.com/data/feeder,25,0,0,1,0,0,0,0,2,0,0,0,25,0,0,1,-1,0,0,0,bad
yellowpages.com/fort-wayne-in/citilink,38,0,0,1,0,0,0,0,2,0,0,0,38,0,0,1,-1,0,0,0,good
watch-free-movie-online.net/movies_709_Idi-i-smotri,51,0,0,1,0,0,0,0,1,0,0,0,51,0,0,1,-1,0,0,0,good
www.batterycanada.com/cctv.htm,30,0,0,3,0,0,0,0,1,0,0,0,30,0,0,1,-1,0,0,0,good
metatur.it/tmp/plupload/promocao/6sa5df4g6a8h74s6v5hnb4s6v54a6s5d4ga6f5h4s6d5fg4sd6cv5gb.html,93,0,0,2,0,0,0,0,4,0,0,0,93,0,0,0,-1,0,0,0,bad
tmbgifts.com/includes/functions/_vti_cnf/promotion/,51,0,0,1,0,0,0,0,5,0,0,0,51,0,0,1,-1,0,0,0,bad
dictionary.sensagent.com/louis-joseph+papineau/fr-fr/,53,0,0,2,0,0,0,0,3,0,0,0,53,0,0,1,-1,0,0,0,good
software.freepage.de/stormer/,29,0,0,2,0,0,0,0,2,0,0,0,29,0,0,0,-1,0,0,0,good
freemasons-freemasonry.com/robert_moray.html,44,0,0,2,0,0,0,0,1,0,0,0,44,0,0,1,-1,0,0,0,good
123people.ca/s/louise+delisle,29,0,0,1,0,0,0,0,2,0,0,0,29,0,0,0,-1,0,0,0,good
facebook.com/pages/Satire-Comment/143237071989,46,0,0,1,0,0,0,0,3,0,0,0,46,0,0,1,-1,0,0,0,good
slimxxxtubefzc.ddns.name/2013/girl-fucked-by-dog.avi.exe,56,0,0,4,0,0,0,0,2,0,0,0,56,0,0,0,-1,0,0,0,bad
hiphopweekly.com/2010/11/08/behind-the-beats-ea-ski/,52,0,0,1,0,0,0,0,5,0,0,0,52,0,0,1,-1,0,0,0,good
answers.encyclopedia.com/question/la-francophonie-founded-198692.html,69,0,0,3,0,0,0,0,2,0,0,0,69,0,0,1,-1,0,0,0,good
f1corporate.com/f1-races/canada,31,0,0,1,0,0,0,0,2,0,0,0,31,0,0,1,-1,0,0,0,good
jh-solar.com/pic/,17,0,0,1,0,0,0,0,2,0,0,0,17,0,0,1,-1,0,0,0,bad
legacy.com/obituaries/nytimes/obituary.aspx?n=edward-c-meyer&pid=140667933,74,0,0,2,0,0,0,0,3,0,0,0,43,30,4,1,-1,0,0,0,good
comedy-zone.net/cartoons/cartoonists/freleng-friz-isadore.htm,61,0,0,2,0,0,0,0,3,0,0,0,61,0,0,1,-1,0,0,0,good
connect.in.com/luna-vachon/photo-gallery-more.html,50,0,0,3,0,0,0,0,2,0,0,0,50,0,0,1,-1,0,0,0,good
www.sc2000.org/bell/,20,0,0,2,0,0,0,0,2,0,0,0,20,0,0,1,-1,0,0,0,good
tremesoundtrack.com/,20,0,0,1,0,0,0,0,1,0,0,0,20,0,0,1,-1,0,0,0,good
www.screensaverswizard.com/index.html,37,0,0,3,0,0,0,0,1,0,0,0,37,0,0,1,-1,0,0,0,good
baseball-almanac.com/teamstats/roster.php?y=1997&t=OAK,54,0,0,2,0,0,0,0,2,0,0,0,41,12,4,1,-1,0,0,0,good
en.iigo.asia/login/en/index.htm,31,0,0,3,0,0,0,0,3,0,0,1,31,0,0,0,-1,0,0,0,bad
ca.sports.yahoo.com/mlb/players/7777,36,0,0,3,0,0,0,0,3,0,0,0,36,0,0,1,-1,0,0,0,good
paypal.info.update.65rth46e5rg3w1erf65gwer4g5r4g65.rg6e5rger51g3w51e5gweg12e3wf1w.g1w5e6g1t321h5y1h.rth15y1h3r2t1h5561h.1h55132we1r5q1w5d1qw.q15frqf21er5g435g1er25g14ewg.g231g515212ewf4w5fqef.1rg45er2g1w.sanmiguelchile.cl/ew1ewr12ew21ewr21ewr12ewr21ewr21ewr/ewererwerwwerewr23ewr32ew3ewr32ewr/info/webscr.php,308,0,0,13,0,0,0,0,4,0,0,1,308,0,0,1,-1,0,0,0,bad
mhhealthcare.es/-aka/cp.php?m=login,35,0,0,2,0,0,0,0,2,0,0,1,27,7,2,0,-1,0,0,0,bad
allstarpics.net/pic-gallery/denver-pyle-pics.htm,48,0,0,2,0,0,0,0,2,0,0,0,48,0,0,1,-1,0,0,0,good
msgdown.xinyinhe.com/717/XYH/yhfllkan.apk,41,0,0,3,0,0,0,0,3,0,0,0,41,0,0,1,-1,0,0,0,bad
linkedin.com/directory/people/liza-4.html,41,0,0,2,0,0,0,0,3,0,0,0,41,0,0,1,-1,0,0,0,good
188.0.236.7/,12,1,0,3,0,0,0,0,1,0,0,0,12,0,0,0,-1,0,0,0,bad
troupersthemovie.com/,21,0,0,1,0,0,0,0,1,0,0,0,21,0,0,1,-1,0,0,0,good
polscyspecjalisci.pl/x8bn3d5vs,30,0,0,1,0,0,0,0,1,0,0,0,30,0,0,0,-1,0,0,0,bad
bassguitarblog.com/,19,0,0,1,0,0,0,0,1,0,0,0,19,0,0,1,-1,0,0,0,good
bassguitarmagazine.com/,23,0,0,1,0,0,0,0,1,0,0,0,23,0,0,1,-1,0,0,0,good
meteomedia.de/index.php?id=home&lang=1,38,0,0,2,0,0,0,0,1,0,0,0,23,14,4,0,-1,0,0,0,good
cruises.aircanadavacations.com/,31,0,0,2,0,0,0,0,1,0,0,0,31,0,0,1,-1,0,0,0,good
virtualmuseum.ca/English/Gallery/static/EdwinHolgate09122002_page1.html,71,0,0,2,0,0,0,0,4,0,0,0,71,0,0,0,-1,0,0,0,good
'9d345009-a-62cb3a1a-s-sites.googlegroups.com/site/stickamcomlogindo/login.html?amp\%3Battredirects=2&amp;attachauth=ANoY7coz7wdEgsX2EJNWBJUp0z5SlNMt6RQU2Gj8RdIjtGS-1LZC98sCUliT3zqQmwj-P-WCQZwpAr71uCtTnlyjOOpw1-U8jN8B4XwRSouAPHs-R73oKxpaUd_Vicsc6xPMcHg89l3K1q3CdBecBvcDmllV84hZqpvdktyk9rAFeqAEOd0FjmJ_3ap2LCzsTDO8ap8EGyA1CMpCEp_bFVRca2zIjnJMvw\%3D\%3D&amp;attredirects=1',371,0,0,3,0,0,0,0,3,0,0,1,79,291,9,1,-1,0,0,0,bad
ridiculouschina.com/wp-includes/images/cathaybank.com/log.htm,61,0,0,3,0,0,0,0,4,0,0,0,61,0,0,1,-1,0,0,0,bad
answers.com/topic/frank-robinson,32,0,0,1,0,0,0,0,2,0,0,0,32,0,0,1,-1,0,0,0,good
mcclelland.com/author/results.pperl?authorid=42073,50,0,0,2,0,0,0,0,2,0,0,0,35,14,2,1,-1,0,0,0,good
en.wikipedia.org/wiki/Antioch_Center,36,0,0,2,0,0,0,0,2,0,0,0,36,0,0,1,-1,0,0,0,good
facebook.com/CASHDRUNK,22,0,0,1,0,0,0,0,1,0,0,0,22,0,0,1,-1,0,0,0,good
farleyspianos.com/lightbox/images/examples/xls.php,50,0,0,2,0,0,0,0,4,0,0,0,50,0,0,1,-1,0,0,0,bad
thetelegraph.com/articles/-58452--.html,39,0,0,2,0,0,0,0,2,0,0,0,39,0,0,1,-1,0,0,0,good
en.wikipedia.org/wiki/Pitch,27,0,0,2,0,0,0,0,2,0,0,0,27,0,0,1,-1,0,0,0,good
dexknows.com/business_profiles/husch_blackwell_sanders_llp-l801113866,69,0,0,1,0,0,0,0,2,0,0,0,69,0,0,1,-1,0,0,0,good
deadoraliveinfo.com/dead.nsf/lnames-nf/Lema+Tony,48,0,0,2,0,0,0,0,3,0,0,0,48,0,0,1,-1,0,0,0,good
youtube.com/watch?v=Lehc4mU9VIk,31,0,0,1,0,0,0,0,1,0,0,0,17,13,2,1,-1,0,0,0,good
en.wikipedia.org/wiki/Eric_Charbonneau,38,0,0,2,0,0,0,0,2,0,0,0,38,0,0,1,-1,0,0,0,good
cgi.resourceindex.com/Programs_and_Scripts/C_and_C++/,53,0,0,2,0,0,0,0,3,0,0,0,53,0,0,1,-1,0,0,0,good
richfeet.org/cli/css/21/,24,0,0,1,0,0,0,0,4,0,0,0,24,0,0,1,-1,0,0,0,bad
politicalgraveyard.com/bio/archibald-armstead.html,50,0,0,2,0,0,0,0,2,0,0,0,50,0,0,1,-1,0,0,0,good
slovenia.info/?cerkev=4914,26,0,0,1,0,0,0,0,1,0,0,0,14,11,2,1,-1,0,0,0,good
bedroomfurniture.com/Sitcom-Furniture-Hida-Chest-HID602-SIT1109.html,68,0,0,2,0,0,0,0,1,0,0,0,68,0,0,1,-1,0,0,0,good
weblogs.baltimoresun.com/sports/orioles/blog/2011/08/blake_davis_optioned_to_triple.html,88,0,0,3,0,0,0,0,6,0,0,0,88,0,0,1,-1,0,0,0,good
vaccinesaredangerous.blogspot.com/2011/02/tony-brown-interviews-dr-peter-duesberg.html,86,0,0,3,0,0,0,0,3,0,0,0,86,0,0,1,-1,0,0,0,good
bobcareyphoto.com/gwutoday/wordpress/domain2/webmail?rand=13InboxLightaspxn.1774256418,86,0,0,2,0,0,0,0,4,0,0,0,52,33,2,1,-1,0,0,0,bad
en.wikipedia.org/wiki/Jeff,26,0,0,2,0,0,0,0,2,0,0,0,26,0,0,1,-1,0,0,0,good
middlesexcountynewjerseybailbonds.com/,38,0,0,1,0,0,0,0,1,0,0,0,38,0,0,1,-1,0,0,0,good
allmusic.com/album/fast-movin-train-r93761,42,0,0,1,0,0,0,0,2,0,0,0,42,0,0,1,-1,0,0,0,good
lyngsat-address.com/cc/CKMI-TV.html,35,0,0,2,0,0,0,0,2,0,0,0,35,0,0,1,-1,0,0,0,good
music.yahoo.com/spiritualized/albums/ladies-and-gentlemen-we-are-floating-in-space--61325,89,0,0,2,0,0,0,0,3,0,0,0,89,0,0,1,-1,0,0,0,good
tripadvisor.com/ShowTopic-g155032-i51-k2242209-Rude_people_in_Montreal-Montreal_Quebec.html,91,0,0,2,0,0,0,0,1,0,0,0,91,0,0,1,-1,0,0,0,good
serviciospyme.cl/wp-content/themes/redify/remax/index.htm,57,0,0,2,0,0,0,0,5,0,0,0,57,0,0,0,-1,0,0,0,bad
facebook.com/pages/Campus-Pont-Viau-Laval/114708298546622,57,0,0,1,0,0,0,0,3,0,0,0,57,0,0,1,-1,0,0,0,good
connect.facebook.com/people/Brigitte-Gregg/100001288145693,58,0,0,2,0,0,0,0,3,0,0,0,58,0,0,1,-1,0,0,0,good
vimeo.com/16900660,18,0,0,1,0,0,0,0,1,0,0,0,18,0,0,1,-1,0,0,0,good
www.fpl.fs.fed.us/documnts/pdf1999/rowel99a.pdf,47,0,0,5,0,0,0,0,3,0,0,0,47,0,0,0,-1,0,0,0,good
hobbyking.com/hobbyking/store/uh_viewItem.asp?idProduct=13429,61,0,0,2,0,0,0,0,3,0,0,0,45,15,2,1,-1,0,0,0,good
cuten.bossgoo.com/,18,0,0,2,0,0,0,0,1,0,0,0,18,0,0,1,-1,0,0,0,good
www.angelfire.com/d20/mobster/,30,0,0,2,0,0,0,0,3,0,0,0,30,0,0,1,-1,0,0,0,good
158.255.193.15:4331/0/1/2/,26,1,0,3,0,0,0,0,4,0,0,0,26,0,0,0,-1,0,0,0,bad
huarui-tec.com/js?us.battle.net/login/en/?ref=eyozqtpus.battle.net/d3/en/index,78,0,0,5,0,0,0,0,1,0,0,1,17,60,3,1,-1,0,0,0,bad
tools.ietf.org/html/rfc1606,27,0,0,2,0,0,0,0,2,0,0,0,27,0,0,1,-1,0,0,0,good
bing.com/videos/watch/video/newsconference-assemblyman-anthony-portantino-d-la-canada-flintridge/1d2nlj7mm?from=,112,0,0,1,0,0,0,0,5,0,0,0,106,5,2,1,-1,0,0,0,good
futonbedblog.com/cached1dc8bd0c49eb70f315ebd7265a6825e/cache5a405f8de1e343ba9ec85ce5305e335d/MyWell/MyWells/questions.php,121,0,0,2,0,0,0,0,5,0,0,0,121,0,0,1,-1,0,0,0,bad
hotels.com/ho111142/laico-hotel-l-amitie-bamako-bamako-mali/,60,0,0,1,0,0,0,0,3,0,0,0,60,0,0,1,-1,0,0,0,good
games.teamxbox.com/xbox-360/1285/Peter-Jacksons-King-Kong/,58,0,0,2,0,0,0,0,4,0,0,0,58,0,0,1,-1,0,0,0,good
allaboutjazz.com/php/entity.php?id=12936,40,0,0,2,0,0,0,0,2,0,0,0,31,8,2,1,-1,0,0,0,good
imdb.com/name/nm0748665/,24,0,0,1,0,0,0,0,3,0,0,0,24,0,0,1,-1,0,0,0,good
filmstarpostcards.blogspot.com/2008/08/cliff-richard.html,57,0,0,3,0,0,0,0,3,0,0,0,57,0,0,1,-1,0,0,0,good
bobberdella.com/,16,0,0,1,0,0,0,0,1,0,0,0,16,0,0,1,-1,0,0,0,good
vb.com/mali.htm,15,0,0,2,0,0,0,0,1,0,0,0,15,0,0,1,-1,0,0,0,good
www.oinko.net/freephp/,22,0,0,2,0,0,0,0,2,0,0,0,22,0,0,1,-1,0,0,0,good
bollyexclusive.com/album/423/Shaan---Tishnagi.html,50,0,0,2,0,0,0,0,3,0,0,0,50,0,0,1,-1,0,0,0,good
uk.ask.com/wiki/KGEX,20,0,0,2,0,0,0,0,2,0,0,0,20,0,0,1,-1,0,0,0,good
chat-by-orkut1.blogspot.co.uk/,30,0,0,3,0,0,0,0,1,0,0,0,30,0,0,0,-1,0,0,0,bad
sanmiguelseafood.com/,21,0,0,1,0,0,0,0,1,0,0,0,21,0,0,1,-1,0,0,0,good
dailysesh.com/skater/sean-malto,31,0,0,1,0,0,0,0,2,0,0,0,31,0,0,1,-1,0,0,0,good
chennaionline.com/,18,0,0,1,0,0,0,0,1,0,0,0,18,0,0,1,-1,0,0,0,good
cdplus.com/shop/default.asp?isle=0&action=jr,44,0,0,2,0,0,0,0,2,0,0,0,27,16,4,1,-1,0,0,0,good
ajpwxtywqgv.ru/php/upload.php,29,0,0,2,0,0,0,0,2,0,0,0,29,0,0,0,-1,0,0,0,bad
opiomosaics.com/,16,0,0,1,0,0,0,0,1,0,0,0,16,0,0,1,-1,0,0,0,good
catsmusicalplay.webs.com/theactorsactresses.htm,47,0,0,3,0,0,0,0,1,0,0,0,47,0,0,1,-1,0,0,0,good
sce.hopto.org/,14,0,0,2,0,0,0,0,1,0,0,0,14,0,0,1,-1,0,0,0,bad
cielo-premios.deguir.net/cielo2014/copa-11/,43,0,0,2,0,0,0,0,3,0,0,0,43,0,0,1,-1,0,0,0,bad
gamesloth.com/action,20,0,0,1,0,0,0,0,1,0,0,0,20,0,0,1,-1,0,0,0,good
www.arcsite.de/hp/bw/software.html,34,0,0,3,0,0,0,0,3,0,0,0,34,0,0,0,-1,0,0,0,good
polybranchiata.ups-for-less.com/bvms19ac5w.php\nnewsok.com/,59,0,0,4,0,0,0,0,2,0,0,0,59,0,0,1,-1,0,0,0,bad
absoluteastronomy.com/topics/Footballers'_Wives,47,0,0,1,0,0,0,0,2,0,0,0,47,0,0,1,-1,0,0,0,good
simple.wikipedia.org/wiki/Tochigi_Prefecture,44,0,0,2,0,0,0,0,2,0,0,0,44,0,0,1,-1,0,0,0,good
oxylala.gdn/victor/panelnew/gate.php,36,0,0,2,0,0,0,0,3,0,0,0,36,0,0,0,-1,0,0,0,bad
wn.com/blindness,16,0,0,1,0,0,0,0,1,0,0,0,16,0,0,1,-1,0,0,0,good
escapistmagazine.com/videos/view/zero-punctuation/57-Painkiller,63,0,0,1,0,0,0,0,4,0,0,0,63,0,0,1,-1,0,0,0,good
lpmxp2200.com,13,0,0,1,0,0,0,0,0,0,0,0,13,0,0,1,-1,0,0,0,bad
www.isc.tamu.edu/~lewing/gimp/,30,0,0,3,0,0,0,0,3,0,0,0,30,0,0,0,-1,0,0,0,good
showtimepettis.com/,19,0,0,1,0,0,0,0,1,0,0,0,19,0,0,1,-1,0,0,0,good
partyeazy.com/8fh34f3,21,0,0,1,0,0,0,0,1,0,0,0,21,0,0,1,-1,0,0,0,bad
goodreads.com/author/show/22782.George_Carlin,45,0,0,2,0,0,0,0,3,0,0,0,45,0,0,1,-1,0,0,0,good
mylife.com/serinasavard,23,0,0,1,0,0,0,0,1,0,0,0,23,0,0,1,-1,0,0,0,good
voa2014.com/review/index.php,28,0,0,2,0,0,0,0,2,0,0,0,28,0,0,1,-1,0,0,0,bad
facebook.com/people/Tex-Avery/627184351,39,0,0,1,0,0,0,0,3,0,0,0,39,0,0,1,-1,0,0,0,good
navalnautica.com.br/wp-content/psp/psp/note/,44,0,0,2,0,0,0,0,5,0,0,0,44,0,0,1,-1,0,0,0,bad
9w4ymh9n4h.lanapyfyfppw.info/dn9wllk7ev\nvellejaresearch.com/b/728x90.jpg?ref=coolin,84,0,0,4,0,0,0,0,3,0,0,0,73,10,2,1,-1,0,0,0,bad
occupations.careers.org/11715/swimmer,37,0,0,2,0,0,0,0,2,0,0,0,37,0,0,1,-1,0,0,0,good
answers.com/topic/ontic,23,0,0,1,0,0,0,0,2,0,0,0,23,0,0,1,-1,0,0,0,good
www.cl.cam.ac.uk/~jgd1000/,26,0,0,4,0,0,0,0,2,0,0,0,26,0,0,0,-1,0,0,0,good
www.ddj.com/architect/184413663,31,0,0,2,0,0,0,0,2,0,0,0,31,0,0,1,-1,0,0,0,good
ouled-kenitra.com/,18,0,0,1,0,0,0,0,1,0,0,0,18,0,0,1,-1,0,0,0,bad
accesshollywood.com/jason-reitman,33,0,0,1,0,0,0,0,1,0,0,0,33,0,0,1,-1,0,0,0,good
ucmattress.com/vanxty/engauto189/mailbox/mailbox/index.php?email=abuse@bscn.com,79,0,1,3,0,0,0,0,5,0,0,0,58,20,3,1,-1,0,0,0,bad
rootsweb.ancestry.com/~allawren/families/alexander2.htm,55,0,0,3,0,0,0,0,3,0,0,0,55,0,0,1,-1,0,0,0,good
urdb.kirlad.net/artists.php?id=3,32,0,0,3,0,0,0,0,1,0,0,0,27,4,2,1,-1,0,0,0,good
www.igbaffiliate.com/events/igbespana/,38,0,0,2,0,0,0,0,3,0,0,0,38,0,0,1,-1,0,0,0,good
youtube.com/watch?v=_xAmPWY2tlw,31,0,0,1,0,0,0,0,1,0,0,0,17,13,2,1,-1,0,0,0,good
dramafans.org/drama/ketsuekigatabetsu_onna_ga_kekkon_suru_hoho,62,0,0,1,0,0,0,0,2,0,0,0,62,0,0,1,-1,0,0,0,good
worldofgood.ebay.com/Synergy-Company-Pure-Radiance-C-POWDER-with-camu-4-oz/250353188400/item,92,0,0,2,0,0,0,0,3,0,0,0,92,0,0,1,-1,0,0,0,good
dentalretainer.co.uk/media/catalog/blockade/HTML.html,53,0,0,3,0,0,0,0,4,0,0,0,53,0,0,0,-1,0,0,0,bad
americanfleas.com/missouri,26,0,0,1,0,0,0,0,1,0,0,0,26,0,0,1,-1,0,0,0,good
listal.com/movie/burn-after-reading,35,0,0,1,0,0,0,0,2,0,0,0,35,0,0,1,-1,0,0,0,good
lacolors.com.ro/image/data/lacolors/clicktoview,47,0,0,2,0,0,0,0,4,0,0,0,47,0,0,1,-1,0,0,0,bad
oqlf.gouv.qc.ca/english/infoguides/index.html,45,0,0,4,0,0,0,0,3,0,0,0,45,0,0,0,-1,0,0,0,good
markofwestminster.com/chess/staunton.html,41,0,0,2,0,0,0,0,2,0,0,0,41,0,0,1,-1,0,0,0,good
recordsproject.com/county/new-jersey/warren.asp,47,0,0,2,0,0,0,0,3,0,0,0,47,0,0,1,-1,0,0,0,good
www.nongnu.org/scew/,20,0,0,2,0,0,0,0,2,0,0,0,20,0,0,1,-1,0,0,0,good
naval-technology.com/projects/halifax/,38,0,0,1,0,0,0,0,3,0,0,0,38,0,0,1,-1,0,0,0,good
www.yerridixielandband.jazztel.es/qo5u468,41,0,0,3,0,0,0,0,1,0,0,0,41,0,0,0,-1,0,0,0,bad
footballcraze.contentcreatorz.com/english-premier-league-2011-2012-fixtures-of-bolton-wanderers-football-club/,110,0,0,2,0,0,0,0,2,0,0,0,110,0,0,1,-1,0,0,0,good
fft.com/The_Sugar_confectionery_Market_in_United_Kingdom_FFTReport_num_D-GBR-5.1.html,85,0,0,3,0,0,0,0,1,0,0,0,85,0,0,1,-1,0,0,0,good
'9d345009-a-62cb3a1a-s-sites.googlegroups.com/site/stickamcomlogindo/login.html?amp\%3Battachauth=ANoY7con8fV9LbrcUFOo1l1Q3eEPgD5pxmX1J2ipTKuSwYHitPe__YHrlLUwbJOPNX2zluzv7fOrnzvUL8UhAj52xHsjzy3a01oNeKd166porC4ZukLk7Zcdj4s0j5_y__ULmmg4_gt43d1axjt5iaTANoMmVPVFBtn_RKZaLDTLTwXX2nm1MXIN3DS-KRY9QBlw1PyHv1bKO38RpFq39GqCi9FPbtXARw\%3D\%3D&amp\%3Battredirects=2&attachauth=ANoY7codt4PcgcgUr5orLiwx2ooe_9QSmxgpGrRXdAtrzLKkK0xdoA5DvyjmikAsuwqkrnpRZO-ckTLTufZBi1dms5fwbpEIK3WUIi0UnxFccej8kpH_mC9XDDP9WZWKSZluPRJgHRF55b50svJU9n_VnJetm97Ltg4446dbqWL90lNmpEM726GGuRnp1uZ8eJ93OO61cvLyCJ6r4kaXdT6-2fSlJEI1SA\%3D\%3D&attredirects=0',616,0,0,3,0,0,0,0,3,0,0,1,79,536,14,1,-1,0,0,0,bad
technorati.com/sports/football/article/2010-nfl-preview-baltimore-ravens/,73,0,0,1,0,0,0,0,5,0,0,0,73,0,0,1,-1,0,0,0,good
aol-mylink8.slyip.net/scurelink8.php,36,0,0,3,0,0,0,0,1,0,0,0,36,0,0,1,-1,0,0,0,bad
www.mijnschrijverij.nl/Cgi-bin/go.php,37,0,0,3,0,0,0,0,2,0,0,0,37,0,0,0,-1,0,0,0,bad
dopehood.com/shawn-chrystopher-silent-films-for-the-blind-fe-download/,70,0,0,1,0,0,0,0,2,0,0,0,70,0,0,1,-1,0,0,0,good
kurzepa997.w.interia.pl/,24,0,0,3,0,0,0,0,1,0,0,0,24,0,0,0,-1,0,0,0,bad
amazon.com/Building-Book-Cathedral-David-Macaulay/dp/0395921473,63,0,0,1,0,0,0,0,3,0,0,0,63,0,0,1,-1,0,0,0,good
thebaseballpage.com/players/wolveha01.php,41,0,0,2,0,0,0,0,2,0,0,0,41,0,0,1,-1,0,0,0,good
cowbell.typepad.com/forty_deuce/aleksandra_wozniak/,51,0,0,2,0,0,0,0,3,0,0,0,51,0,0,1,-1,0,0,0,good
www.webtechsevce.tk/,20,0,0,2,0,0,0,0,1,0,0,0,20,0,0,0,-1,0,0,0,bad
yellowbook.com/yellowpages/?where=Salisbury%2c+CT,49,0,0,1,0,0,0,0,2,0,0,0,27,21,3,1,-1,0,0,0,good
riderprofiles.net/wp-content/themes/,36,0,0,1,0,0,0,0,3,0,0,0,36,0,0,1,-1,0,0,0,bad
dtemplatelib.sourceforge.net/index.htm,38,0,0,3,0,0,0,0,1,0,0,0,38,0,0,1,-1,0,0,0,good
absoluteastronomy.com/topics/Scott_Mellanby,43,0,0,1,0,0,0,0,2,0,0,0,43,0,0,1,-1,0,0,0,good
econ.washington.edu/user/cnelson/,33,0,0,2,0,0,0,0,3,0,0,0,33,0,0,0,-1,0,0,0,good
youtube.com/watch?v=bP6V1AhR0x0,31,0,0,1,0,0,0,0,1,0,0,0,17,13,2,1,-1,0,0,0,good
footballfanatics.com/NFL_Buffalo_Bills,38,0,0,1,0,0,0,0,1,0,0,0,38,0,0,1,-1,0,0,0,good
clickroses.com/8fh34f3,22,0,0,1,0,0,0,0,1,0,0,0,22,0,0,1,-1,0,0,0,bad
facebook.com/pages/Childrens-Mercy-Hospital-Careers/190213751018954,67,0,0,1,0,0,0,0,3,0,0,0,67,0,0,1,-1,0,0,0,good
excell.ca/bell-internet/,24,0,0,1,0,0,0,0,2,0,0,0,24,0,0,0,-1,0,0,0,good
youtube.com/watch?v=mUeB3aZPbG8,31,0,0,1,0,0,0,0,1,0,0,0,17,13,2,1,-1,0,0,0,good
freejazz-stef.blogspot.com/2010/12/ingar-zach-mos-sofa-2010.html,64,0,0,3,0,0,0,0,3,0,0,0,64,0,0,1,-1,0,0,0,good
lyrics007.com/lyrics/m13.html,29,0,0,2,0,0,0,0,2,0,0,0,29,0,0,1,-1,0,0,0,good
africanandafricanamericanstudies.buffalo.edu/resources/,55,0,0,2,0,0,0,0,2,0,0,0,55,0,0,0,-1,0,0,0,good
sixtyfiverosesthebook.com/,26,0,0,1,0,0,0,0,1,0,0,0,26,0,0,1,-1,0,0,0,good
jewishentertainment.net/jewish-music/most-actorsactresses-in-the-filmmusic-industry-jewish,90,0,0,1,0,0,0,0,2,0,0,0,90,0,0,1,-1,0,0,0,good
en.wikipedia.org/wiki/Template%3AInfobox_Company,48,0,0,2,0,0,0,0,2,0,0,0,48,0,1,1,-1,0,0,0,good
cmt.com/artists/az/tech9ne/albums.jhtml,39,0,0,2,0,0,0,0,4,0,0,0,39,0,0,1,-1,0,0,0,good
cherliga.ru/plugins/editors/Cielo4/cadastro.php,47,0,0,2,0,0,0,0,4,0,0,0,47,0,0,0,-1,0,0,0,bad
helpdesk-systemadmin.tk/,24,0,0,1,0,0,0,0,1,0,0,0,24,0,0,0,-1,0,0,0,bad
en.wikipedia.org/wiki/Frederick_Berndt_Schine,45,0,0,2,0,0,0,0,2,0,0,0,45,0,0,1,-1,0,0,0,good
reefclub.ru/cag2zv,18,0,0,1,0,0,0,0,1,0,0,0,18,0,0,0,-1,0,0,0,bad
zeetea.net/project/i.gif,24,0,0,2,0,0,0,0,2,0,0,0,24,0,0,1,-1,0,0,0,bad
en.wikipedia.org/wiki/Marjorie_Critten,38,0,0,2,0,0,0,0,2,0,0,0,38,0,0,1,-1,0,0,0,good
tggunworks.com/mac/casts/,25,0,0,1,0,0,0,0,3,0,0,0,25,0,0,1,-1,0,0,0,bad
mylife.com/ted_wolf,19,0,0,1,0,0,0,0,1,0,0,0,19,0,0,1,-1,0,0,0,good
imdb.com/name/nm0589505/,24,0,0,1,0,0,0,0,3,0,0,0,24,0,0,1,-1,0,0,0,good
ourorigins.org/genealogielistfirstname.aspx?Family=Bertrand_197&lng=en,70,0,0,2,0,0,0,0,1,0,0,0,43,26,4,1,-1,0,0,0,good
rotoworld.com/player/nfl/6297/player?r=1,40,0,0,1,0,0,0,0,4,0,0,0,36,3,2,1,-1,0,0,0,good
manta.com/c/mm3g13f/brandon-j-storm-attorney,44,0,0,1,0,0,0,0,3,0,0,0,44,0,0,1,-1,0,0,0,good
wsnvugh.google-update2017.com/,30,0,0,2,0,0,0,0,1,0,0,1,30,0,0,1,-1,0,0,0,bad
blog.webskitters.com/knby545,28,0,0,2,0,0,0,0,1,0,0,0,28,0,0,1,-1,0,0,0,bad
s2mgmt.com/2df98n,17,0,0,1,0,0,0,0,1,0,0,0,17,0,0,1,-1,0,0,0,bad
en.wikipedia.org/wiki/DjVu,26,0,0,2,0,0,0,0,2,0,0,0,26,0,0,1,-1,0,0,0,good
qc.allpages.com/,16,0,0,2,0,0,0,0,1,0,0,0,16,0,0,1,-1,0,0,0,good
hollywoodreporter.com/news/3ality-digital-show-new-tech-176802,62,0,0,1,0,0,0,0,2,0,0,0,62,0,0,1,-1,0,0,0,good
smutjunkies.com/profiles/l/a_stars/Lautrec_Daniel-Jean/index.html,65,0,0,2,0,0,0,0,5,0,0,0,65,0,0,1,-1,0,0,0,good
blog.phish.net/1310737590/super-ball-ix-rocked-but-does-it-have-staying-power,77,0,0,2,0,0,0,0,2,0,0,0,77,0,0,1,-1,0,0,0,good
yelp.com/biz/see-eyewear-birmingham,35,0,0,1,0,0,0,0,2,0,0,0,35,0,0,1,-1,0,0,0,good
olgahouse.com/,14,0,0,1,0,0,0,0,1,0,0,0,14,0,0,1,-1,0,0,0,good
7films.me.uk/,13,0,0,2,0,0,0,0,1,0,0,0,13,0,0,0,-1,0,0,0,good
www.dtbw.com/lazer.html,23,0,0,3,0,0,0,0,1,0,0,0,23,0,0,1,-1,0,0,0,good
actresses.pick2web.com/2408/virginiadavis,41,0,0,2,0,0,0,0,2,0,0,0,41,0,0,1,-1,0,0,0,good
osubeavertails.com/,19,0,0,1,0,0,0,0,1,0,0,0,19,0,0,1,-1,0,0,0,good
myspace.com/mrentertainmentandthepookiesmackers,47,0,0,1,0,0,0,0,1,0,0,0,47,0,0,1,-1,0,0,0,good
en.wikipedia.org/wiki/Tango_Lorca,33,0,0,2,0,0,0,0,2,0,0,0,33,0,0,1,-1,0,0,0,good
dragtotop.com/Kerry_Armstrong,29,0,0,1,0,0,0,0,1,0,0,0,29,0,0,1,-1,0,0,0,good
paypal.simply-winspace.it/paypal/77c8f8a6ca43d7c15bd362bb16c36674/login.php,75,0,0,3,0,0,0,0,3,0,0,1,75,0,0,0,-1,0,0,0,bad
folkartbycampbelljane.blogspot.com/,35,0,0,2,0,0,0,0,1,0,0,0,35,0,0,1,-1,0,0,0,good
facebook.com/AmericanTopTeam,28,0,0,1,0,0,0,0,1,0,0,0,28,0,0,1,-1,0,0,0,good
flixster.com/actor/boman-irani,30,0,0,1,0,0,0,0,2,0,0,0,30,0,0,1,-1,0,0,0,good
creativestudio.fabercastell.com/products/products.aspx,54,0,0,3,0,0,0,0,2,0,0,0,54,0,0,1,-1,0,0,0,good
southafrica.net/sat/content/en/us/us-home,41,0,0,1,0,0,0,0,5,0,0,0,41,0,0,1,-1,0,0,0,good
stokmer.com/wnrsmbee4o,22,0,0,1,0,0,0,0,1,0,0,0,22,0,0,1,-1,0,0,0,bad
dc.about.com/od/marylandneighborhoods/a/SilverSpring.htm,56,0,0,3,0,0,0,0,4,0,0,0,56,0,0,1,-1,0,0,0,good
eskuvotervezo.hu/tvwow4,23,0,0,1,0,0,0,0,1,0,0,0,23,0,0,0,-1,0,0,0,bad
blogs.baltimoreravens.com/2010/01/04/2010-schedule-whos-on-the-docket/,70,0,0,2,0,0,0,0,5,0,0,0,70,0,0,1,-1,0,0,0,good
diamond-sd.net/highslide/dropbaka/f91151a74317389211c4e8e549760b72/pindex.php,77,0,0,2,0,0,0,0,4,0,0,0,77,0,0,1,-1,0,0,0,bad
gsvfilms.blogspot.com/2009/10/great-hindi-songs-1964-1984.html,62,0,0,3,0,0,0,0,3,0,0,0,62,0,0,1,-1,0,0,0,good
youtube.com/watch?v=cnfVHZF7Xi0,31,0,0,1,0,0,0,0,1,0,0,0,17,13,2,1,-1,0,0,0,good
zoominfo.com/people/Ryan_Scott_637375657.aspx,45,0,0,2,0,0,0,0,2,0,0,0,45,0,0,1,-1,0,0,0,good
home.comcast.net/~kristinazink/,31,0,0,2,0,0,0,0,2,0,0,0,31,0,0,1,-1,0,0,0,bad
imdb.com/name/nm0130711/,24,0,0,1,0,0,0,0,3,0,0,0,24,0,0,1,-1,0,0,0,good
privateislandsonline.com/,25,0,0,1,0,0,0,0,1,0,0,0,25,0,0,1,-1,0,0,0,good
www.irnis.net/soft/winbzip2/,28,0,0,2,0,0,0,0,3,0,0,0,28,0,0,1,-1,0,0,0,good
onedayfilm.com/,15,0,0,1,0,0,0,0,1,0,0,0,15,0,0,1,-1,0,0,0,good
zoominfo.com/people/Doherty_Charles_114002276.aspx,50,0,0,2,0,0,0,0,2,0,0,0,50,0,0,1,-1,0,0,0,good
somewise.employmentlawconsultant.org.uk/vision/dXZya2lndnVzag,61,0,0,3,0,0,0,0,2,0,0,0,61,0,0,1,-1,0,0,0,bad
click4gilbertazhomes.com/layton-lakes-homes-for-sale.html,57,0,0,2,0,0,0,0,1,0,0,0,57,0,0,1,-1,0,0,0,good
www.awesomejoomlatemplates.com/business10/images/rem/remax/index.htm,68,0,0,3,0,0,0,0,5,0,0,0,68,0,0,1,-1,0,0,0,bad
slam.canoe.ca/Slam/Football/CFL/Edmonton/2010/06/03/14237961.html,65,0,0,3,0,0,0,0,8,0,0,0,65,0,0,0,-1,0,0,0,good
facebook.com/people/Charles-Duquette/527441058,46,0,0,1,0,0,0,0,3,0,0,0,46,0,0,1,-1,0,0,0,good
aruralsm.com.br/sysviewer/1.zip,31,0,0,3,0,0,0,0,2,0,0,0,31,0,0,1,-1,0,0,0,bad
zurl.in/uj,10,0,0,1,0,0,0,0,1,0,0,0,10,0,0,0,-1,0,0,0,bad
en.wikipedia.org/wiki/Howard_Dully,34,0,0,2,0,0,0,0,2,0,0,0,34,0,0,1,-1,0,0,0,good
www.cosc.canterbury.ac.nz/wolfgang.kreutzer/cosc205/smalltalk1.html,67,0,0,6,0,0,0,0,3,0,0,0,67,0,0,0,-1,0,0,0,good
heritagebooks.com/mm5/merchant.mvc?Screen=PROD&Store_Code=HBI&Product_Code=D3611&Category_Code=ks,97,0,0,2,0,0,0,0,2,0,0,0,34,62,8,1,-1,0,0,0,good
newmansownorganics.com/food_tea.html,36,0,0,2,0,0,0,0,1,0,0,0,36,0,0,1,-1,0,0,0,good
butecos.com/,12,0,0,1,0,0,0,0,1,0,0,0,12,0,0,1,-1,0,0,0,good
thefreedictionary.com/Walloon,29,0,0,1,0,0,0,0,1,0,0,0,29,0,0,1,-1,0,0,0,good
air-valid.co.uk/airlines-blacklisted.html,41,0,0,3,0,0,0,0,1,0,0,0,41,0,0,0,-1,0,0,0,good
remax.com.believeyourheart.com/remax,36,0,0,3,0,0,0,0,1,0,0,0,36,0,0,1,-1,0,0,0,bad
tools.ietf.org/html/rfc1708,27,0,0,2,0,0,0,0,2,0,0,0,27,0,0,1,-1,0,0,0,good
dailymail.co.uk/news/article-1304379/Thug-jailed-73RD-TIME-sparks-calls-end-short-prison-sentences.html,103,0,0,3,0,0,0,0,3,0,0,0,103,0,0,0,-1,0,0,0,good
methuenmorgan.com/098/gduc/,27,0,0,1,0,0,0,0,3,0,0,0,27,0,0,1,-1,0,0,0,bad
home.neopets.com/templates/homepage.phtml?pet_name=Zaschery,59,0,0,3,0,0,0,0,2,0,0,0,41,17,2,1,-1,0,0,0,good
genforum.com/tn/coffee/page2.html,33,0,0,2,0,0,0,0,3,0,0,0,33,0,0,1,-1,0,0,0,good
universal-international.com/produits/index.php,46,0,0,2,0,0,0,0,2,0,0,0,46,0,0,1,-1,0,0,0,good
videosurf.com/videos/3x+Krazy?providers=2,41,0,0,1,0,0,0,0,2,0,0,0,29,11,2,1,-1,0,0,0,good
beautymeworld.com/login/Remax,29,0,0,1,0,0,0,0,2,0,0,1,29,0,0,1,-1,0,0,0,bad
tv.yahoo.com/jeremy-suarez/contributor/990266/appearances,57,0,0,2,0,0,0,0,4,0,0,0,57,0,0,1,-1,0,0,0,good
eforum.reviewjournal.com/lv/showthread.php?t=25393,50,0,0,3,0,0,0,0,2,0,0,0,42,7,2,1,-1,0,0,0,good
wattsupwiththat.com/2009/02/28/john-kerry-id-happily-debate-george-will-any-day-on-this-question-so-critical-to-our-survival/,125,0,0,1,0,0,0,0,5,0,0,0,125,0,0,1,-1,0,0,0,good
buywooddoors.com/,17,0,0,1,0,0,0,0,1,0,0,0,17,0,0,1,-1,0,0,0,good
en.wikipedia.org/wiki/BIOS,26,0,0,2,0,0,0,0,2,0,0,0,26,0,0,1,-1,0,0,0,good
fans.canadiens.nhl.com/community/topic/25397-maurice-richard/,61,0,0,3,0,0,0,0,4,0,0,0,61,0,0,1,-1,0,0,0,good
cres.org/team/index.htm,23,0,0,2,0,0,0,0,2,0,0,0,23,0,0,1,-1,0,0,0,good
en.wikipedia.org/wiki/Loot_(film),33,0,0,2,0,0,0,0,2,0,0,0,33,0,0,1,-1,0,0,0,good
movieeye.com/celebrity_birthdays/details/4763/Queen_Elizabeth_II.html,69,0,0,2,0,0,0,0,4,0,0,0,69,0,0,1,-1,0,0,0,good
tripadvisor.com/Hotel_Review-g616096-d2049310-Reviews-Chambre_d_hotes_l_Argonne-Cheverny_Loire_Valley_Centre.html,113,0,0,2,0,0,0,0,1,0,0,0,113,0,0,1,-1,0,0,0,good
pharmaline-sa.com/include/font/makefont/,40,0,0,1,0,0,0,0,4,0,0,0,40,0,0,1,-1,0,0,0,bad
localharvest.org/,17,0,0,1,0,0,0,0,1,0,0,0,17,0,0,1,-1,0,0,0,good
en.wikipedia.org/wiki/Preska,28,0,0,2,0,0,0,0,2,0,0,0,28,0,0,1,-1,0,0,0,good
livesoccertv.com/members/register.php,37,0,0,2,0,0,0,0,2,0,0,0,37,0,0,1,-1,0,0,0,good
mali-weather.com/,17,0,0,1,0,0,0,0,1,0,0,0,17,0,0,1,-1,0,0,0,good
smartlifeinstitute.com/,23,0,0,1,0,0,0,0,1,0,0,0,23,0,0,1,-1,0,0,0,good
196.192.81.69/images/a2.html,28,1,0,4,0,0,0,0,2,0,0,0,28,0,0,0,-1,0,0,0,bad
supportourwarheroes.net/index.php?option=com_content&task=view&id=28&Itemid=4,77,0,0,2,0,0,0,0,1,0,0,0,33,43,8,1,-1,0,0,0,good
krotzon.biz/aGVyYmVydGtyYXRzY2htYXJAdC1vbmxpbmUuZGU=/DEsdR/cgiklzpTafd6grjeu2,77,0,0,1,0,0,0,0,3,0,0,0,77,0,1,0,-1,0,0,0,bad
eveonline.com/ingameboard.asp?a=topic&threadID=1173454&page=1,61,0,0,2,0,0,0,0,1,0,0,0,29,31,6,1,-1,0,0,0,good
lpmxp2224.com,13,0,0,1,0,0,0,0,0,0,0,0,13,0,0,1,-1,0,0,0,bad
articles.latimes.com/2010/jun/28/entertainment/la-et-craig-kilborn-20100628,75,0,0,2,0,0,0,0,5,0,0,0,75,0,0,1,-1,0,0,0,good
flymkc.com/,11,0,0,1,0,0,0,0,1,0,0,0,11,0,0,1,-1,0,0,0,good
celebtna.com/Ami_Dolenz/Ami_Dolenz.htm,38,0,0,2,0,0,0,0,2,0,0,0,38,0,0,1,-1,0,0,0,good
living4u.80port.net/zb/doc/file.index.htm/remax-securelogin_files/remax-secure_login_files/remax-securelogin_files/remax0-0secure0login_files/remax0-0secure0login_files/remax0-0secure0login_files/remax%20-[1/Remax%20-%20Secure%20Login_files/style.htm/,251,0,0,5,0,0,0,0,13,0,0,1,251,0,4,1,-1,0,0,0,bad
bst.tw/43ftybb8,15,0,0,1,0,0,0,0,1,0,0,0,15,0,0,0,-1,0,0,0,bad
emol.org/movies/horror/index.html,33,0,0,2,0,0,0,0,3,0,0,0,33,0,0,1,-1,0,0,0,good
en.wikipedia.org/wiki/Steven_Fletcher_(ice_hockey),50,0,0,2,0,0,0,0,2,0,0,0,50,0,0,1,-1,0,0,0,good
881theburg.com/,15,0,0,1,0,0,0,0,1,0,0,0,15,0,0,1,-1,0,0,0,good
gen.nobleco.lib.in.us/Census/1920indexLR.htm,44,0,0,5,0,0,0,0,2,0,0,0,44,0,0,0,-1,0,0,0,good
people.famouswhy.com/rene_russo/,32,0,0,2,0,0,0,0,2,0,0,0,32,0,0,1,-1,0,0,0,good
touch-media.ro/aol/index.htm,28,0,0,2,0,0,0,0,2,0,0,0,28,0,0,0,-1,0,0,0,bad
en.wikipedia.org/wiki/List_of_Latin_phrases:_C,46,0,0,2,0,0,0,0,2,0,0,0,46,0,0,1,-1,0,0,0,good
ib.adnxs.com/tt?id=2446839&cb=1399470512&referrer=${REFERRER_URL}&pubclick=http://fra1.ib.adnxs.com/click?exSuR-F6lD9IUPwYc9eSP7gehetRuM4_SFD8GHPXkj97FK5H4XqUP7zIzisbYc5wa5TM3ue7ABGwOWpTAAAAACqWJQDIAQAAgAcAAAIAAAADScAAm5gFAAAAAQBVU0QAVVNEANgCWgCjiAAAPIsDAQUAAQIAAIwAmidF0gAAAAA./cnd=%21MgUEMQi2g6kBEIOSgQYYm7EWIAA./referrer=http%3A%2F%2Fbanners.adfox.ru%2F131118%2Fadfox%2F302043%2Fredigo_728.html/clickenc=,407,0,0,10,0,0,0,0,1,1,0,0,15,391,20,1,-1,0,0,0,bad
packeravenue.blogspot.com/2010/08/packers-chiefs-dope-sheet.html,64,0,0,3,0,0,0,0,3,0,0,0,64,0,0,1,-1,0,0,0,good
en.wikipedia.org/wiki/Ned_Kelly_(2003_film),43,0,0,2,0,0,0,0,2,0,0,0,43,0,0,1,-1,0,0,0,good
buzurl.com/bi19,15,0,0,1,0,0,0,0,1,0,0,0,15,0,0,1,-1,0,0,0,bad
vindirect.co.nz/www.paypal.co.uk1/encripted/ssl218.site/index.php,65,0,0,7,0,0,0,0,4,0,0,0,65,0,0,0,-1,0,0,0,bad
www.novell.com/training/certinfo/,33,0,0,2,0,0,0,0,3,0,0,0,33,0,0,1,-1,0,0,0,good
imdb.com/title/tt0235918/epcast,31,0,0,1,0,0,0,0,3,0,0,0,31,0,0,1,-1,0,0,0,good
www.daniweb.com/techtalkforums/forum64.html,43,0,0,3,0,0,0,0,2,0,0,0,43,0,0,1,-1,0,0,0,good
prohormonshop.com/,18,0,0,1,0,0,0,0,1,0,0,0,18,0,0,1,-1,0,0,0,bad
bittenbybooks.com/18718/the-papillion-prophecy-hierarchy/,57,0,0,1,0,0,0,0,3,0,0,0,57,0,0,1,-1,0,0,0,good
zoominfo.com/people/Ferland_Marybeth_373353224.aspx,51,0,0,2,0,0,0,0,2,0,0,0,51,0,0,1,-1,0,0,0,good
manta.com/c/mmfwpvn/gary-bruce-mcfarland,40,0,0,1,0,0,0,0,3,0,0,0,40,0,0,1,-1,0,0,0,good
whosdatedwho.com/tpx_49901/shawn-levy/,38,0,0,1,0,0,0,0,3,0,0,0,38,0,0,1,-1,0,0,0,good
www.offshore-technology.com/contractors/hydrographic/,53,0,0,2,0,0,0,0,3,0,0,0,53,0,0,1,-1,0,0,0,good
vissoft6.org/62b/hey+say+2010+ten+jump+watch+online.html,56,0,0,2,0,0,0,0,2,0,0,0,56,0,0,1,-1,0,0,0,good
indeed.com/cmp/Transcontinental-Interactive,43,0,0,1,0,0,0,0,2,0,0,0,43,0,0,1,-1,0,0,0,good
ats.ctsnetjournals.org/cgi/content/full/86/4/1328,49,0,0,2,0,0,0,0,6,0,0,0,49,0,0,1,-1,0,0,0,good
lyngsat-address.com/gk/KCWE-TV.html,35,0,0,2,0,0,0,0,2,0,0,0,35,0,0,1,-1,0,0,0,good
americanjuniorhockey.blogspot.com/2010/08/2011-us-mens-national-university-team.html,84,0,0,3,0,0,0,0,3,0,0,0,84,0,0,1,-1,0,0,0,good
facebook.com/BigBreakRecords,28,0,0,1,0,0,0,0,1,0,0,0,28,0,0,1,-1,0,0,0,good
acronyms.thefreedictionary.com/CCM,34,0,0,2,0,0,0,0,1,0,0,0,34,0,0,1,-1,0,0,0,good
java.boot.by/scjp-tiger/,24,0,0,2,0,0,0,0,2,0,0,0,24,0,0,0,-1,0,0,0,good
singlearthousse.com/ocfg.php,28,0,0,2,0,0,0,0,1,0,0,0,28,0,0,1,-1,0,0,0,bad
vnmuse797793.krovatka.su/UK&hash=item337582e834&PHPSESSID=7ee4157cfbdaa97926faeff30d964dc9Automobiles_UK&hash=item3Automobiles_UK&hash=item337582e834&PHPSESSID=7ee4157cfbdaa97926faeff30d964dc9Automobiles_UK&hash=item337582e834&PHPSESSID=7ee4157cfbdaa97926faeff30d964dc9.html,274,0,0,3,0,0,0,0,1,0,0,0,274,0,14,0,-1,0,0,0,bad
oaklandnet.com/,15,0,0,1,0,0,0,0,1,0,0,0,15,0,0,1,-1,0,0,0,good
mylife.com/al_dore,18,0,0,1,0,0,0,0,1,0,0,0,18,0,0,1,-1,0,0,0,good
koco.com/sports/27439812/detail.html,36,0,0,2,0,0,0,0,3,0,0,0,36,0,0,1,-1,0,0,0,good
8fvchzuz.myutilitydomain.com/doc/dxx/1062d57ca0eb5383212213d7db47c44b/,70,0,0,2,0,0,0,0,4,0,0,0,70,0,0,1,-1,0,0,0,bad
youtube.com/watch?v=akzIAurMKAw,31,0,0,1,0,0,0,0,1,0,0,0,17,13,2,1,-1,0,0,0,good
realtor.com/property-search/New-Orleans_LA/St-Denis-St,54,0,0,1,0,0,0,0,3,0,0,0,54,0,0,1,-1,0,0,0,good
www.paypal-verify.de/80162/index.php,36,0,0,3,0,0,0,0,2,0,0,1,36,0,0,0,-1,0,0,0,bad
www.maquinaval.org.ar/wp-content/uploads/2009/cgi/https/secure.eveonline.com/login.aspxReturnUrl2fAccountManMenu.aspx3faid3d103543aid193543.html,144,0,0,8,0,0,0,0,7,0,0,1,144,0,0,1,-1,0,0,0,bad
huggies.com.au/baby-names/girls/l/lulu,38,0,0,2,0,0,0,0,4,0,0,0,38,0,0,1,-1,0,0,0,good
tripadvisor.com/ShowUserReviews-g155032-d1494256-r43641864-Gray_Line_Tours_Montreal-Montreal_Quebec.html,104,0,0,2,0,0,0,0,1,0,0,0,104,0,0,1,-1,0,0,0,good
www.teclub.com.br/images/default/icon/pcielo/index.html,55,0,0,4,0,0,0,0,5,0,0,0,55,0,0,1,-1,0,0,0,bad
outlawsonline.com/erd1/2017/jason-rhoades/prisonpenpals.html,60,0,0,2,0,0,0,0,4,0,0,0,60,0,0,1,-1,0,0,0,good
awtc.ancestry.com/cgi-bin/igm.cgi?op=DESC&db=charlebois47&id=I001888&ti=5543,76,0,0,3,0,0,0,0,2,0,0,0,33,42,8,1,-1,0,0,0,good
en.wikipedia.org/wiki/Category:Illinois_Fighting_Illini_football_players,72,0,0,2,0,0,0,0,2,0,0,0,72,0,0,1,-1,0,0,0,good
usidentify.com/l/cousineau,26,0,0,1,0,0,0,0,2,0,0,0,26,0,0,1,-1,0,0,0,good
colsanpablo.com/plugins/extension/hmf/confirm.php?cmd=login_submit&amp;id=c802174b00af93e2d3eadcdf0c6c8442c802174b00af93e2d3eadcdf0c6c8442&amp;session=c802174b00af93e2d3eadcdf0c6c8442c802174b00af93e2d3eadcdf0c6c8442,215,0,0,2,0,0,0,0,4,0,0,1,49,165,6,1,-1,0,0,0,bad
zoover.com/france/ile-de-france/paris/bois-de-boulogne/camping/map,66,0,0,1,0,0,0,0,6,0,0,0,66,0,0,1,-1,0,0,0,good
spiritus-temporis.com/al-jardine/,33,0,0,1,0,0,0,0,2,0,0,0,33,0,0,1,-1,0,0,0,good
allrss.com/wikipedia.php?title=Japan_at_the_1976_Summer_Olympics,64,0,0,2,0,0,0,0,1,0,0,0,24,39,2,1,-1,0,0,0,good
dwaintaylorchevrolet.com/,25,0,0,1,0,0,0,0,1,0,0,0,25,0,0,1,-1,0,0,0,good
pandora.com/music/song/common/faithful,38,0,0,1,0,0,0,0,4,0,0,0,38,0,0,1,-1,0,0,0,good
colegioterranova.edu.ec/libraries/simplepie/PayPal/cy.htm,57,0,0,3,0,0,0,0,4,0,0,0,57,0,0,0,-1,0,0,0,bad
www.debussytrio.com/pub/pub2.html,33,0,0,3,0,0,0,0,2,0,0,0,33,0,0,1,-1,0,0,0,good
pastehtml.com/view/bervuzvgx.html,33,0,0,2,0,0,0,0,2,0,0,0,33,0,0,1,-1,0,0,0,bad
smartlipolouisville.com/,24,0,0,1,0,0,0,0,1,0,0,0,24,0,0,1,-1,0,0,0,good
www.gamespot.com/ps2/action/rygarthelegendaryadventure/,55,0,0,2,0,0,0,0,4,0,0,0,55,0,0,1,-1,0,0,0,good
aviationinspector.com/?tag=wolverton,36,0,0,1,0,0,0,0,1,0,0,0,22,13,2,1,-1,0,0,0,good
en.wikipedia.org/wiki/Love_Broke_Thru,37,0,0,2,0,0,0,0,2,0,0,0,37,0,0,1,-1,0,0,0,good
musicgarden.net/bands/jimmy_church_band.html,44,0,0,2,0,0,0,0,2,0,0,0,44,0,0,1,-1,0,0,0,good
w1sdom.us/13377/cp.php?m=login,30,0,0,2,0,0,0,0,2,0,0,1,22,7,2,0,-1,0,0,0,bad
plastictas.nl/hfyhcwi,21,0,0,1,0,0,0,0,1,0,0,0,21,0,0,0,-1,0,0,0,bad
home.entouch.net/dmd/rossrev.htm,32,0,0,3,0,0,0,0,2,0,0,0,32,0,0,1,-1,0,0,0,good
realhelpsout.com/wp-includes/js/mailbox/index.php?email=abuse@beratmuseum.net,77,0,1,3,0,0,0,0,4,0,0,0,49,27,3,1,-1,0,0,0,bad
digparty.com/wiki/Kristi_Myst,29,0,0,1,0,0,0,0,2,0,0,0,29,0,0,1,-1,0,0,0,good
bestfrenchfilms.com/01_jean.php,31,0,0,2,0,0,0,0,1,0,0,0,31,0,0,1,-1,0,0,0,good
mylocalservices.us/listings.php?name=Architect's+in+California&county=59006&category=20226,90,0,0,2,0,0,0,0,1,0,0,0,31,58,6,0,-1,0,0,0,good
poptower.com/kat-foster.htm,27,0,0,2,0,0,0,0,1,0,0,0,27,0,0,1,-1,0,0,0,good
109.234.37.184/upd/15,21,1,0,3,0,0,0,0,2,0,0,0,21,0,0,0,-1,0,0,0,bad
duckduckgo.com/1/c/Adirondack_Red_Wings_players,47,0,0,1,0,0,0,0,3,0,0,0,47,0,0,1,-1,0,0,0,good
veromi.com/G-H-Boyce.aspx,25,0,0,2,0,0,0,0,1,0,0,0,25,0,0,1,-1,0,0,0,good
montreal.en.craigslist.ca/mis/,30,0,0,3,0,0,0,0,2,0,0,0,30,0,0,0,-1,0,0,0,good
www.planet-auto.go.ro/j8fn3rg3,30,0,0,3,0,0,0,0,1,0,0,0,30,0,0,0,-1,0,0,0,bad
advertisingcentral.yahoo.com/searchmarketing/en_SG/index,56,0,0,2,0,0,0,0,3,0,0,0,56,0,0,1,-1,0,0,0,good
hockeyihl.com/comp/cp.php?m=login,33,0,0,2,0,0,0,0,2,0,0,1,25,7,2,1,-1,0,0,0,bad
habseyesontheprize.com/pages/canadiens-organization-hosts-the,61,0,0,1,0,0,0,0,2,0,0,0,61,0,0,1,-1,0,0,0,good
movies.toptenreviews.com/actors/reviews/a239222.htm,51,0,0,3,0,0,0,0,3,0,0,0,51,0,0,1,-1,0,0,0,good
we11point.com/,14,0,0,1,0,0,0,0,1,0,0,0,14,0,0,1,-1,0,0,0,bad
ut=User,7,0,0,0,0,0,0,0,0,0,0,0,7,0,1,0,-1,0,0,0,bad
youtube.com/watch?v=obp9n-xUa1Y,31,0,0,1,0,0,0,0,1,0,0,0,17,13,2,1,-1,0,0,0,good
english.turkcebilgi.com/Kay+E.+Kuter,36,0,0,3,0,0,0,0,1,0,0,0,36,0,0,1,-1,0,0,0,good
metrolyrics.com/pitchshifter-albums-list.html,45,0,0,2,0,0,0,0,1,0,0,0,45,0,0,1,-1,0,0,0,good
coasttocoasttickets.com/venues/trustmark-park_tickets.shtml,59,0,0,2,0,0,0,0,2,0,0,0,59,0,0,1,-1,0,0,0,good
onelook.com/?w=transform,24,0,0,1,0,0,0,0,1,0,0,0,12,11,2,1,-1,0,0,0,good
imdb.com/name/nm0476484/,24,0,0,1,0,0,0,0,3,0,0,0,24,0,0,1,-1,0,0,0,good
baseball-almanac.com/players/player.php?p=krakajo01,51,0,0,2,0,0,0,0,2,0,0,0,39,11,2,1,-1,0,0,0,good
menuism.com/restaurants/la-betise-montreal-576670,49,0,0,1,0,0,0,0,2,0,0,0,49,0,0,1,-1,0,0,0,good
music.yahoo.com/nodeja/,23,0,0,2,0,0,0,0,2,0,0,0,23,0,0,1,-1,0,0,0,good
news.cnet.com/2100-1040-220452.html,35,0,0,3,0,0,0,0,1,0,0,0,35,0,0,1,-1,0,0,0,good
freebase.com/view/en/robert_augustus_sweeney,44,0,0,1,0,0,0,0,3,0,0,0,44,0,0,1,-1,0,0,0,good
youtube.com/watch?v=G2jQMKfcg98,31,0,0,1,0,0,0,0,1,0,0,0,17,13,2,1,-1,0,0,0,good
ratemyteachers.com/eric-theriault/412470-t,42,0,0,1,0,0,0,0,2,0,0,0,42,0,0,1,-1,0,0,0,good
www.system-heldesk.tk/,22,0,0,2,0,0,0,0,1,0,0,0,22,0,0,0,-1,0,0,0,bad
hockeydb.com/ihdb/stats/pdisplay.php?pid=54988,46,0,0,2,0,0,0,0,3,0,0,0,36,9,2,1,-1,0,0,0,good
torontolife.com/daily/daily-dish/neighbourhoods/2010/09/23/on-the-block-st-clair-west/,86,0,0,1,0,0,0,0,8,0,0,0,86,0,0,1,-1,0,0,0,good
alhadbaa.net/info/view/Paype/index.php,38,0,0,2,0,0,0,0,4,0,0,0,38,0,0,1,-1,0,0,0,bad
examiner.com/historic-places-in-newark/newark-s-washington-park-the-founding-crossroads-of-a-vibrant-city,105,0,0,1,0,0,0,0,2,0,0,0,105,0,0,1,-1,0,0,0,good
insidemnsoccer.com/2009/09/02/united-soccer-leagues-at-a-crossroads-%E2%80%93-part-two-negotiations-break-down/,111,0,0,1,0,0,0,0,5,0,0,0,111,0,3,1,-1,0,0,0,good
ibjja.com/blog/wp-content/plugins/scribe/lib/history/views/meta-box/c.php?o=ogwh94w53ylq2p,90,0,0,2,0,0,0,0,9,0,0,0,73,16,2,1,-1,0,0,0,bad
amazon.com/Star-Trek-Michael-Giacchino/dp/B001Z920NA,52,0,0,1,0,0,0,0,3,0,0,0,52,0,0,1,-1,0,0,0,good
jimmyherringhasaposse.com/,26,0,0,1,0,0,0,0,1,0,0,0,26,0,0,1,-1,0,0,0,good
mydoctor.kaiserpermanente.org/ncal/facilities/region/gsaa/area_master/home/?kp_shortcut_referrer=kp.org/fremonthayward,118,0,0,3,0,0,0,0,7,0,0,0,75,42,2,1,-1,0,0,0,good
watermintstudios.com/blog/index.php/2011/11/battleschool-a-first-look,69,0,0,2,0,0,0,0,5,0,0,0,69,0,0,1,-1,0,0,0,good
spoke.com/info/pWlisQi/BobbyGrier,33,0,0,1,0,0,0,0,3,0,0,0,33,0,0,1,-1,0,0,0,good
www.kde.org/announcements/announce-3.2.php,42,0,0,4,0,0,0,0,2,0,0,0,42,0,0,1,-1,0,0,0,good
www.mark-weeks.com/chess/58601wix.htm,37,0,0,3,0,0,0,0,2,0,0,0,37,0,0,1,-1,0,0,0,good
disney.go.com/disneyinsider/history/legends/edna-francis-disney,63,0,0,2,0,0,0,0,4,0,0,0,63,0,0,1,-1,0,0,0,good
youtube.com/watch?v=QfXx7sAmdHw,31,0,0,1,0,0,0,0,1,0,0,0,17,13,2,1,-1,0,0,0,good
montrealmls2012.com/saputostadium.php,37,0,0,2,0,0,0,0,1,0,0,0,37,0,0,1,-1,0,0,0,good
einpresswire.com/article/72629-maglev-2000-names-ernest-m-fazio-director-of-communications,90,0,0,1,0,0,0,0,2,0,0,0,90,0,0,1,-1,0,0,0,good
pastehtml.com/view/bfm1m9isa.html,33,0,0,2,0,0,0,0,2,0,0,0,33,0,0,1,-1,0,0,0,bad
popvideoskype.com,17,0,0,1,0,0,0,0,0,0,0,0,17,0,0,1,-1,0,0,0,bad
www.slideshare.net/PingElizabeth/finding-intranet-roi-whitepaper,64,0,0,2,0,0,0,0,2,0,0,0,64,0,0,1,-1,0,0,0,good
www.successfultravelservice.com/wp-content/adm/index.php?m=login,64,0,0,3,0,0,0,0,3,0,0,1,56,7,2,1,-1,0,0,0,bad
columbiatribune.com/news/2010/oct/15/sean-hengel-1985-2010/?obituaries,70,0,0,1,0,0,0,0,6,0,0,0,59,10,1,1,-1,0,0,0,good
findagrave.com/cgi-bin/fg.cgi?page=gr&GRid=24969866,51,0,0,2,0,0,0,0,2,0,0,0,29,21,4,1,-1,0,0,0,good
myspace.com/akindre,19,0,0,1,0,0,0,0,1,0,0,0,19,0,0,1,-1,0,0,0,good
tools.ietf.org/html/rfc3094,27,0,0,2,0,0,0,0,2,0,0,0,27,0,0,1,-1,0,0,0,good
en.goldenmap.com/Eli_(name),27,0,0,2,0,0,0,0,1,0,0,0,27,0,0,1,-1,0,0,0,good
bevestignu.com/234567865432/87654678/97c0b7a8c076edc/?ID=login&amp;Key=e7c1b2e9525e428bcd0af5f1bd1dadb4&amp;login&amp;path=/signin/?referrer,140,0,0,1,0,0,0,0,4,0,0,1,53,86,8,1,-1,0,0,0,bad
rottentomatoes.com/m/bruce_lee_the_legend_lives_on/,51,0,0,1,0,0,0,0,3,0,0,0,51,0,0,1,-1,0,0,0,good
danahill.info/,14,0,0,1,0,0,0,0,1,0,0,0,14,0,0,1,-1,0,0,0,good
spokeo.com/Jessica+Karr,23,0,0,1,0,0,0,0,1,0,0,0,23,0,0,1,-1,0,0,0,good
joshcelebfakes.blogspot.com/2011/04/kelly-blatz.html,52,0,0,3,0,0,0,0,3,0,0,0,52,0,0,1,-1,0,0,0,good
en-gb.facebook.com/scott.bonner,31,0,0,3,0,0,0,0,1,0,0,0,31,0,0,1,-1,0,0,0,good
med.ohio.gov/,13,0,0,2,0,0,0,0,1,0,0,0,13,0,0,0,-1,0,0,0,good
travelingluck.com/North+America/Canada/Quebec/_6138850_Saint-Pascal-Baylon.html,79,0,0,2,0,0,0,0,4,0,0,0,79,0,0,1,-1,0,0,0,good
musicbabylon.com/artist/saturday_night_fever_soundtrack/saturday_night_fever/253234-tavares_more_than_a_woman-lyrics.htm,120,0,0,2,0,0,0,0,4,0,0,0,120,0,0,1,-1,0,0,0,good
88.150.131.130/dxt/,19,1,0,3,0,0,0,0,2,0,0,0,19,0,0,0,-1,0,0,0,bad
hiplyrics.com/n/national-anthem-of-south-korea-lyrics.html,58,0,0,2,0,0,0,0,2,0,0,0,58,0,0,1,-1,0,0,0,good
en.wikipedia.org/wiki/Category:Tech_N9ne_albums,47,0,0,2,0,0,0,0,2,0,0,0,47,0,0,1,-1,0,0,0,good
aaccessmaps.com/show/map/ca/montreal_south,42,0,0,1,0,0,0,0,4,0,0,0,42,0,0,1,-1,0,0,0,good
www.cs.tufts.edu/~nr/toolkit/examples/sparc/sparcdis.html,57,0,0,4,0,0,0,0,5,0,0,0,57,0,0,0,-1,0,0,0,good
'9d345009-a-62cb3a1a-s-sites.googlegroups.com/site/stickamcomlogindo/login.html?amp\%3Battredirects=2&attachauth=ANoY7coHtts_Wt9Trz-UPCK7HgUuC5Ro54A-Eo83D4ogyZOa2pZtqMpaWwvGzDmtTPvPT7Cj7LmGfj7i_8ja_SM90XTDadiZ9gm_xDbiNku4Xyl3-LM7N-l0EkB2HPD_OmGmOt8ztcawICzo3ZqUqstS0rRiEtGY2h52ceY-XCL-dVYovLAir7z6WudC1jtfszrkYx3AcHrUqvU_zXEDWNwh5tkg7qNafQ\%3D\%3D&attredirects=0',363,0,0,3,0,0,0,0,3,0,0,1,79,283,9,1,-1,0,0,0,bad
isisinstitute.com/aboutisis.html,32,0,0,2,0,0,0,0,1,0,0,0,32,0,0,1,-1,0,0,0,good
ohiobobcats.com/sports/m-baskbl/spec-rel/081911aab.html,55,0,0,2,0,0,0,0,4,0,0,0,55,0,0,1,-1,0,0,0,good
music.yahoo.com/lasha/,22,0,0,2,0,0,0,0,2,0,0,0,22,0,0,1,-1,0,0,0,good
sfetcu.com/en/content/2008-Summer-Olympics-highlights-Day-8-August-16,69,0,0,1,0,0,0,0,3,0,0,0,69,0,0,1,-1,0,0,0,good
facebook.com/stephen.arroyo1,28,0,0,2,0,0,0,0,1,0,0,0,28,0,0,1,-1,0,0,0,good
babyadults.com/wp-admin/westpac.com.au.WAP/webmail/sigin/servUP,63,0,0,4,0,0,0,0,5,0,0,0,63,0,0,1,-1,0,0,0,bad
snowcaptraffic.com/records/roy,30,0,0,1,0,0,0,0,2,0,0,0,30,0,0,1,-1,0,0,0,good
54.200.248.73/webalizer/cp.php?m=login,38,1,0,4,0,0,0,0,2,0,0,1,30,7,2,0,-1,0,0,0,bad
equestrian-database.com/serve/advancedzoek?evenement%5Bland%5D=&paard%5Bnationaliteit%5D=22&paard%5Bstamboek%5D=&redi=mainsite&ruiter%5Bnationaliteit%5D=6,154,0,0,1,0,0,0,0,2,0,0,0,42,111,18,1,-1,0,0,0,good
youtube.com/watch?v=xB-hwF-7CVs,31,0,0,1,0,0,0,0,1,0,0,0,17,13,2,1,-1,0,0,0,good
imdb.com/title/tt0233030/,25,0,0,1,0,0,0,0,3,0,0,0,25,0,0,1,-1,0,0,0,good
bayarearadio.org/audio/kfrc/1993/kfrc_aug-12-1993.shtml,55,0,0,2,0,0,0,0,4,0,0,0,55,0,0,1,-1,0,0,0,good
www.freewebs.com/dracorosbrook/,31,0,0,2,0,0,0,0,2,0,0,0,31,0,0,1,-1,0,0,0,good
worthpoint.com/worthopedia/canadian-grenadier-guards-regimental-history-1760,76,0,0,1,0,0,0,0,2,0,0,0,76,0,0,1,-1,0,0,0,good
frtysvn.info/,13,0,0,1,0,0,0,0,1,0,0,0,13,0,0,1,-1,0,0,0,bad
atsdatabase.com/Stats/NFL/Minnesota-Vikings-Football-Past-Results.html,70,0,0,2,0,0,0,0,3,0,0,0,70,0,0,1,-1,0,0,0,good
spokeo.com/George+Redpath,25,0,0,1,0,0,0,0,1,0,0,0,25,0,0,1,-1,0,0,0,good
chacha.com/question/what-does-bodine-mean,41,0,0,1,0,0,0,0,2,0,0,0,41,0,0,1,-1,0,0,0,good
answers.com/topic/ouellette-1,29,0,0,1,0,0,0,0,2,0,0,0,29,0,0,1,-1,0,0,0,good
sports.yahoo.com/nhl/blog/puck_daddy/post/Let-the-Kansas-City-Scouts-nostalgia-movement-be?urn=nhl-304677,105,0,0,2,0,0,0,0,5,0,0,0,90,14,2,1,-1,0,0,0,good
shatageewoodshistory.wordpress.com/category/chateaugay-ore-and-iron-company/,76,0,0,2,0,0,0,0,3,0,0,0,76,0,0,1,-1,0,0,0,good
laptopschematic.com/,20,0,0,1,0,0,0,0,1,0,0,0,20,0,0,1,-1,0,0,0,good
zimbio.com/Daniel+Paille/rolls,30,0,0,1,0,0,0,0,2,0,0,0,30,0,0,1,-1,0,0,0,good
www.cs.man.ac.uk/~daf/i-p-c-s.org/faq/,38,0,0,5,0,0,0,0,4,0,0,0,38,0,0,1,-1,0,0,0,good
cfl.ca/page/his_legends_etcheverry,34,0,0,1,0,0,0,0,2,0,0,0,34,0,0,0,-1,0,0,0,good
whosdatedwho.com/tpx_48878/jeff-stinco/,39,0,0,1,0,0,0,0,3,0,0,0,39,0,0,1,-1,0,0,0,good
www.oidview.com/oidview.html,28,0,0,3,0,0,0,0,1,0,0,0,28,0,0,1,-1,0,0,0,good
autodemitrans.ro/transport/includes/doc/doc/really2.php,55,0,0,2,0,0,0,0,5,0,0,0,55,0,0,0,-1,0,0,0,bad
link.angellroofing.com,22,0,0,2,0,0,0,0,0,0,0,0,22,0,0,1,-1,0,0,0,bad
alibris.com/search/books/author/Skousen%2C%20Mark,49,0,0,1,0,0,0,0,4,0,0,0,49,0,2,1,-1,0,0,0,good
settlemee.com/dered/panel/admin.php,35,0,0,2,0,0,0,0,3,0,0,0,35,0,0,1,-1,0,0,0,bad
www.concisefinance.com.au/financial-planning/,45,0,0,3,0,0,0,0,2,0,0,0,45,0,0,1,-1,0,0,0,bad
93.170.104.171/module/a104f2955999a2f1a1c881e8930b82f6,54,1,0,3,0,0,0,0,2,0,0,0,54,0,0,0,-1,0,0,0,bad
verapdpf.info/db,16,0,0,1,0,0,0,0,1,0,0,0,16,0,0,1,-1,0,0,0,bad
soundunwound.com/music/shelley-berman/320971,44,0,0,1,0,0,0,0,3,0,0,0,44,0,0,1,-1,0,0,0,good
homezilla.ca/listing/1124_Lake_Rd_Mattatall_Lake_NS_25117946/,61,0,0,1,0,0,0,0,3,0,0,0,61,0,0,0,-1,0,0,0,good
business.iastate.edu/,21,0,0,2,0,0,0,0,1,0,0,0,21,0,0,0,-1,0,0,0,good
telcorp.co.za/wppc/wpp/secure/pdf/safe/document.php,51,0,0,3,0,0,0,0,6,0,0,1,51,0,0,0,-1,0,0,0,bad
www.tlcchurchresources.com/form/forms/form1.html,48,0,0,3,0,0,0,0,3,0,0,0,48,0,0,1,-1,0,0,0,bad
thelistenertvshow.wetpaint.com/page/The+Listener+Cast,53,0,0,2,0,0,0,0,2,0,0,0,53,0,0,1,-1,0,0,0,good
greentechmedia.com/articles/read/assembywoman-nancy-skinner-author-of-pioneering-energy-storage-law/,100,0,0,1,0,0,0,0,4,0,0,0,100,0,0,1,-1,0,0,0,good
stpaulswaco.org/,16,0,0,1,0,0,0,0,1,0,0,0,16,0,0,1,-1,0,0,0,good
flixster.com/actor/camerondye,29,0,0,1,0,0,0,0,2,0,0,0,29,0,0,1,-1,0,0,0,good
spokeo.com/Ben+Chapman,22,0,0,1,0,0,0,0,1,0,0,0,22,0,0,1,-1,0,0,0,good
gachcbv.com/plugins/system/plg_system_rewrite/a.php?,52,0,0,2,0,0,0,0,4,0,0,0,51,0,1,1,-1,0,0,0,bad
ragegame.net/,13,0,0,1,0,0,0,0,1,0,0,0,13,0,0,1,-1,0,0,0,good
select.nytimes.com/gst/abstract.html?res=F50615FE3F581B728DDDAA0894D8415B818AF1D3,81,0,0,3,0,0,0,0,2,0,0,0,36,44,2,1,-1,0,0,0,good
myspace.com/jose597,19,0,0,1,0,0,0,0,1,0,0,0,19,0,0,1,-1,0,0,0,good
wikimoon.org/index.php?title=Steven_Bednarski,45,0,0,2,0,0,0,0,1,0,0,0,22,22,2,1,-1,0,0,0,good
imdb.it/name/nm0233304/,23,0,0,1,0,0,0,0,3,0,0,0,23,0,0,0,-1,0,0,0,good
www.semdesigns.com/Products/FrontEnds/index.html,48,0,0,3,0,0,0,0,3,0,0,0,48,0,0,1,-1,0,0,0,good
openpublicservices.cabinetoffice.gov.uk/,40,0,0,3,0,0,0,0,1,0,0,0,40,0,0,0,-1,0,0,0,good
hfboards.com/showthread.php?t=670749,36,0,0,2,0,0,0,0,1,0,0,0,27,8,2,1,-1,0,0,0,good
www.paypal.com.login.captainsgalleynorfolk.com/?cmd=_home&amp;dispatch=5885d80a13c0db1f8e&amp;ee=ca560e5ca15a35a3ecf962b1dbbe1231,129,0,0,5,0,0,0,0,1,0,0,1,47,81,6,1,-1,0,0,0,bad
freemmalive.com/2010/05/ufc-113-live-streaming.html,51,0,0,2,0,0,0,0,3,0,0,0,51,0,0,1,-1,0,0,0,good
midisland.bcvirtualtour.com/5664MalibuTr-Nanaimo/,49,0,0,2,0,0,0,0,2,0,0,0,49,0,0,1,-1,0,0,0,good
id0498372885938paypal.com.au.account.verification-re5983202k.com.au.mubashar786.com/.vbv/bebb0297a49849066e4226b55ee07f58/b705cb9cd40aacc99491886f26d2f0e2/,155,0,0,9,0,0,0,0,4,0,0,1,155,0,0,1,-1,0,0,0,bad
montreal.helpgrabber.com/index.php,34,0,0,3,0,0,0,0,1,0,0,0,34,0,0,1,-1,0,0,0,good
pipl.com/directory/people/Fred/Faucher,38,0,0,1,0,0,0,0,4,0,0,0,38,0,0,1,-1,0,0,0,good
mtv.com/music/artist/men_without_hats/artist.jhtml,50,0,0,2,0,0,0,0,4,0,0,0,50,0,0,1,-1,0,0,0,good
elseireitei.blogspot.com/2011/06/anime-para-sore-ga-bokura-no-nichijo.html,74,0,0,3,0,0,0,0,3,0,0,0,74,0,0,1,-1,0,0,0,good
zvon.org/xxl/svgReference/Output/index.html,43,0,0,2,0,0,0,0,4,0,0,0,43,0,0,1,-1,0,0,0,good
superpages.com/bp/Espanola-NM/Floral-Expressions-L0122690198.htm,64,0,0,2,0,0,0,0,3,0,0,0,64,0,0,1,-1,0,0,0,good
www.angelfire.com/nv/tmyst/,27,0,0,2,0,0,0,0,3,0,0,0,27,0,0,1,-1,0,0,0,good
arenafan.com/players/Tory_Epps-2479/,36,0,0,1,0,0,0,0,3,0,0,0,36,0,0,1,-1,0,0,0,good
91.203.5.176/checkupdate,24,1,0,3,0,0,0,0,1,0,0,1,24,0,0,0,-1,0,0,0,bad
www.angelfire.com/pq/maxpower/index.html,40,0,0,3,0,0,0,0,3,0,0,0,40,0,0,1,-1,0,0,0,good
en.wikiquote.org/wiki/Harry_S._Truman,37,0,0,3,0,0,0,0,2,0,0,0,37,0,0,1,-1,0,0,0,good
activism.ucsc.edu/10index.html,30,0,0,3,0,0,0,0,1,0,0,0,30,0,0,0,-1,0,0,0,good
worthpoint.com/worthopedia/26-orig-40s-50s-glam-actress-wanda-hendrix-photos,76,0,0,1,0,0,0,0,2,0,0,0,76,0,0,1,-1,0,0,0,good
manta.com/c/mtqfj4g/rick-rodriguez-construction,47,0,0,1,0,0,0,0,3,0,0,0,47,0,0,1,-1,0,0,0,good
trinitywaconia.org/Church4Staff.html,36,0,0,2,0,0,0,0,1,0,0,0,36,0,0,1,-1,0,0,0,good
s3-ap-southeast-1.amazonaws.com/onekeysdk/downloaderUpdate/downloader_201502121005_242nogame.apk,96,0,0,3,0,0,0,0,3,0,0,1,96,0,0,1,-1,0,0,0,bad
mastercardpremiado.com.br.ms,28,0,0,3,0,0,0,0,0,0,0,0,28,0,0,1,-1,0,0,0,bad
www.eki.ee/letter/,18,0,0,2,0,0,0,0,2,0,0,0,18,0,0,0,-1,0,0,0,good
secure-your-account.ga/limit/fgzsa1viff8pr0yck16x8u4n87ynaulg0by02k98q7n7xca746v2qpgon52o/index.php,99,0,0,2,0,0,0,0,3,0,0,1,99,0,0,0,-1,0,0,0,bad
spiritshop.com/school/south_carolina/chesnee/chesnee_high_school-285192.aspx,76,0,0,2,0,0,0,0,4,0,0,0,76,0,0,1,-1,0,0,0,good
commons.wikimedia.org/wiki/Category:Association_football_players_by_country,75,0,0,2,0,0,0,0,2,0,0,0,75,0,0,1,-1,0,0,0,good
surubiproducciones.com/wp/wp-includes/1/rar2/art/new/,53,0,0,1,0,0,0,0,7,0,0,0,53,0,0,1,-1,0,0,0,bad
migao365.com/template/dropbox/ipad/index.php,44,0,0,2,0,0,0,0,4,0,0,0,44,0,0,1,-1,0,0,0,bad
forumjar.com/list/550,21,0,0,1,0,0,0,0,2,0,0,0,21,0,0,1,-1,0,0,0,good
tecindia.biz/,13,0,0,1,0,0,0,0,1,0,0,0,13,0,0,0,-1,0,0,0,good
en.wikipedia.org/wiki/Inkscape,30,0,0,2,0,0,0,0,2,0,0,0,30,0,0,1,-1,0,0,0,good
insgems.com/js/?app=com-d3&us.battle.net/login/en/?ref=us.battle.net/d3/en/index,80,0,0,5,0,0,0,0,2,0,0,1,15,64,5,1,-1,0,0,0,bad
maitresse.typepad.com/maitresse/mavis_gallant/,46,0,0,2,0,0,0,0,3,0,0,0,46,0,0,1,-1,0,0,0,good
babycenter.com/0_lullaby-lyrics-are-you-sleeping-fr-egrave-re-jacques_6741.bc,77,0,0,2,0,0,0,0,1,0,0,0,77,0,0,1,-1,0,0,0,good
maytepeltre.com/pm.dll,22,0,0,2,0,0,0,0,1,0,0,0,22,0,0,1,-1,0,0,0,bad
articles.tutorialonline.biz/portal/language-fi/search_G,55,0,0,2,0,0,0,0,3,0,0,0,55,0,0,0,-1,0,0,0,good
hiptv.org/maxe/index.html,25,0,0,2,0,0,0,0,2,0,0,0,25,0,0,1,-1,0,0,0,bad
commsure.in/css/Denmark/form.htm,32,0,0,2,0,0,0,0,3,0,0,0,32,0,0,0,-1,0,0,0,bad
www.liveshowgirl.com/8i5ju4g34,30,0,0,2,0,0,0,0,1,0,0,0,30,0,0,1,-1,0,0,0,bad
support-devices.com/nz/nz-log.php,33,0,0,2,0,0,0,0,2,0,0,0,33,0,0,1,-1,0,0,0,bad
people.famouswhy.com/genevieve_bujold/directory.html,52,0,0,3,0,0,0,0,2,0,0,0,52,0,0,1,-1,0,0,0,good
euroleague.net/competition/players/showplayer?pcode=000749,58,0,0,1,0,0,0,0,3,0,0,0,45,12,2,1,-1,0,0,0,good
adbm.co.uk/104ky,16,0,0,2,0,0,0,0,1,0,0,0,16,0,0,0,-1,0,0,0,bad
rekrims.com/PLO5XIde/webscr_prim.php?cmVrcmltcy5jb20=uhsdsusu5485757kUJHNN546221oPLKj988777AOP784MTM1MjQwNTIxMw==,113,0,0,2,0,0,0,0,2,0,0,0,36,76,4,1,-1,0,0,0,bad
2011cycc.ca/,12,0,0,1,0,0,0,0,1,0,0,0,12,0,0,0,-1,0,0,0,good
fqyionjoxrxeuc.pl/upload/_dispatch.php,38,0,0,2,0,0,0,0,2,0,0,0,38,0,0,0,-1,0,0,0,bad
cengizgulec.com/fotolar/adobesecure/85fcb822203de979705ad2dbca378295/,69,0,0,1,0,0,0,0,4,0,0,1,69,0,0,1,-1,0,0,0,bad
sillydog.org/netscape/kb/linuxwindows.php,41,0,0,2,0,0,0,0,3,0,0,0,41,0,0,1,-1,0,0,0,good
www.znark.com/create/,21,0,0,2,0,0,0,0,2,0,0,0,21,0,0,1,-1,0,0,0,good
publicrecords.searchsystems.net/United_States_Free_Public_Records_by_State/Kentucky_Public_Records/Kentucky_Counties_Free_Public_Records/Jefferson_County/,154,0,0,2,0,0,0,0,5,0,0,0,154,0,0,1,-1,0,0,0,good
dictionary30.com/meaning/Rouleau,32,0,0,1,0,0,0,0,2,0,0,0,32,0,0,1,-1,0,0,0,good
pipl.com/directory/name/Josey/Bruce,35,0,0,1,0,0,0,0,4,0,0,0,35,0,0,1,-1,0,0,0,good
movies.nytimes.com/2009/05/08/movies/08rudo.html,48,0,0,3,0,0,0,0,5,0,0,0,48,0,0,1,-1,0,0,0,good
militarytimes.com/citations-medals-awards/list.php?category=States&state=Massachusetts,86,0,0,2,0,0,0,0,2,0,0,0,50,35,4,1,-1,0,0,0,good
myweb.tiscali.co.uk/jmcftworld,30,0,0,3,0,0,0,0,1,0,0,0,30,0,0,0,-1,0,0,0,good
hegeman.com/configs.jpg,23,0,0,2,0,0,0,0,1,0,0,0,23,0,0,1,-1,0,0,0,bad
facebook.com/eric.margolis2,27,0,0,2,0,0,0,0,1,0,0,0,27,0,0,1,-1,0,0,0,good
amu.helpyourselfinstall.info/iframe/?d=1118,43,0,0,2,0,0,0,0,2,0,0,0,36,6,2,1,-1,0,0,0,bad
tools.ietf.org/html/rfc2383,27,0,0,2,0,0,0,0,2,0,0,0,27,0,0,1,-1,0,0,0,good
hathistory.org/panama/index.html,32,0,0,2,0,0,0,0,2,0,0,0,32,0,0,1,-1,0,0,0,good
nffe1998.org/auth/countrytobox/index2.php?Wbh9oMzrtgnFK0I4D3H5jSEJNv7iq8yO1AGkVLTxmpcCuXP6YRQwel2aBUfsZdMIkaWmdT9VXBe28xqHrNicpGDCLF1by6u5njotZQzlhfEwSUK34RY7vgOJ0PsA36948950613,177,0,0,2,0,0,0,0,3,0,0,0,41,135,1,1,-1,0,0,0,bad
upload.voga360.com/mu3/app/20140831/04/1409437823913/boompig.apk,64,0,0,3,0,0,0,0,6,0,0,0,64,0,0,1,-1,0,0,0,bad
fallingrain.com/icao/DBBB.html,30,0,0,2,0,0,0,0,2,0,0,0,30,0,0,1,-1,0,0,0,good
columbiamissourian.com/stories/2007/09/22/Kareem-Rush-pays/,59,0,0,1,0,0,0,0,6,0,0,0,59,0,0,1,-1,0,0,0,good
freepages.genealogy.rootsweb.ancestry.com/~crackerbarrel/HardeeLandmarks.html,77,0,0,5,0,0,0,0,2,0,0,0,77,0,0,1,-1,0,0,0,good
ferumusky.com/5o11b5s,21,0,0,1,0,0,0,0,1,0,0,0,21,0,0,1,-1,0,0,0,bad
freepages.genealogy.rootsweb.ancestry.com/~searchinglinane/Births/Births_1875.htm,81,0,0,5,0,0,0,0,3,0,0,0,81,0,0,1,-1,0,0,0,good
www.pciusa.us/crimelink.htm,27,0,0,3,0,0,0,0,1,0,0,0,27,0,0,0,-1,0,0,0,good
facebook.com/people/Louis-Bloomfield/1556437003,47,0,0,1,0,0,0,0,3,0,0,0,47,0,0,1,-1,0,0,0,good
imdb.com/title/tt0301181/,25,0,0,1,0,0,0,0,3,0,0,0,25,0,0,1,-1,0,0,0,good
imdb.com/title/tt0081491/,25,0,0,1,0,0,0,0,3,0,0,0,25,0,0,1,-1,0,0,0,good
eh.richesfromniches.com/maybe.vbhtml?immediately=qAcf&amp;would=ReO&amp;today=UZJS7CK_&amp;whether=&amp;play=aHIdMw&amp;little=&amp;improve=pTqdCY&amp;early=&amp;poem=Pv0J1SxTGY9m9G42YiPJs,188,0,0,3,0,0,0,0,1,0,0,0,36,151,18,1,-1,0,0,0,bad
springpulsepoetryfestival.com/04-drummond-rules.htm,51,0,0,2,0,0,0,0,1,0,0,0,51,0,0,1,-1,0,0,0,good
flickr.com/photos/44343546@N00/185492719/,41,0,1,1,0,0,0,0,4,0,0,0,41,0,1,1,-1,0,0,0,good
shop.cafepress.com/hell-freezes-over,36,0,0,2,0,0,0,0,1,0,0,0,36,0,0,1,-1,0,0,0,good
mccord-museum.qc.ca/en/keys/virtualexhibits/victoriabridge/exhibit.html,71,0,0,3,0,0,0,0,5,0,0,0,71,0,0,0,-1,0,0,0,good
customthrowbackjerseys.com/products/VLADIMIR-GUERRERO-Montreal-Expos-1999-Majestic-Throwback-Home-Baseball-Jersey.html,118,0,0,2,0,0,0,0,2,0,0,0,118,0,0,1,-1,0,0,0,good
bookdragon.si.edu/2011/07/21/empire-state-a-love-story-or-not-by-jason-shiga/,77,0,0,2,0,0,0,0,5,0,0,0,77,0,0,0,-1,0,0,0,good
181.174.164.138,15,1,0,3,0,0,0,0,0,0,0,0,15,0,0,0,-1,0,0,0,bad
allstarpics.net/pic-gallery/mackenzie-firgens-pics.htm,54,0,0,2,0,0,0,0,2,0,0,0,54,0,0,1,-1,0,0,0,good
pr.mo.gov/,10,0,0,2,0,0,0,0,1,0,0,0,10,0,0,0,-1,0,0,0,good
championship-t-shirts.blogspot.com/2011/06/bruins-stanley-cup-championship-hats.html,84,0,0,3,0,0,0,0,3,0,0,0,84,0,0,1,-1,0,0,0,good
answers.com/topic/letendre,26,0,0,1,0,0,0,0,2,0,0,0,26,0,0,1,-1,0,0,0,good
188.127.230.5/module/272a5ad4a1b97a2ac874d6d3e5fff01d,53,1,0,3,0,0,0,0,2,0,0,0,53,0,0,0,-1,0,0,0,bad
grenzmonstreryt.com,19,0,0,1,0,0,0,0,0,0,0,0,19,0,0,1,-1,0,0,0,bad
reunion.com/ronaldsmith/53/,27,0,0,1,0,0,0,0,3,0,0,0,27,0,0,1,-1,0,0,0,good
scribd.com/doc/30421301/messages-2001-09-11-10-20-2001-09-11-10-24,66,0,0,1,0,0,0,0,3,0,0,0,66,0,0,1,-1,0,0,0,good
bestzilla.com/M/Margaret_Hamilton/,34,0,0,1,0,0,0,0,3,0,0,0,34,0,0,1,-1,0,0,0,good
gdsvgjnaqu.nxadndrcsq.ml:31513/1974/06/10/their/haunt/telephone-stable-robot-money-ultimate.html,96,0,0,3,0,0,0,0,6,0,0,0,71,0,0,0,-1,0,0,0,bad
realtor.com/property-search/Arizona-City_AZ/S-Rory-Calhoun-Dr?source=web,72,0,0,1,0,0,0,0,3,0,0,0,61,10,2,1,-1,0,0,0,good
quinnipiacbobcats.com/,22,0,0,1,0,0,0,0,1,0,0,0,22,0,0,1,-1,0,0,0,good
103.234.36.75/rd927.exe,23,1,0,4,0,0,0,0,1,0,0,0,23,0,0,0,-1,0,0,0,bad
harborsquaregallery.com/?p=107,30,0,0,1,0,0,0,0,1,0,0,0,24,5,2,1,-1,0,0,0,good
mylife.com/moolayum,19,0,0,1,0,0,0,0,1,0,0,0,19,0,0,1,-1,0,0,0,good
mwpbegalledothos.jpandassociatesrealtors.net/present.mvc?other=0GV2tooL7&amp;alone=tJwXc&amp;such=ilRwOSk&amp;then=&amp;sometimes=QOdVqUn&amp;so=&amp;foot=R0f2MQD3&amp;function=&amp;all=RbHGHuGh&amp;child=&amp;type=MHGl,219,0,0,3,0,0,0,0,1,0,0,0,56,162,22,1,-1,0,0,0,bad
mp3raid.com/music/michael_franti.html,37,0,0,2,0,0,0,0,2,0,0,0,37,0,0,1,-1,0,0,0,good
ropersdancehall.net/,20,0,0,1,0,0,0,0,1,0,0,0,20,0,0,1,-1,0,0,0,good
91.239.25.168:6892,18,1,0,3,0,0,0,0,0,0,0,0,18,0,0,0,-1,0,0,0,bad
zipcodestogo.com/,17,0,0,1,0,0,0,0,1,0,0,0,17,0,0,1,-1,0,0,0,good
amazon.com/tag/maggie%20walters/products,40,0,0,1,0,0,0,0,3,0,0,0,40,0,1,1,-1,0,0,0,good
tools.ietf.org/html/rfc1729,27,0,0,2,0,0,0,0,2,0,0,0,27,0,0,1,-1,0,0,0,good
imovefc.com/,12,0,0,1,0,0,0,0,1,0,0,0,12,0,0,1,-1,0,0,0,good
onlineworldofwrestling.com/profiles/a/21st-century-fox.html,59,0,0,2,0,0,0,0,3,0,0,0,59,0,0,1,-1,0,0,0,good
ykacl.ca/fasdproject.htm,24,0,0,2,0,0,0,0,1,0,0,0,24,0,0,0,-1,0,0,0,good
topix.com/winter-sports/francois-bourque,40,0,0,1,0,0,0,0,2,0,0,0,40,0,0,1,-1,0,0,0,good
rekrim.addr.com/PLO5XIde/webscr.php?cmd_=session.start&sdr01=aW5mb0BnZWlzc2xlci1rZW5uemVpY2hudW5nLmRl&ixh=cG9ydGxvb2tzLmJpeg=Message-ID:&ctr_=DE,144,0,0,4,0,0,0,0,2,0,0,0,35,108,9,1,-1,0,0,0,bad
christopherdallo.org/,21,0,0,1,0,0,0,0,1,0,0,0,21,0,0,1,-1,0,0,0,good
facebook.com/blaqkaudio?sk=wall,31,0,0,1,0,0,0,0,1,0,0,0,23,7,2,1,-1,0,0,0,good
www.cs.arizona.edu/patterns/weaving/books/tws_mach_1.pdf,56,0,0,4,0,0,0,0,4,0,0,0,56,0,0,0,-1,0,0,0,good
evri.com/person/nicholas-corea-0x50aebf,39,0,0,1,0,0,0,0,2,0,0,0,39,0,0,1,-1,0,0,0,good
mail-archive.com/pml1@yahoogroups.com/msg13473.html,51,0,1,3,0,0,0,0,2,0,0,0,51,0,1,1,-1,0,0,0,good
www.abb.com/railway,19,0,0,2,0,0,0,0,1,0,0,0,19,0,0,1,-1,0,0,0,good
lymphedemapeople.com/thesite/shriners_resources_for_children.htm,64,0,0,2,0,0,0,0,2,0,0,0,64,0,0,1,-1,0,0,0,good
answers.com/topic/le-passage-film,33,0,0,1,0,0,0,0,2,0,0,0,33,0,0,1,-1,0,0,0,good
5dollarjumpstart.info/,22,0,0,1,0,0,0,0,1,0,0,0,22,0,0,1,-1,0,0,0,bad
www.weird.com/~woods/projects/smail.html,40,0,0,3,0,0,0,0,3,0,0,0,40,0,0,1,-1,0,0,0,good
flickr.com/photos/lifeontheedge/2781455504/,43,0,0,1,0,0,0,0,4,0,0,0,43,0,0,1,-1,0,0,0,good
linkedin.com/pub/rachel-laker-alexander/9/9a9/542,49,0,0,1,0,0,0,0,5,0,0,0,49,0,0,1,-1,0,0,0,good
artrepublic.com/artists/223-laurence-sackman.html,49,0,0,2,0,0,0,0,2,0,0,0,49,0,0,1,-1,0,0,0,good
sfbayview.com/2008/one-on-one-with-yusuf-bey-iv-part-1/,55,0,0,1,0,0,0,0,3,0,0,0,55,0,0,1,-1,0,0,0,good
publicrecords.com/people-search-records/mark-k-littlejohn,57,0,0,1,0,0,0,0,2,0,0,0,57,0,0,1,-1,0,0,0,good
www.ibm.com/developerworks/java/library/j-threads2.html,55,0,0,3,0,0,0,0,4,0,0,0,55,0,0,1,-1,0,0,0,good
rootsrockreggaerestaurant.com/joomla/plugins/extension/joomla/gm/index.html,75,0,0,2,0,0,0,0,6,0,0,0,75,0,0,1,-1,0,0,0,bad
history-timeline.deepthi.com/sports-history-timeline/sports-timeline-1901-1910.html,83,0,0,3,0,0,0,0,2,0,0,0,83,0,0,1,-1,0,0,0,good
193.239.152.131:8080/templates/compiled/synio/root.cert,55,1,0,4,0,0,0,0,4,0,0,0,55,0,0,0,-1,0,0,0,bad
genforum.genealogy.com/lemieux/all.html,39,0,0,3,0,0,0,0,2,0,0,0,39,0,0,1,-1,0,0,0,good
ca.linkedin.com/directory/people/ca/L29.html,44,0,0,3,0,0,0,0,4,0,0,0,44,0,0,1,-1,0,0,0,good
otse.org/,9,0,0,1,0,0,0,0,1,0,0,0,9,0,0,1,-1,0,0,0,good
stylesendnblisprestval.xyz,26,0,0,1,0,0,0,0,0,0,0,0,26,0,0,0,-1,0,0,0,bad
tkfuqqqjbsfgwojv.work/upload/_dispatch.php,42,0,0,2,0,0,0,0,2,0,0,0,42,0,0,0,-1,0,0,0,bad
zoocrewconstruction.co/wp-content/plugins/quick-setup/mailupdate/others/,72,0,0,1,0,0,0,0,6,0,0,1,72,0,0,0,-1,0,0,0,bad
novarubalka.com/media/kunena/DHL/DHL/tracking.php?l=_JeHFUq_VJOXK0QWHtoGYDw_Product-UserID&amp;userid=abuse@sghambros.com,121,0,1,3,0,0,0,0,5,0,0,0,49,71,5,1,-1,0,0,0,bad
shakti.sunaarise.com/admin/session/file_doc.php?l=_jehfuq_vjoxjogydw_oxk0k0qwhtogydw_product-userid&amp;userid=&amp;userid_jehjoxk0idw_joxk0idd=,144,0,0,3,0,0,0,0,3,0,0,0,47,96,6,1,-1,0,0,0,bad
cacamadf.bget.ru/,17,0,0,2,0,0,0,0,1,0,0,0,17,0,0,0,-1,0,0,0,bad
examiner.com/restaurant-in-oakland/fentons-creamery-ice-cream-flight-tastings,77,0,0,1,0,0,0,0,2,0,0,0,77,0,0,1,-1,0,0,0,good
baseball-almanac.com/teamstats/roster.php?y=1974&t=KCA,54,0,0,2,0,0,0,0,2,0,0,0,41,12,4,1,-1,0,0,0,good
designboom.com/contemporary/naturalarchitecture.html,52,0,0,2,0,0,0,0,2,0,0,0,52,0,0,1,-1,0,0,0,good
local.yahoo.com/info-20207996-floral-expressions-espanola,57,0,0,2,0,0,0,0,1,0,0,0,57,0,0,1,-1,0,0,0,good
juanpedroperez.com/fotos/photos/xfs_extension.exe,49,0,0,2,0,0,0,0,3,0,0,0,49,0,0,1,-1,0,0,0,bad
fasttrackfundraising.com/chocolate-candy-bar-fundraiser.php,59,0,0,2,0,0,0,0,1,0,0,0,59,0,0,1,-1,0,0,0,good
youtube.com/watch?v=HDHhoKXQCLI,31,0,0,1,0,0,0,0,1,0,0,0,17,13,2,1,-1,0,0,0,good
zdiaran.sk/021ygs7/,19,0,0,1,0,0,0,0,2,0,0,0,19,0,0,0,-1,0,0,0,bad
mefelec.com/mas/GD/verification.php,35,0,0,2,0,0,0,0,3,0,0,0,35,0,0,1,-1,0,0,0,bad
www.levenez.com/lang/,21,0,0,2,0,0,0,0,2,0,0,0,21,0,0,1,-1,0,0,0,good
mp3lyrics.org/g/grace-jones/la/,31,0,0,1,0,0,0,0,4,0,0,0,31,0,0,1,-1,0,0,0,good
amazon.com/Magnificent-Friend-Howlin-Rain/dp/B0012OTVOO,55,0,0,1,0,0,0,0,3,0,0,0,55,0,0,1,-1,0,0,0,good
pastehtml.com/view/bzu0lfpex.html,33,0,0,2,0,0,0,0,2,0,0,0,33,0,0,1,-1,0,0,0,bad
www.cs.ualberta.ca/~chinook/,28,0,0,3,0,0,0,0,2,0,0,0,28,0,0,0,-1,0,0,0,good
193.169.252.6/m4/lib/bs.dll,27,1,0,4,0,0,0,0,3,0,0,0,27,0,0,0,-1,0,0,0,bad
en.wikipedia.org/wiki/Robert_Sweeney,36,0,0,2,0,0,0,0,2,0,0,0,36,0,0,1,-1,0,0,0,good
www.sans.org/resources/policies/Internal_Lab_Security_Policy.doc,64,0,0,3,0,0,0,0,3,0,0,0,64,0,0,1,-1,0,0,0,good
theintelligencer.net/page/content.detail/id/558680/James-Oden.html?nav=516,74,0,0,3,0,0,0,0,5,0,0,0,66,7,2,1,-1,0,0,0,good
www.amatravel.ro/system/logs/hsg.exe,36,0,0,3,0,0,0,0,3,0,0,0,36,0,0,0,-1,0,0,0,bad
www.twitteronbusiness.com/~tracbcom/images/wbsccr.php?cmd=_processing&dispatch=5885d80a13c0db1fb6947b0aeae66fdbfb2119927117e3a6f876e0fd34af43650a0550451c07a8cbdfc0442a82b384190a0550451c07a8cbdfc0442a82b38419,207,0,0,3,0,0,0,0,3,0,0,0,53,153,4,1,-1,0,0,0,bad
avoiceformen.com/feminism/the-myth-of-womens-oppression/,56,0,0,1,0,0,0,0,3,0,0,0,56,0,0,1,-1,0,0,0,good
city-data.com/school/Lowell-Michigan.html,41,0,0,2,0,0,0,0,2,0,0,0,41,0,0,1,-1,0,0,0,good
www.indiepages.com/sandcastle/,30,0,0,2,0,0,0,0,2,0,0,0,30,0,0,1,-1,0,0,0,good
en.wikipedia.org/wiki/Martine,29,0,0,2,0,0,0,0,2,0,0,0,29,0,0,1,-1,0,0,0,good
www.bloggerdirectory.info/~spins/lib/secure.wellsfargo.com/secure.wellsfargo.com/index.htm?signonlob=cons&gt;http:/67.225.179.163/~spins/lib/secure.wellsfargo.com/secure.wellsfargo.com/index.htm?signonlob=cons&gt;,213,1,0,15,0,0,0,0,5,0,0,1,90,122,6,1,-1,0,0,0,bad
cbssports.com/mlb/teams/roster/KC/kansas-city-royals,52,0,0,1,0,0,0,0,5,0,0,0,52,0,0,1,-1,0,0,0,good
gee.cs.oswego.edu/dl/classes/EDU/oswego/cs/dl/util/concurrent/intro.html,72,0,0,4,0,0,0,0,9,0,0,0,72,0,0,0,-1,0,0,0,good
perfectpeople.net/biography/10111/henry-rollins.htm,51,0,0,2,0,0,0,0,3,0,0,0,51,0,0,1,-1,0,0,0,good
deli-info.pl/mod/wells/cmd-login=b4a93aab14d6d85caa830c3cc27292db/?email=&amp;reff=NzkxM2IyMDRkYWM1M2U1NmM1MDI4MDRhZWM0NmNmNzA=,127,0,0,1,0,0,0,0,4,0,0,1,66,60,6,0,-1,0,0,0,bad
siken3d.com/oy0f3om,19,0,0,1,0,0,0,0,1,0,0,0,19,0,0,1,-1,0,0,0,bad
en.wikipedia.org/wiki/Joseph_Frobisher,38,0,0,2,0,0,0,0,2,0,0,0,38,0,0,1,-1,0,0,0,good
xmujkqloyo.info/data/info.php,29,0,0,2,0,0,0,0,2,0,0,0,29,0,0,1,-1,0,0,0,bad
freebase.com/view/en/national_professional_soccer_league,56,0,0,1,0,0,0,0,3,0,0,0,56,0,0,1,-1,0,0,0,good
localhistory.kclibrary.org/cdm4/results.php?CISOOP1=exact&CISOBOX1=Department%20Stores&CISOFIELD1=subjec&CISOROOT=/Local,120,0,0,3,0,0,0,0,2,0,0,0,43,76,9,1,-1,0,0,0,good
current.com/entertainment/movies/92343626_the-first-kenyan-sci-fi-film-pumzi-screened-at-the-sundance-film-festival.htm,119,0,0,2,0,0,0,0,3,0,0,0,119,0,0,1,-1,0,0,0,good
wikimapia.org/11804/Ordway-Building,35,0,0,1,0,0,0,0,2,0,0,0,35,0,0,1,-1,0,0,0,good
173.216.247.74/Ares13.zip,25,1,0,4,0,0,0,0,1,0,0,0,25,0,0,0,-1,0,0,0,bad
spoke.com/info/pSehKU/NancyArnautoff,36,0,0,1,0,0,0,0,3,0,0,0,36,0,0,1,-1,0,0,0,good
lyrics007.com/Maroon%205%20Lyrics/Wake%20Up%20Call%20Lyrics.html,64,0,0,2,0,0,0,0,2,0,0,0,64,0,5,1,-1,0,0,0,good
frameworth.com/cart/Jocelyn-Guevremont-Team-Canada-posing-8x10-p-7934.html,74,0,0,2,0,0,0,0,2,0,0,0,74,0,0,1,-1,0,0,0,good
sf.funcheap.com/history-tour-series-chinatown-oakland-6/,56,0,0,2,0,0,0,0,2,0,0,0,56,0,0,1,-1,0,0,0,good
'www.e-wings.com.cn/images/index.htm?us.battle.net/login/en/?ref=http\%3A\%2F\%2Fus.battle.net\%2Fd3\%2Fen\%2Findex&amp;amp;app=com-d3',135,0,0,8,0,0,0,0,2,0,0,1,36,98,11,1,-1,0,0,0,bad
windowsupdatecache.com/,23,0,0,1,0,0,0,0,1,0,0,1,23,0,0,1,-1,0,0,0,bad
joespizzakc.com/JoesKellys.html,31,0,0,2,0,0,0,0,1,0,0,0,31,0,0,1,-1,0,0,0,good
streamingthe.net/WYUL-94.7-Hits-FM-Chateaugay-Top-40/p/15543,60,0,0,2,0,0,0,0,3,0,0,0,60,0,0,1,-1,0,0,0,good
corp.bankofamerica.com/public/public.portal?_pd_page_label=products/regions/emea,80,0,0,3,0,0,0,0,2,0,0,0,43,36,2,1,-1,0,0,0,good
qvwu4f.lecopabohyxppw.net/ekew9eg35z\nwww.lavoro24.it/messaggio.php?titolo=Attenzione%21&testo=Password+non+corretta%2C+o+non+corrispondente+a+nessun+utente+registrato.&redirect=%2Fcandidatura_password.php%3FoffertaID%3D49506%26aziendaID%3D0&rtime=5&grazie=&popup=,264,0,0,7,0,0,0,0,2,0,0,0,67,196,19,1,-1,0,0,0,bad
'www.ahtjgroup.com/images/index.htm?us.battle.net/login/en/?ref=http\%3A\%2F\%2Fus.battle.net\%2Fd3\%2Fen\%2Findex&amp;amp;app=com-d3',134,0,0,7,0,0,0,0,2,0,0,1,35,98,11,1,-1,0,0,0,bad
amazon.co.uk/Fear-Black-Planet-Public-Enemy/dp/B0000024IE,57,0,0,2,0,0,0,0,3,0,0,0,57,0,0,0,-1,0,0,0,good
sertomadb.org/,14,0,0,1,0,0,0,0,1,0,0,0,14,0,0,1,-1,0,0,0,good
content.usatoday.com/community/tags/topic.aspx?req=tag&tag=Muskingum%20River,76,0,0,3,0,0,0,0,3,0,0,0,46,29,5,1,-1,0,0,0,good
encycl.opentopia.com/K/KA/KAM,29,0,0,2,0,0,0,0,3,0,0,0,29,0,0,1,-1,0,0,0,good
en.goldenmap.com/Vada_Pinson,28,0,0,2,0,0,0,0,1,0,0,0,28,0,0,1,-1,0,0,0,good
jp1wq.lucirabydevpps.info/emqtoxclk9\nwww.doblatuproductividad.com/000ded60ea040d013384ba6eac24fdf1.php?q=0d7b158348ae52cb7b6ba8107059ce4d,138,0,0,5,0,0,0,0,2,0,0,0,103,34,2,1,-1,0,0,0,bad
bollycurry.com/celeb/shreya-ghoshal/,36,0,0,1,0,0,0,0,3,0,0,0,36,0,0,1,-1,0,0,0,good
uk.ask.com/wiki/WOIO,20,0,0,2,0,0,0,0,2,0,0,0,20,0,0,1,-1,0,0,0,good
dockets.justia.com/browse/state-circuit_courts/state-circuit_courts/court-ca8/,78,0,0,2,0,0,0,0,5,0,0,0,78,0,0,1,-1,0,0,0,good
mp3shake.com/en/artist/2540-Bob_Brookmeyer_mp3_download.html,60,0,0,2,0,0,0,0,3,0,0,0,60,0,0,1,-1,0,0,0,good
blackhawks.nhl.com/club/news.htm?id=594271,42,0,0,3,0,0,0,0,2,0,0,0,32,9,2,1,-1,0,0,0,good
www.digitaljournal.com/news/?articleID=3116,43,0,0,2,0,0,0,0,2,0,0,0,28,14,2,1,-1,0,0,0,good
perfectstorm.warnerbros.com/,28,0,0,2,0,0,0,0,1,0,0,0,28,0,0,1,-1,0,0,0,good
mp3bear.com/?q=love+rainbow+arashi,34,0,0,1,0,0,0,0,1,0,0,0,12,21,2,1,-1,0,0,0,good
www.stanford.edu/~sdkamvar/papers/eigentrust.pdf,48,0,0,3,0,0,0,0,3,0,0,0,48,0,0,0,-1,0,0,0,good
dictionary.reverso.net/french-english/cirque,44,0,0,2,0,0,0,0,2,0,0,0,44,0,0,1,-1,0,0,0,good
j-source.ca/calendar-j-events,29,0,0,1,0,0,0,0,1,0,0,0,29,0,0,0,-1,0,0,0,good
en.wikipedia.org/wiki/Utopia_(uneXpect_album),45,0,0,2,0,0,0,0,2,0,0,0,45,0,0,1,-1,0,0,0,good
lookupanyone.com/namelistings/b.html,36,0,0,2,0,0,0,0,2,0,0,0,36,0,0,1,-1,0,0,0,good
www.qingdaedu.net/photo/images/?us.battle.net/login/en/?ref=hukqcffus.battle.net/d3/en/index&amp;app=com-d3,107,0,0,6,0,0,0,0,3,0,0,1,31,75,5,1,-1,0,0,0,bad
paypal.com.us.webapps.mpp.security.buyer.protection.service.id.900147.xtarhely.hu/ed77892443177fc8fa6aecce61b1a72d/,115,0,0,12,0,0,0,0,2,0,0,0,115,0,0,1,-1,0,0,0,bad
www.tx.ncsu.edu/jtatm/volume3issue4/Articles/Vasile/vasile_full_78_03.pdf,73,0,0,4,0,0,0,0,5,0,0,0,73,0,0,0,-1,0,0,0,good
realbollywood.com/2011/06/ram-sampath-hits-back-anubhav-sinha-bhaag-dk-bose.html,80,0,0,2,0,0,0,0,3,0,0,0,80,0,0,1,-1,0,0,0,good
sehinton.com/,13,0,0,1,0,0,0,0,1,0,0,0,13,0,0,1,-1,0,0,0,good
yaskawadrivesystems.com/,24,0,0,1,0,0,0,0,1,0,0,0,24,0,0,1,-1,0,0,0,bad
search.espn.go.com/greg-hardy/college-football/28,49,0,0,3,0,0,0,0,3,0,0,0,49,0,0,1,-1,0,0,0,good
delilahsdairy.blogspot.com/,27,0,0,2,0,0,0,0,1,0,0,0,27,0,0,1,-1,0,0,0,good
myspace.com/flirtinlust,23,0,0,1,0,0,0,0,1,0,0,0,23,0,0,1,-1,0,0,0,good
www.xceedsoft.com/products/SmartNet/,36,0,0,2,0,0,0,0,3,0,0,0,36,0,0,1,-1,0,0,0,good
stillyourmind.com.au/,21,0,0,2,0,0,0,0,1,0,0,0,21,0,0,1,-1,0,0,0,good
greenetouch.com/max/,20,0,0,1,0,0,0,0,2,0,0,0,20,0,0,1,-1,0,0,0,good
alumnihighschool.net/2010/04/stoughton-high-school-stoughton-massachusetts/,75,0,0,1,0,0,0,0,4,0,0,0,75,0,0,1,-1,0,0,0,good
unithistories.com/officers/RCN_officers.html,44,0,0,2,0,0,0,0,2,0,0,0,44,0,0,1,-1,0,0,0,good
extremeskins.com/showthread.php?105479-Redskin-s-History-101-Dexter-Manley,74,0,0,2,0,0,0,0,1,0,0,0,31,42,1,1,-1,0,0,0,good
www.drjamez.com/entrustment,27,0,0,2,0,0,0,0,1,0,0,0,27,0,0,1,-1,0,0,0,good
lpmxp2055.com,13,0,0,1,0,0,0,0,0,0,0,0,13,0,0,1,-1,0,0,0,bad
experienceproject.com/question-answer/Logical-Deep-Thinkers-Find-It-Harder-To-Make-Friends-But-Easier-To-Keep-Them-Do-You-Agree-And-Why/162356,142,0,0,1,0,0,0,0,3,0,0,0,142,0,0,1,-1,0,0,0,good
arvindudyog.com/bright/bright/drake/bright/f93da77b540b8df6d605266cc12c9928/,76,0,0,1,0,0,0,0,6,0,0,0,76,0,0,1,-1,0,0,0,bad
fecielo.com/germany,19,0,0,1,0,0,0,0,1,0,0,0,19,0,0,1,-1,0,0,0,good
sansonestoyota.com/,19,0,0,1,0,0,0,0,1,0,0,0,19,0,0,1,-1,0,0,0,good
www.online-mediacents.com/,26,0,0,2,0,0,0,0,1,0,0,0,26,0,0,1,-1,0,0,0,bad
imdb.com/name/nm0564738/,24,0,0,1,0,0,0,0,3,0,0,0,24,0,0,1,-1,0,0,0,good
filepie.us/?title=Playhouse_Disney,34,0,0,1,0,0,0,0,1,0,0,0,11,22,2,0,-1,0,0,0,good
www.ywway.ru/wp-content/themes/chronicles/www.paypal.co.uk/paypal/paypal.htm,76,0,0,6,0,0,0,0,6,0,0,0,76,0,0,0,-1,0,0,0,bad
csoz.deimand.com/images/4107201728/535235035/,45,0,0,2,0,0,0,0,4,0,0,0,45,0,0,1,-1,0,0,0,bad
8coupons.com/discounts/dallas-vigilantes-arena-football-club-75219,66,0,0,1,0,0,0,0,2,0,0,0,66,0,0,1,-1,0,0,0,good
scphysiciangroup.com/,21,0,0,1,0,0,0,0,1,0,0,0,21,0,0,1,-1,0,0,0,good
sintaxedigital.com.br/dosecerta/wp-admin/js/Assurance/Ameli/PortailAS/appmanager/PortailAS/assure_somtc=true/9f4f47dc98d94a8f900b64d808879c35,141,0,0,2,0,0,0,0,10,0,0,0,141,0,1,1,-1,0,0,0,bad
youtube.com/watch?v=8n-DAIuZv84,31,0,0,1,0,0,0,0,1,0,0,0,17,13,2,1,-1,0,0,0,good
linkedin.com/pub/john-ritter/8/658/657,38,0,0,1,0,0,0,0,5,0,0,0,38,0,0,1,-1,0,0,0,good
sportscardforum.com/showthread.php?t=1445887,44,0,0,2,0,0,0,0,1,0,0,0,34,9,2,1,-1,0,0,0,good
youtube.com/watch?v=mkwGO-EmCKM,31,0,0,1,0,0,0,0,1,0,0,0,17,13,2,1,-1,0,0,0,good
facebook.com/fzaraza,20,0,0,1,0,0,0,0,1,0,0,0,20,0,0,1,-1,0,0,0,good
ika3i.hcd4w6i.top/?zn2KcbifKhzGCIc=l3SKfPrfJxzFGMSUb-nJDa9GP0XCRQLPh4SGhKrXCJ-ofSih17OIFxzsqAycFUKCqrF4Qu4Fah2h1QWScEZrmYRPFgVIove8hQLfyhSWkpfRrxDcaAxAq8CQHbBqiV72zeIdJppzlUKBumJUyOodQFFd,187,0,0,2,0,0,0,0,1,0,0,0,18,168,2,0,-1,0,0,0,bad
eyejoeun.com/54fc3rc3fr,23,0,0,1,0,0,0,0,1,0,0,0,23,0,0,1,-1,0,0,0,bad
karayurt.nl/487ygfh?lanyocqaqem=lanyocqaqem,43,0,0,1,0,0,0,0,1,0,0,0,19,23,2,0,-1,0,0,0,bad
obituaries.tylerpaper.com/obituaries/tylerpaper/obituary.aspx?n=darrell-forester-pee-wee&pid=152313646,102,0,0,3,0,0,0,0,3,0,0,0,61,40,4,1,-1,0,0,0,good
business-data-name.com/business-services/page-9062.html,55,0,0,2,0,0,0,0,2,0,0,0,55,0,0,1,-1,0,0,0,good
myspace.com/extraactionmarchingband,35,0,0,1,0,0,0,0,1,0,0,0,35,0,0,1,-1,0,0,0,good
youtube.com/watch?v=bqu5-_WmDg0,31,0,0,1,0,0,0,0,1,0,0,0,17,13,2,1,-1,0,0,0,good
www.indyspine.com/wp-content/plugins/telekom/telekom_deutschland_gmbh,69,0,0,2,0,0,0,0,4,0,0,0,69,0,0,1,-1,0,0,0,bad
snowcaptraffic.com/records/jeanne,33,0,0,1,0,0,0,0,2,0,0,0,33,0,0,1,-1,0,0,0,good
cixtor4mfd.bimowamokykzzx.info/ceiui8y8bg\n,43,0,0,2,0,0,0,0,1,0,0,0,43,0,0,1,-1,0,0,0,bad
fietseling.org/~paypal/2614a9311e255dbb6291f58bc69c2cfa/index.html,66,0,0,2,0,0,0,0,3,0,0,0,66,0,0,1,-1,0,0,0,bad
encycl.opentopia.com/J/JO/JOS,29,0,0,2,0,0,0,0,3,0,0,0,29,0,0,1,-1,0,0,0,good
suhuttoprakanaliz.org/components/com_contact/index.htm,54,0,0,2,0,0,0,0,3,0,0,0,54,0,0,1,-1,0,0,0,bad
myshop.lk/6872VF.php,20,0,0,2,0,0,0,0,1,0,0,0,20,0,0,0,-1,0,0,0,bad
www.ii.com/internet/robots/procmail/qs/,39,0,0,2,0,0,0,0,5,0,0,0,39,0,0,1,-1,0,0,0,good
semantic-interaction.org/blog/,30,0,0,1,0,0,0,0,2,0,0,0,30,0,0,1,-1,0,0,0,good
xn--t8j4aa4n725onca313p206d.net/wp-content/plugins/wpsecone/executive/Arch/Archive/,83,0,0,1,0,0,0,0,7,0,0,0,83,0,0,1,-1,0,0,0,bad
last.fm/music/Kanye+West/My+Beautiful+Dark+Twisted+Fantasy,58,0,0,1,0,0,0,0,3,0,0,0,58,0,0,0,-1,0,0,0,good
schwabpnb.com/gmailmiddle.php,29,0,0,2,0,0,0,0,1,0,0,0,29,0,0,1,-1,0,0,0,bad
ericamcmanus.uppercaseliving.net/ShoppingCart.m,47,0,0,3,0,0,0,0,1,0,0,0,47,0,0,1,-1,0,0,0,good
evri.com/event/1937-nfl-draft-0x1496e7,38,0,0,1,0,0,0,0,2,0,0,0,38,0,0,1,-1,0,0,0,good
insider.espn.go.com/espn/blog/index?name=Neyer_Rob&catID=Sport~10~10&catDesc=MLB,80,0,0,3,0,0,0,0,3,0,0,0,35,44,6,1,-1,0,0,0,good
blackeyefilms.wordpress.com/,28,0,0,2,0,0,0,0,1,0,0,0,28,0,0,1,-1,0,0,0,good
en.wikipedia.org/wiki/Robert_Simpson,36,0,0,2,0,0,0,0,2,0,0,0,36,0,0,1,-1,0,0,0,good
airlineadverts.com/,19,0,0,1,0,0,0,0,1,0,0,0,19,0,0,1,-1,0,0,0,bad
newpartners.org/2006/speakers.html,34,0,0,2,0,0,0,0,2,0,0,0,34,0,0,1,-1,0,0,0,good
huffingtonpost.ca/2011/08/02/gerald-tremblay-montreal-infrastructure_n_916686.html,82,0,0,2,0,0,0,0,4,0,0,0,82,0,0,0,-1,0,0,0,good
"'www.guardian.co.uk/weblog/special/0,10627,744914,00.html'",58,0,0,4,0,0,0,0,3,0,0,0,58,0,0,0,-1,0,0,0,good
torrentreactor.net/torrents/2981687/Jimi-Hendrix-Live-at-the-Oakland-Coliseum-%28FLAC-amp%3B-Art%29,99,0,0,1,0,0,0,0,3,0,0,0,99,0,3,1,-1,0,0,0,good
www.zgcccn.com/page/bradesco.com.br/,36,0,0,4,0,0,0,0,3,0,0,0,36,0,0,1,-1,0,0,0,bad
en.wikipedia.org/wiki/Subsidiary,32,0,0,2,0,0,0,0,2,0,0,0,32,0,0,1,-1,0,0,0,good
facebook.com/RepBarbaraLee,26,0,0,1,0,0,0,0,1,0,0,0,26,0,0,1,-1,0,0,0,good
distrowatch.com/table.php?distribution=suse,43,0,0,2,0,0,0,0,1,0,0,0,25,17,2,1,-1,0,0,0,good
linkedin.com/in/ameliacampbell,30,0,0,1,0,0,0,0,2,0,0,0,30,0,0,1,-1,0,0,0,good
myspace.com/ronjarzombek,24,0,0,1,0,0,0,0,1,0,0,0,24,0,0,1,-1,0,0,0,good
www.chanel-shops.org/property/Remax2/Remax/,43,0,0,2,0,0,0,0,4,0,0,0,43,0,0,1,-1,0,0,0,bad
teamsets4u.com/checklist/1991/1991linedriveaa.html,50,0,0,2,0,0,0,0,3,0,0,0,50,0,0,1,-1,0,0,0,good
english.turkcebilgi.com/George+Dixon+(captain),46,0,0,2,0,0,0,0,1,0,0,0,46,0,0,1,-1,0,0,0,good
espn.go.com/espnw/athletes-life/7098475/freak-nature,52,0,0,2,0,0,0,0,4,0,0,0,52,0,0,1,-1,0,0,0,good
batisto.cl/Newly/Come/,22,0,0,1,0,0,0,0,3,0,0,0,22,0,0,0,-1,0,0,0,bad
amandastephan.com/,18,0,0,1,0,0,0,0,1,0,0,0,18,0,0,1,-1,0,0,0,good
dvd.selfip.net/,15,0,0,2,0,0,0,0,1,0,0,0,15,0,0,1,-1,0,0,0,bad
familytreemaker.genealogy.com/users/p/i/c/Marie-H-Pickard/WEBSITE-0001/UHP-Index.html,85,0,0,3,0,0,0,0,7,0,0,0,85,0,0,1,-1,0,0,0,good
shoppingfinder.ca/promotions-49-Quebec.html,43,0,0,2,0,0,0,0,1,0,0,0,43,0,0,0,-1,0,0,0,good
imdb.com/title/tt0222850/,25,0,0,1,0,0,0,0,3,0,0,0,25,0,0,1,-1,0,0,0,good
mog.com/artists/mn6776/creedence-clearwater-revival,51,0,0,1,0,0,0,0,3,0,0,0,51,0,0,1,-1,0,0,0,good
youtube.com/watch?v=KBsFtkGbecU,31,0,0,1,0,0,0,0,1,0,0,0,17,13,2,1,-1,0,0,0,good
zeropointzero.com/,18,0,0,1,0,0,0,0,1,0,0,0,18,0,0,1,-1,0,0,0,good
9d345009-a-62cb3a1a-s-sites.googlegroups.com/site/stickamcomlogindo/login.html?attachauth=ANoY7coZFDisqJDOeNd4_mExRwuXHx1FFYa8XP9-DHflFwKkuBLK8SgeIqUuBkbXHL159VzuRXQXPLr_LWcWQlMeHWeMXjOfzqjcJguWjXwNVpknMzxbRAQwBsuC4rIrzTNxzXnzq415PI4aMLWW8h-4so1UfFLGo2hsy3UFhvlLSdvJAaPZWlIUP4aGsOmXi45l4zc6PMnuD4jSpx3taBvLx1d1XKOx6g==&amp;attredirects=1,337,0,0,3,0,0,0,0,3,0,0,1,78,258,6,1,-1,0,0,0,bad
familytreemaker.genealogy.com/users/a/g/n/Lee-D-Agnew/GENE1-0053.html,69,0,0,3,0,0,0,0,6,0,0,0,69,0,0,1,-1,0,0,0,good
www.cs.umd.edu/class/spring2003/cmsc311/Notes/Seq/impl.html,59,0,0,4,0,0,0,0,6,0,0,0,59,0,0,0,-1,0,0,0,good
biographi.ca/EN/ShowBio.asp?BioId=36432,39,0,0,2,0,0,0,0,2,0,0,0,27,11,2,0,-1,0,0,0,good
en.wikipedia.org/wiki/List_of_Members_of_the_Canadian_Senate_-_J,64,0,0,2,0,0,0,0,2,0,0,0,64,0,0,1,-1,0,0,0,good
yellowpages.ca/bus/Quebec/Gatineau/Les-Entreprises-Benoit-Gratton-Inc/3595579.html,82,0,0,2,0,0,0,0,5,0,0,0,82,0,0,0,-1,0,0,0,good
tennessee.com/,14,0,0,1,0,0,0,0,1,0,0,0,14,0,0,1,-1,0,0,0,good
tools.ietf.org/html/rfc1473,27,0,0,2,0,0,0,0,2,0,0,0,27,0,0,1,-1,0,0,0,good
docdrive.info/real/doc/hkkk/db,30,0,0,1,0,0,0,0,4,0,0,0,30,0,0,1,-1,0,0,0,bad
ronnie-northampton.co.uk/wp-content/wptouch-data-old/modules/ece2707336df2fbc2e408c4ff1313106,93,0,0,2,0,0,0,0,4,0,0,0,93,0,0,0,-1,0,0,0,bad
aboriginalartdirectory.com/tags/,32,0,0,1,0,0,0,0,2,0,0,0,32,0,0,1,-1,0,0,0,good
icclicks.com/076wc/?cfvcvsi=ytrlrgl,35,0,0,1,0,0,0,0,2,0,0,0,19,15,2,1,-1,0,0,0,bad
elderly.com/brand/60N_chuck%20lee.html,38,0,0,2,0,0,0,0,2,0,0,0,38,0,1,1,-1,0,0,0,good
'9d345009-a-62cb3a1a-s-sites.googlegroups.com/site/stickamcomlogindo/login.html?attachauth=ANoY7cpAjeYtuHexWLW382bGzuxa5brDtwQyVYbjcgclWeef5DkzlK4FN2locIH0KsrL0urIO4cu5_0jpqPUJyzbt-a6bwofYvCBTKarRRstymjlznW6YQYggUb8AvZyNjDYQMXmliF94skaumTBre11tE5rQUt1XAX4o6bxhdu7pDE7vhyiPg9elYaYwlJRjlVbSZu4KnSk0vrZHGyhJzGafDZkG5DtwA\%3D\%3D&amp;attredirects=2',345,0,0,3,0,0,0,0,3,0,0,1,79,265,6,1,-1,0,0,0,bad
hotmovies.com/porn-star/76759/Jessica-Bangkok.html,50,0,0,2,0,0,0,0,3,0,0,0,50,0,0,1,-1,0,0,0,good
www.premiocioelo.webege.com/login/,34,0,0,3,0,0,0,0,2,0,0,1,34,0,0,1,-1,0,0,0,bad
cosmeticsurgeryinmexico.com/,28,0,0,1,0,0,0,0,1,0,0,0,28,0,0,1,-1,0,0,0,good
universalfanclub.com/,21,0,0,1,0,0,0,0,1,0,0,0,21,0,0,1,-1,0,0,0,good
royalaviation.com/,18,0,0,1,0,0,0,0,1,0,0,0,18,0,0,1,-1,0,0,0,good
harborexpressservices.com/xlrmp/check/,38,0,0,1,0,0,0,0,3,0,0,0,38,0,0,1,-1,0,0,0,bad
spoke.com/info/pWqDwkN/SteveCresswell,37,0,0,1,0,0,0,0,3,0,0,0,37,0,0,1,-1,0,0,0,good
www.akillingart.com/components/com_contact/web.exe,50,0,0,3,0,0,0,0,3,0,0,0,50,0,0,1,-1,0,0,0,bad
singermachines.co.uk/,21,0,0,2,0,0,0,0,1,0,0,0,21,0,0,0,-1,0,0,0,good
the-sports.org/1976-montreal-summer-olympic-games-s16-c0-b0-j0-u63.html,71,0,0,2,0,0,0,0,1,0,0,0,71,0,0,1,-1,0,0,0,good
slumz.boxden.com/f16/kareem-rush-starts-r-b-career-song-inside-1374418/,71,0,0,2,0,0,0,0,3,0,0,0,71,0,0,1,-1,0,0,0,good
wwwcs.upb.de/cs/kindler/events/BPRM05/,38,0,0,2,0,0,0,0,5,0,0,0,38,0,0,0,-1,0,0,0,good
pview.findlaw.com/view/1072234_1,32,0,0,2,0,0,0,0,2,0,0,0,32,0,0,1,-1,0,0,0,good
archive.org/stream/pennsylvaniaser217harruoft/pennsylvaniaser217harruoft_djvu.txt,81,0,0,2,0,0,0,0,3,0,0,0,81,0,0,1,-1,0,0,0,good
airs.ee/,8,0,0,1,0,0,0,0,1,0,0,0,8,0,0,0,-1,0,0,0,good
adherents.com/people/pw/John_Wayne.html,39,0,0,2,0,0,0,0,3,0,0,0,39,0,0,1,-1,0,0,0,good
nipplex.pl/en/main.html,23,0,0,2,0,0,0,0,2,0,0,0,23,0,0,0,-1,0,0,0,good
rottentomatoes.com/m/lost_in_translation/,41,0,0,1,0,0,0,0,3,0,0,0,41,0,0,1,-1,0,0,0,good
yoursurveillanceware.com/goq7bl1,32,0,0,1,0,0,0,0,1,0,0,0,32,0,0,1,-1,0,0,0,bad
virginiasports.com/ViewArticle.dbml?DB_OEM_ID=17800&ATCLID=204945141,68,0,0,2,0,0,0,0,1,0,0,0,35,32,4,1,-1,0,0,0,good
energy.wisc.edu/?p=3619,23,0,0,2,0,0,0,0,1,0,0,0,16,6,2,0,-1,0,0,0,good
youtube.com/watch?v=qutcmPmYUpg,31,0,0,1,0,0,0,0,1,0,0,0,17,13,2,1,-1,0,0,0,good
www.citi.umich.edu/u/provos/cybersecurity/,42,0,0,3,0,0,0,0,4,0,0,0,42,0,0,0,-1,0,0,0,good
fresnocitycollege.edu/index.aspx?page=89,40,0,0,2,0,0,0,0,1,0,0,0,32,7,2,0,-1,0,0,0,good
mauricie-travelguide.com/des-chenaux/Church-of-Notre-Dame-de-la-Visitation-de-Champlain/,88,0,0,1,0,0,0,0,3,0,0,0,88,0,0,1,-1,0,0,0,good
receber-premios2012.com/,24,0,0,1,0,0,0,0,1,0,0,0,24,0,0,1,-1,0,0,0,bad
rbkpasteleria.com/images/stories/VBV.php,40,0,0,2,0,0,0,0,3,0,0,0,40,0,0,1,-1,0,0,0,bad
capecodlivecam.com/landfall.shtml,33,0,0,2,0,0,0,0,1,0,0,0,33,0,0,1,-1,0,0,0,good
westlakefilms.co.uk/,20,0,0,2,0,0,0,0,1,0,0,0,20,0,0,0,-1,0,0,0,good
manta.com/c/mmgzzsp/john-reynolds-sand-gravel,45,0,0,1,0,0,0,0,3,0,0,0,45,0,0,1,-1,0,0,0,good
www.wolfegames.com/AxlesAndAlloys/AxlesAndAlloys.htm,52,0,0,3,0,0,0,0,2,0,0,0,52,0,0,1,-1,0,0,0,good
pecschool.com/g76ub76,21,0,0,1,0,0,0,0,1,0,0,0,21,0,0,1,-1,0,0,0,bad
corkin.com/listings/viewlisting.cfm?t=Interior-Painting-Makeover-only-%241100&listingid=256355,94,0,0,2,0,0,0,0,2,0,0,0,35,58,5,1,-1,0,0,0,good
84.39.232.163/help,18,1,0,3,0,0,0,0,1,0,0,0,18,0,0,0,-1,0,0,0,bad
content.usatoday.com/sportsdata/baseball/mlb/salaries/player/Gary-Pettis,72,0,0,2,0,0,0,0,6,0,0,0,72,0,0,1,-1,0,0,0,good
185.163.127.231/bins/mirai.x86,30,1,0,4,0,0,0,0,2,0,0,0,30,0,0,0,-1,0,0,0,bad
scottvestal.com/studio.htm,26,0,0,2,0,0,0,0,1,0,0,0,26,0,0,1,-1,0,0,0,good
tools.ietf.org/html/rfc2517,27,0,0,2,0,0,0,0,2,0,0,0,27,0,0,1,-1,0,0,0,good
email.uwsp.edu/owa/UrlBlockedError.aspx,39,0,0,3,0,0,0,0,2,0,0,0,39,0,0,0,-1,0,0,0,bad
macleans.ca/2011/10/11/still-on-message/,40,0,0,1,0,0,0,0,5,0,0,0,40,0,0,0,-1,0,0,0,good
www.shabab-hosting.com/~tracbcom/images/wbsccr.php?cmd=_processing&dispatch=5885d80a13c0db1fb6947b0aeae66fdbfb2119927117e3a6f876e0fd34af43650a0550451c07a8cbdfc0442a82b384190a0550451c07a8cbdfc0442a82b38419,204,0,0,3,0,0,0,0,3,0,0,0,50,153,4,1,-1,0,0,0,bad
ific.uv.es/~porod/SPheno.html,29,0,0,3,0,0,0,0,2,0,0,0,29,0,0,0,-1,0,0,0,good
wiki.answers.com/Q/How_to_franchise_a_Jean_Coutu_pharmacy,57,0,0,2,0,0,0,0,2,0,0,0,57,0,0,1,-1,0,0,0,good
topprospectalert.com/kansas-city-scouts-mitchell-ness-jerseys.htm,65,0,0,2,0,0,0,0,1,0,0,0,65,0,0,1,-1,0,0,0,good
srachechno.com/ldl01/viewtopic.php,34,0,0,2,0,0,0,0,2,0,0,0,34,0,0,1,-1,0,0,0,bad
www.palimpalem.com/2/Premios_calipoHC/body1.html,48,0,0,3,0,0,0,0,3,0,0,0,48,0,0,1,-1,0,0,0,bad
secure.runescape.com.ccus.asia/m=weblogin/index.htm,51,0,0,5,0,0,0,0,2,0,0,1,51,0,1,1,-1,0,0,0,bad
northglenngreendoor.com/Sence/auth0user.cgidate=50000/,54,0,0,2,0,0,0,0,3,0,0,0,54,0,1,1,-1,0,0,0,bad
bussiness.73430.kingdream.kz/hbeeakxbyoraigp/login.html?fabrizio.scibetta@libero.it,83,0,1,6,0,0,0,0,2,0,0,1,55,27,2,0,-1,0,0,0,bad
bcpzornaseguras.com/,20,0,0,1,0,0,0,0,1,0,0,0,20,0,0,1,-1,0,0,0,bad
www.freebsd.org/projects/cvsweb.html,36,0,0,3,0,0,0,0,2,0,0,0,36,0,0,1,-1,0,0,0,good
myspace.com/rosestahl,21,0,0,1,0,0,0,0,1,0,0,0,21,0,0,1,-1,0,0,0,good
www.cqpszx.com/images/?app=com-d3&amp;ref=tqvavewus.battle.net/d3/en/index,74,0,0,4,0,0,0,0,2,0,0,0,22,51,4,1,-1,0,0,0,bad
www.bjjslq.com/Images/?us.battle.net/login/en/?ref=ykplevtus.battle.net/d3/en/index&app=com-d3,94,0,0,6,0,0,0,0,2,0,0,1,22,71,5,1,-1,0,0,0,bad
marvin3m.com/fix.htm,20,0,0,2,0,0,0,0,1,0,0,0,20,0,0,1,-1,0,0,0,good
mgotto.homepage.t-online.de/HJghjb54?twauFI=OOeQBhIeTQ,54,0,0,3,0,0,0,0,1,0,0,0,36,17,2,0,-1,0,0,0,bad
savannajones.com/products/12044_900_07.htm,42,0,0,2,0,0,0,0,2,0,0,0,42,0,0,1,-1,0,0,0,good
ronan-parke.org/,16,0,0,1,0,0,0,0,1,0,0,0,16,0,0,1,-1,0,0,0,good
dop.premiocastelloacaja.com/,28,0,0,2,0,0,0,0,1,0,0,0,28,0,0,1,-1,0,0,0,bad
iww.mycp.in//order/AOL_Login.htm,32,0,0,3,0,0,0,0,3,1,0,1,32,0,0,0,-1,0,0,0,bad
myrealtorkeithk.com/,20,0,0,1,0,0,0,0,1,0,0,0,20,0,0,1,-1,0,0,0,good
www.andromeda.com/people/ddyer/age-summer-94/age-summer-94.html,63,0,0,3,0,0,0,0,4,0,0,0,63,0,0,1,-1,0,0,0,good
natetamiam.com/,15,0,0,1,0,0,0,0,1,0,0,0,15,0,0,1,-1,0,0,0,good
abebooks.com/book-search/title/veterans-of-foreign-wars-edition-pictorial-history-of-the-second-world-war/,106,0,0,1,0,0,0,0,4,0,0,0,106,0,0,1,-1,0,0,0,good
en.goldenmap.com/Alva_Bradley,29,0,0,2,0,0,0,0,1,0,0,0,29,0,0,1,-1,0,0,0,good
lonelyplanet.com/japan/tokyo,28,0,0,1,0,0,0,0,2,0,0,0,28,0,0,1,-1,0,0,0,good
pipl.com/directory/name/Devlin/Muriel,37,0,0,1,0,0,0,0,4,0,0,0,37,0,0,1,-1,0,0,0,good
allendesign.com.au/wp-admin/css/colors/sunrise/newphase/zonalzone/homezone/Outlook.php,86,0,0,3,0,0,0,0,8,0,0,0,86,0,0,1,-1,0,0,0,bad
millionjam.eu/megastock/gate.php,32,0,0,2,0,0,0,0,2,0,0,0,32,0,0,0,-1,0,0,0,bad
familiasemlimites.com.br/wp-admin/traders/Hotmail-New/Hotmail-New/Verification%20Set-up.html,92,0,0,3,0,0,0,0,5,0,0,0,92,0,1,1,-1,0,0,0,bad
rochestercitynewspaper.com/events/54764,39,0,0,1,0,0,0,0,2,0,0,0,39,0,0,1,-1,0,0,0,good
en.wikipedia.org/wiki/John_D._Faris,35,0,0,3,0,0,0,0,2,0,0,0,35,0,0,1,-1,0,0,0,good
fanpop.com/spots/nebraska-cornhuskers/images/9301031/title/nebraska-n-wallpaper,79,0,0,1,0,0,0,0,6,0,0,0,79,0,0,1,-1,0,0,0,good
ehsasfoundationinternational.org/doc005/,40,0,0,1,0,0,0,0,2,0,0,0,40,0,0,1,-1,0,0,0,bad
61.147.107.109:8089/shift.exe,29,1,0,4,0,0,0,0,1,0,0,0,29,0,0,0,-1,0,0,0,bad
pregnancysquare.com/wk97j,25,0,0,1,0,0,0,0,1,0,0,0,25,0,0,1,-1,0,0,0,bad
howdoeslifework.com/iha/661ace530eb7898b4206d616679fee01/login.php?access=d41d8cd98f00b204e9800998ecf8427e,106,0,0,2,0,0,0,0,3,0,0,1,66,39,2,1,-1,0,0,0,bad
amazon.com/Cavemans-Valentine-George-Dawes-Green/dp/0446671517,62,0,0,1,0,0,0,0,3,0,0,0,62,0,0,1,-1,0,0,0,good
facebook.com/pages/Ardene/72154595089,37,0,0,1,0,0,0,0,3,0,0,0,37,0,0,1,-1,0,0,0,good
exikotz.addr.com/PLO5XIde/webscr_prim.php?ZXhpa290ei5hZGRyLmNvbQ==uhsdsusu5485757kUJHNN546221oPLKj988777AOP784MTM1MjM5Njg1OQ==,126,0,0,3,0,0,0,0,2,0,0,0,41,84,5,1,-1,0,0,0,bad
redivideos.com//dl/remax/remax/index.htm,40,0,0,2,0,0,0,0,5,1,0,0,40,0,0,1,-1,0,0,0,bad
exportwroclaw.cba.pl/565489s,28,0,0,2,0,0,0,0,1,0,0,0,28,0,0,0,-1,0,0,0,bad
evri.com/person/vicki-frederick-0x1f729,39,0,0,1,0,0,0,0,2,0,0,0,39,0,0,1,-1,0,0,0,good
jigsaw.com/20110417_20110423_a_2/recently_added_contacts.xhtml,62,0,0,2,0,0,0,0,2,0,0,0,62,0,0,1,-1,0,0,0,good
anglo-continental.com/,22,0,0,1,0,0,0,0,1,0,0,0,22,0,0,1,-1,0,0,0,good
www.google.com/apps/intl/en/business/,37,0,0,2,0,0,0,0,5,0,0,0,37,0,0,1,-1,0,0,0,good
flaglerpower.com/dft1ryn7,25,0,0,1,0,0,0,0,1,0,0,0,25,0,0,1,-1,0,0,0,bad
psk12.com/rating/USindivphp/SchID_63736.html,44,0,0,2,0,0,0,0,3,0,0,0,44,0,0,1,-1,0,0,0,good
crunchbase.com/company/shanda-interactive-entertainment,55,0,0,1,0,0,0,0,2,0,0,0,55,0,0,1,-1,0,0,0,good
www.stagecast.com/cgi-bin/templator.cgi?PAGE=Corporate/presentations/LARRYBIO,77,0,0,3,0,0,0,0,2,0,0,0,39,37,2,1,-1,0,0,0,good
library.cshl.edu/symposia/1953/participants.html,48,0,0,3,0,0,0,0,3,0,0,0,48,0,0,0,-1,0,0,0,good
turkey-swamp.njrrc.org/,23,0,0,2,0,0,0,0,1,0,0,0,23,0,0,1,-1,0,0,0,good
insidemovies.ew.com/2010/03/29/godzilla-to-be-remade-courtesy-of-legendary-pictures/,84,0,0,2,0,0,0,0,5,0,0,0,84,0,0,1,-1,0,0,0,good
linkedin.com/pub/susana-santiago/2a/b9/999,42,0,0,1,0,0,0,0,5,0,0,0,42,0,0,1,-1,0,0,0,good
melissagenealogy.stormpages.com/Clark.html,42,0,0,3,0,0,0,0,1,0,0,0,42,0,0,1,-1,0,0,0,good
genforum.genealogy.com/stowers/all.html,39,0,0,3,0,0,0,0,2,0,0,0,39,0,0,1,-1,0,0,0,good
transworldnews.com/977880/c1/ellerbe-becket-inc-company-capsule-new-company-profile,83,0,0,1,0,0,0,0,3,0,0,0,83,0,0,1,-1,0,0,0,good
facebook.com/pages/Manu-Militari/108774512480443,48,0,0,1,0,0,0,0,3,0,0,0,48,0,0,1,-1,0,0,0,good
cbc.ca/sports/indepth/expos/top10.html,38,0,0,2,0,0,0,0,4,0,0,0,38,0,0,0,-1,0,0,0,good
freebase.com/view/en/united_states_district_court_for_the_western_district_of_pennsylvania,90,0,0,1,0,0,0,0,3,0,0,0,90,0,0,1,-1,0,0,0,good
tam.multipluslatam.click/,25,0,0,2,0,0,0,0,1,0,0,0,25,0,0,0,-1,0,0,0,bad
www.zjgfw.org/images/?us.battle.n...,36,0,0,7,0,0,0,0,2,0,0,0,21,14,1,1,-1,0,0,0,bad
id0498372885938paypal.com.au.account.verification-re5983202k.com.au.mubashar786.com/.vbv/a12d932ad5cd8d2ccf2e78239dc89b26/408359ba50e4f5373fd3963f0c962548/,155,0,0,9,0,0,0,0,4,0,0,1,155,0,0,1,-1,0,0,0,bad
taosnewmexico.com/dreamcatcher,30,0,0,1,0,0,0,0,1,0,0,0,30,0,0,1,-1,0,0,0,good
dellscorner.com/~dolphin/paypal/,32,0,0,1,0,0,0,0,3,0,0,0,32,0,0,1,-1,0,0,0,bad
uk.paypal.service-secured.co.uk/kachkol/cycgi-bin/webscrcmd=_home-customer&nav=1/webscr/update.php?cmd=_login-done&login_access=1193476743,138,0,0,5,0,0,0,0,5,0,0,1,98,39,7,0,-1,0,0,0,bad
youtube.com/watch?v=dObd3MBOfwo,31,0,0,1,0,0,0,0,1,0,0,0,17,13,2,1,-1,0,0,0,good
www.bjcurio.com/js/index.htm?app=com-d3&amp;us.battle.net/login/en/?ref=nhyueosus.battle.net/d3/en/index,104,0,0,7,0,0,0,0,2,0,0,1,28,75,5,1,-1,0,0,0,bad
filmjunk.com/2011/10/28/paranorman-trailer/,43,0,0,1,0,0,0,0,5,0,0,0,43,0,0,1,-1,0,0,0,good
docmitto.computantest.com/old-copy/data/5ed1337c2ed59d89d9aa9dd376fc3b18/,73,0,0,2,0,0,0,0,4,0,0,0,73,0,0,1,-1,0,0,0,bad
criterion.com/films/27621-chains,32,0,0,1,0,0,0,0,2,0,0,0,32,0,0,1,-1,0,0,0,good
trulia.com/MI/Reed_City/,24,0,0,1,0,0,0,0,3,0,0,0,24,0,0,1,-1,0,0,0,good
thesciencenetwork.org/programs/neuroscience-2010/judy-illes,59,0,0,1,0,0,0,0,3,0,0,0,59,0,0,1,-1,0,0,0,good
geektyrant.com/news/2011/5/15/exclusive-interview-meaghan-rath-from-syfys-being-human.html,90,0,0,2,0,0,0,0,5,0,0,0,90,0,0,1,-1,0,0,0,good
public-records-nationwide.com/doherty/2.htm,43,0,0,2,0,0,0,0,2,0,0,0,43,0,0,1,-1,0,0,0,good
twitter.com/QAxADgAOAA,22,0,0,1,0,0,0,0,1,0,0,0,22,0,0,1,-1,0,0,0,bad
www.onlamp.com/bsd/,19,0,0,2,0,0,0,0,2,0,0,0,19,0,0,1,-1,0,0,0,good
paypalng.my3gb.com/index.html,29,0,0,3,0,0,0,0,1,0,0,0,29,0,0,1,-1,0,0,0,bad
youtube.com/watch?v=ZLC5SzczC44,31,0,0,1,0,0,0,0,1,0,0,0,17,13,2,1,-1,0,0,0,good
classiccarsforsale.co.uk/classic-car-page.php/carno/138219,58,0,0,3,0,0,0,0,3,0,0,0,58,0,0,0,-1,0,0,0,good
naplesnews.com/photos/galleries/2011/sep/20/animal-rights-advocates-criticize-animal-services/,94,0,0,1,0,0,0,0,7,0,0,0,94,0,0,1,-1,0,0,0,good
mgotto.homepage.t-online.de/HJghjb54,36,0,0,3,0,0,0,0,1,0,0,0,36,0,0,0,-1,0,0,0,bad
l.ocalhost.host/3,17,0,0,2,0,0,0,0,1,0,0,0,17,0,0,0,-1,0,0,0,bad
oce.catholic.com/index.php?title=Archdiocese_of_Quebec,54,0,0,3,0,0,0,0,1,0,0,0,26,27,2,1,-1,0,0,0,good
tower.com/real-thing-words-sounds-vol-3-jill-scott-cd/wapi/111377572,68,0,0,1,0,0,0,0,3,0,0,0,68,0,0,1,-1,0,0,0,good
sandia.gov/energy-water/attendTech.htm,38,0,0,2,0,0,0,0,2,0,0,0,38,0,0,0,-1,0,0,0,good
paquetesturisticos.club/administrator/templates/hathor/language/DHL.php,71,0,0,2,0,0,0,0,5,0,0,0,71,0,0,0,-1,0,0,0,bad
rap-up.com/2009/10/09/album-cover-lady-gaga-the-fame-monster/,61,0,0,1,0,0,0,0,5,0,0,0,61,0,0,1,-1,0,0,0,good
urbanpro.cl/achivement/doc/Googledoc/index.html,47,0,0,2,0,0,0,0,4,0,0,0,47,0,0,0,-1,0,0,0,bad
clubs.haagen-dazs.com/philippines.aspx,38,0,0,3,0,0,0,0,1,0,0,0,38,0,0,1,-1,0,0,0,good
twitter.com/Krispinwah,22,0,0,1,0,0,0,0,1,0,0,0,22,0,0,1,-1,0,0,0,good
vancouversun.com/entertainment/Dance+tour+force+Louise+Lecavalier+returns+Vancouver/5646123/story.html,102,0,0,2,0,0,0,0,4,0,0,0,102,0,0,1,-1,0,0,0,good
mylife.com/c-1666312923,23,0,0,1,0,0,0,0,1,0,0,0,23,0,0,1,-1,0,0,0,good
youtube.com/watch?v=NO48o3qTP-g,31,0,0,1,0,0,0,0,1,0,0,0,17,13,2,1,-1,0,0,0,good
campusexplorer.com/colleges/E1B6CDD6/Ohio/Lima/James-A-Rhodes-State-College/,76,0,0,1,0,0,0,0,6,0,0,0,76,0,0,1,-1,0,0,0,good
youtube.com/watch?v=y35CZf_4JrE,31,0,0,1,0,0,0,0,1,0,0,0,17,13,2,1,-1,0,0,0,good
us.battle.net.rrus.asia/login/en/?ref=us.battle.net/d3/en/index&amp;app=com-d3,78,0,0,6,0,0,0,0,3,0,0,1,33,44,4,1,-1,0,0,0,bad
drewaltizer.com/album.php?album_id=10544&searchkey=&page=2,58,0,0,2,0,0,0,0,1,0,0,0,25,32,6,1,-1,0,0,0,good
au.linkedin.com/pub/michelle-meldrum/15/4b5/199,47,0,0,2,0,0,0,0,5,0,0,0,47,0,0,1,-1,0,0,0,good
bmakmcedbckadkal.website /,26,0,0,1,0,0,0,0,1,0,0,0,26,0,0,0,-1,0,0,0,bad
viewmag.com/13652-Accidental+and+Young+MPs.htm,46,0,0,2,0,0,0,0,1,0,0,0,46,0,0,1,-1,0,0,0,good
selectprogfile.info/data/feeder,31,0,0,1,0,0,0,0,2,0,0,0,31,0,0,1,-1,0,0,0,bad
tcm.com/tcmdb/person/208189%7C89766/Joseph-Wiseman/,51,0,0,1,0,0,0,0,5,0,0,0,51,0,1,1,-1,0,0,0,good
texavery.com/,13,0,0,1,0,0,0,0,1,0,0,0,13,0,0,1,-1,0,0,0,good
blockbuster.com/browse/catalog/personDetails/56020,50,0,0,1,0,0,0,0,4,0,0,0,50,0,0,1,-1,0,0,0,good
lyrics007.com/P.%20Diddy%20(Puff%20Daddy)%20Lyrics/Can't%20Nobody%20Hold%20Me%20Down%20Lyrics.html,98,0,0,3,0,0,0,0,2,0,0,0,98,0,9,1,-1,0,0,0,good
royalartilleryunitsnetherlands1944-1945.com/110-field-regiment.html,67,0,0,2,0,0,0,0,1,0,0,0,67,0,0,1,-1,0,0,0,good
en.wikipedia.org/wiki/John_L._Throckmorton,42,0,0,3,0,0,0,0,2,0,0,0,42,0,0,1,-1,0,0,0,good
goaholidayhomes.com/directory/info/12/travco-holidays-pvt-ltd-/,63,0,0,1,0,0,0,0,5,0,0,0,63,0,0,1,-1,0,0,0,good
city-data.com/city/South-Carolina3.html,39,0,0,2,0,0,0,0,2,0,0,0,39,0,0,1,-1,0,0,0,good
liquida.com/hans-selye/,23,0,0,1,0,0,0,0,2,0,0,0,23,0,0,1,-1,0,0,0,good
us.battle.net.en.zz-rs.com/login/en/login.html?amp;amp;eor=0&amp;ref=www.battle.net/account/&app=bam&app=wam,108,0,0,8,0,0,0,0,3,0,0,1,46,61,8,1,-1,0,0,0,bad
wiener-blues.at/pbb/pagina-inicial/1BFP.php,43,0,0,2,0,0,0,0,3,0,0,0,43,0,0,0,-1,0,0,0,bad
flames.nhl.com/,15,0,0,2,0,0,0,0,1,0,0,0,15,0,0,1,-1,0,0,0,good
sportsecyclopedia.com/nhl/tml/leafs.html,40,0,0,2,0,0,0,0,3,0,0,0,40,0,0,1,-1,0,0,0,good
redfin.com/CA/Dana-Point/24451-Lantern-Hill-Dr-92629/unit-F/home/5525035,72,0,0,1,0,0,0,0,6,0,0,0,72,0,0,1,-1,0,0,0,good
www.munich-airport.de/en/,25,0,0,2,0,0,0,0,2,0,0,0,25,0,0,0,-1,0,0,0,good
change.org/petitions/mayor-ban-horse-drawn-carriages-in-montreal,64,0,0,1,0,0,0,0,2,0,0,0,64,0,0,1,-1,0,0,0,good
4printing.net/,14,0,0,1,0,0,0,0,1,0,0,0,14,0,0,1,-1,0,0,0,good
publicrecords.com/people-search-records/ronald-teague,53,0,0,1,0,0,0,0,2,0,0,0,53,0,0,1,-1,0,0,0,good
www.berenddeboer.net/tex/,25,0,0,2,0,0,0,0,2,0,0,0,25,0,0,1,-1,0,0,0,good
dzzle.com/videos/vern,21,0,0,1,0,0,0,0,2,0,0,0,21,0,0,1,-1,0,0,0,good
trueknowledge.com/q/who_won_the_nasa_distinguished_service_medal,64,0,0,1,0,0,0,0,2,0,0,0,64,0,0,1,-1,0,0,0,good
amazon.co.uk/9th-Company-Single-Disc-DVD/dp/B000XJF09O,54,0,0,2,0,0,0,0,3,0,0,0,54,0,0,0,-1,0,0,0,good
prima-browsergames.com/wp-content/uploads/2012/Trulia/index.htm,63,0,0,2,0,0,0,0,5,0,0,0,63,0,0,1,-1,0,0,0,bad
everything.explained.at/contents/list_RAY.htm,45,0,0,3,0,0,0,0,2,0,0,0,45,0,0,0,-1,0,0,0,good
emusic.com/artist/Janina-Fialkowska-MP3-Download/11641919.html,62,0,0,2,0,0,0,0,3,0,0,0,62,0,0,1,-1,0,0,0,good
sheepdrove.com/143.htm,22,0,0,2,0,0,0,0,1,0,0,0,22,0,0,1,-1,0,0,0,good
down.upgamecdn.com/testapk/cong0915_131.apk,43,0,0,3,0,0,0,0,2,0,0,0,43,0,0,1,-1,0,0,0,bad
seafoodrestaurantshuntingtonbeach.com/,38,0,0,1,0,0,0,0,1,0,0,0,38,0,0,1,-1,0,0,0,good
youtube.com/watch?v=8G7o1FYl0NA,31,0,0,1,0,0,0,0,1,0,0,0,17,13,2,1,-1,0,0,0,good
kitchen-doors.com/pos/postal/979dac508cbcd3cbe86ed61ed772a1b544e4289f/manage.compte/index.php,93,0,0,3,0,0,0,0,5,0,0,0,93,0,0,1,-1,0,0,0,bad
h-miyoshi.ed.jp/67j5hg,22,0,0,2,0,0,0,0,1,0,0,0,22,0,0,0,-1,0,0,0,bad
popmatters.com/pm/review/deliver-us-from-eva/,45,0,0,1,0,0,0,0,4,0,0,0,45,0,0,1,-1,0,0,0,good
hockeygoalies.org/bio/sawchuk.html,34,0,0,2,0,0,0,0,2,0,0,0,34,0,0,1,-1,0,0,0,good
emplois.ca.indeed.com/Emplois-Bell-Canada,41,0,0,3,0,0,0,0,1,0,0,0,41,0,0,1,-1,0,0,0,good
olneyfurniture.com/09uk381/cgi-bin&amp;dispatch=96a3be3cf272e017046d1b2674a52bf4/webscr.html?cmd=_login-run,107,0,0,2,0,0,0,0,3,0,0,1,92,14,4,1,-1,0,0,0,bad
livinglegends.co.nz/,20,0,0,2,0,0,0,0,1,0,0,0,20,0,0,0,-1,0,0,0,good
sports.yahoo.com/nfl/news?slug=ycn-10139619,43,0,0,2,0,0,0,0,2,0,0,0,25,17,2,1,-1,0,0,0,good
sovereignservices.com/,22,0,0,1,0,0,0,0,1,0,0,0,22,0,0,1,-1,0,0,0,good
jasonwilesfan.com/,18,0,0,1,0,0,0,0,1,0,0,0,18,0,0,1,-1,0,0,0,good
www.tuguiadecolombia.com/portal/plugins/system/bbatualizacaodecadastro/,71,0,0,2,0,0,0,0,5,0,0,0,71,0,0,1,-1,0,0,0,bad
phvx.com/,9,0,0,1,0,0,0,0,1,0,0,0,9,0,0,1,-1,0,0,0,good
www.eweek.com/c/a/Linux-and-Open-Source/Caldera-Renames-Itself-SCO-Group/,73,0,0,2,0,0,0,0,5,0,0,0,73,0,0,1,-1,0,0,0,good
mllecable.com/,14,0,0,1,0,0,0,0,1,0,0,0,14,0,0,1,-1,0,0,0,good
whatisgender.net/phpBB3/viewtopic.php?f=110&t=930,49,0,0,2,0,0,0,0,2,0,0,0,37,11,4,1,-1,0,0,0,good
123people.co.uk/s/maurice+king,30,0,0,2,0,0,0,0,2,0,0,0,30,0,0,0,-1,0,0,0,good
facebook.com/1kadin1erkek?sk=photos,35,0,0,1,0,0,0,0,1,0,0,0,25,9,2,1,-1,0,0,0,good
hermion.gr/fnj4b3,17,0,0,1,0,0,0,0,1,0,0,0,17,0,0,0,-1,0,0,0,bad
au.linkedin.com/in/gregoryjgreen,32,0,0,2,0,0,0,0,2,0,0,0,32,0,0,1,-1,0,0,0,good
baseball-reference.com/players/p/peterjo01.shtml,48,0,0,2,0,0,0,0,3,0,0,0,48,0,0,1,-1,0,0,0,good
l1.lamsade.dauphine.fr/~hugot,29,0,0,3,0,0,0,0,1,0,0,0,29,0,0,0,-1,0,0,0,good
news.yahoo.com/capitol-police-react-onion-satire-203745430.html,63,0,0,3,0,0,0,0,1,0,0,0,63,0,0,1,-1,0,0,0,good
en.wikipedia.org/wiki/ZIP_code,30,0,0,2,0,0,0,0,2,0,0,0,30,0,0,1,-1,0,0,0,good
facebook.com/pages/notre-dame-de-grace-de-passy/113967588637470,63,0,0,1,0,0,0,0,3,0,0,0,63,0,0,1,-1,0,0,0,good
avaxhome.ws/ebooks/Mobile_eBooks_Readers/ipad_iphone_epub/Cleopatra_7.2_-_Elizabeth_Ann_Scarborough.html,104,0,0,3,0,0,0,0,4,0,0,0,104,0,0,0,-1,0,0,0,good
beatsantique.wordpress.com/,27,0,0,2,0,0,0,0,1,0,0,0,27,0,0,1,-1,0,0,0,good
sacredbonding.com/radhanath_swami/tolerate/freedom-to-fly,57,0,0,1,0,0,0,0,3,0,0,0,57,0,0,1,-1,0,0,0,good
www-03.ibm.com/servers/eserver/zseries/zos/racf/vm.html,55,0,0,3,0,0,0,0,6,0,0,0,55,0,0,1,-1,0,0,0,good
955glo.com/mark-martel-is-the-perfect-lead-singer-for-the-new-queen-tribute-band-video/,87,0,0,1,0,0,0,0,2,0,0,0,87,0,0,1,-1,0,0,0,good
123people.ca/s/sylvie+couture,29,0,0,1,0,0,0,0,2,0,0,0,29,0,0,0,-1,0,0,0,good
spoke.com/info/pB7EbyG/JoelSymmes,33,0,0,1,0,0,0,0,3,0,0,0,33,0,0,1,-1,0,0,0,good
'us.battle.net.rr-wow.asia/login/en/?ref=http\%3A\%2F\%2Fus.battle.net\%2Fd3\%2Fen\%2Findex&amp;app=com-d3',107,0,0,6,0,0,0,0,3,0,0,1,36,70,10,1,-1,0,0,0,bad
axa-insurance.com.hk/,21,0,0,2,0,0,0,0,1,0,0,0,21,0,0,1,-1,0,0,0,good
stcroixtourism.com/usviinfo.htm,31,0,0,2,0,0,0,0,1,0,0,0,31,0,0,1,-1,0,0,0,good
forces-war-records.co.uk/1293/HMCS_Restigouche,46,0,0,2,0,0,0,0,2,0,0,0,46,0,0,0,-1,0,0,0,good
uscollegesearch.org/pennsylvania-state-universitypenn-state-fayette.html,72,0,0,2,0,0,0,0,1,0,0,0,72,0,0,1,-1,0,0,0,good
www.freewebs.com/webdesigning02/,32,0,0,2,0,0,0,0,2,0,0,0,32,0,0,1,-1,0,0,0,good
airsafe.com/events/airlines/fedex.htm,37,0,0,2,0,0,0,0,3,0,0,0,37,0,0,1,-1,0,0,0,good
nyumbabora.co.ke/seco/newseo/seo/,33,0,0,2,0,0,0,0,4,0,0,0,33,0,0,0,-1,0,0,0,bad
txellwebs.com/blog/wp-content/scap/0f3b500cdb2f850d4d281318c0d500d1/webscr.html?amp,83,0,0,2,0,0,0,0,5,0,0,0,79,3,1,1,-1,0,0,0,bad
ronleehomes.com/,16,0,0,1,0,0,0,0,1,0,0,0,16,0,0,1,-1,0,0,0,good
pastehtml.com/view/berpqpcmy.html,33,0,0,2,0,0,0,0,2,0,0,0,33,0,0,1,-1,0,0,0,bad
hutchgov.com/,13,0,0,1,0,0,0,0,1,0,0,0,13,0,0,1,-1,0,0,0,good
muzikismyl0ve.blogspot.com/,27,0,0,2,0,0,0,0,1,0,0,0,27,0,0,1,-1,0,0,0,good
endlessquotes.com/quotes/1/cherie_carter-scott.html,51,0,0,2,0,0,0,0,3,0,0,0,51,0,0,1,-1,0,0,0,good
uk.linkedin.com/pub/peter-cullen/16/97b/442,43,0,0,2,0,0,0,0,5,0,0,0,43,0,0,1,-1,0,0,0,good
mylife.com/high-schools/qc/iberville/polyvalente-marcel-landry/,63,0,0,1,0,0,0,0,5,0,0,0,63,0,0,1,-1,0,0,0,good
katjaschrijft.nl/wp-content/themes/webstat/deutsche_telekom_ag,62,0,0,1,0,0,0,0,4,0,0,0,62,0,0,0,-1,0,0,0,bad
www.bofh.it/~md/cleanfeed/,26,0,0,2,0,0,0,0,3,0,0,0,26,0,0,0,-1,0,0,0,good
wrestlerbiographies.com/,24,0,0,1,0,0,0,0,1,0,0,0,24,0,0,1,-1,0,0,0,good
trueknowledge.com/q/garrett_backstrom_wikipedia,47,0,0,1,0,0,0,0,2,0,0,0,47,0,0,1,-1,0,0,0,good
5n7y4yihirccftc5.tor2web.org/,29,0,0,2,0,0,0,0,1,0,0,0,29,0,0,1,-1,0,0,0,bad
raidfinderpro.com/xyper/includes/home/,38,0,0,1,0,0,0,0,4,0,0,0,38,0,0,1,-1,0,0,0,bad
www.softfonts.com/lekhani/index.html,36,0,0,3,0,0,0,0,2,0,0,0,36,0,0,1,-1,0,0,0,good
wannmore.web.fc2.com/HJghjb54?hvfXYMH=WKamGyQQy,47,0,0,3,0,0,0,0,1,0,0,0,29,17,2,1,-1,0,0,0,bad
songlyrics.com/justin-bieber/a-very-justin-bieber-christmas!-lyrics/,68,0,0,1,0,0,0,0,3,0,0,0,68,0,0,1,-1,0,0,0,good
ca.linkedin.com/pub/jean-pierre-roy/11/574/119,46,0,0,2,0,0,0,0,5,0,0,0,46,0,0,1,-1,0,0,0,good
wezxh36ymq.luzetowegodppa.info/9b16eh5c2d\nvellejaresearch.com/b/728x90.jpg?ref=coolin,86,0,0,4,0,0,0,0,3,0,0,0,75,10,2,1,-1,0,0,0,bad
wordpress.mst-technology.de/wp-content/themes/telekom/vodafone_onlinerechnung,77,0,0,2,0,0,0,0,4,0,0,0,77,0,0,0,-1,0,0,0,bad
facebook.com/alessandrobarbaglia,32,0,0,1,0,0,0,0,1,0,0,0,32,0,0,1,-1,0,0,0,good
workshop54.com/,15,0,0,1,0,0,0,0,1,0,0,0,15,0,0,1,-1,0,0,0,good
iamthecause.top/sites/gate.php,30,0,0,2,0,0,0,0,2,0,0,0,30,0,0,0,-1,0,0,0,bad
prsearch.com/minnesota/counties.htm,35,0,0,2,0,0,0,0,2,0,0,0,35,0,0,1,-1,0,0,0,good
facebook.com/pages/Pelton-turbine/138226656201737,49,0,0,1,0,0,0,0,3,0,0,0,49,0,0,1,-1,0,0,0,good
phauthuatngucuytin.com/libraries/conejo3/,41,0,0,1,0,0,0,0,3,0,0,0,41,0,0,1,-1,0,0,0,bad
answers.yahoo.com/question/index?qid=20100628084010AAa1HMS,58,0,0,2,0,0,0,0,2,0,0,0,32,25,2,1,-1,0,0,0,good
youtube.com/watch?v=UgYuD51JDpc,31,0,0,1,0,0,0,0,1,0,0,0,17,13,2,1,-1,0,0,0,good
databasefootball.com/players/playerpage.htm?ilkid=DUNSTBIL01,60,0,0,2,0,0,0,0,2,0,0,0,43,16,2,1,-1,0,0,0,good
klab.caltech.edu/~koch/,23,0,0,2,0,0,0,0,2,0,0,0,23,0,0,0,-1,0,0,0,good
register.madscience.org/kalamazoo/,34,0,0,2,0,0,0,0,2,0,0,0,34,0,0,1,-1,0,0,0,good
'update-informations051.creativeplaythings.com.au/?/cgi-\%0D\%5Cn\%0D\%5Cnbin/webscr?cmd=_login-\%0D\%5Cn\%0D\%5Cnsubmit&dispatch=5885d80ds0db1f8e263663d3faee8db2b24f7b84f1819343fd6c338b1d9d60',193,0,0,3,0,0,0,0,1,0,0,1,50,142,13,1,-1,0,0,0,bad
g7crossfit.com/,15,0,0,1,0,0,0,0,1,0,0,0,15,0,0,1,-1,0,0,0,good
metrolyrics.com/fear-the-voices-lyrics-alice-in-chains.html,59,0,0,2,0,0,0,0,1,0,0,0,59,0,0,1,-1,0,0,0,good
voguebeautycollection.com/~venemaho/s/,38,0,0,1,0,0,0,0,3,0,0,0,38,0,0,1,-1,0,0,0,bad
wwnh6.hikonefabebppd.com/uyyipfvwo1\nwww.blogbuilderbasics.com/95d9497e546917a8e3d6bb9035e7f633.php?q=86bc7a59dca4e83bd0de24de7ed30e6d,134,0,0,5,0,0,0,0,2,0,0,0,99,34,2,1,-1,0,0,0,bad
ftpkoodzabelgium.backloopproductions.com/web/acesso/,52,0,0,2,0,0,0,0,3,0,0,0,52,0,0,1,-1,0,0,0,bad
www.chez.com/jls/vxdasm.html,28,0,0,3,0,0,0,0,2,0,0,0,28,0,0,1,-1,0,0,0,good
youtube.com/watch?v=IGMj0n2VcU8,31,0,0,1,0,0,0,0,1,0,0,0,17,13,2,1,-1,0,0,0,good
datongqu.com/pin/Alibab,23,0,0,1,0,0,0,0,2,0,0,0,23,0,0,1,-1,0,0,0,bad
77.221.146.57/?login,20,1,0,3,0,0,0,0,1,0,0,1,14,5,1,0,-1,0,0,0,bad
safanaali1.no-ip.biz,20,0,0,2,0,0,0,0,0,0,0,0,20,0,0,0,-1,0,0,0,bad
mkiyanpoor.ir/wp-includes/,26,0,0,1,0,0,0,0,2,0,0,0,26,0,0,0,-1,0,0,0,bad
discogs.com/Pixies-Trompe-Le-Monde/master/16797,47,0,0,1,0,0,0,0,3,0,0,0,47,0,0,1,-1,0,0,0,good
goliath.ecnext.com/coms2/product-compint-0001074101-page.html,61,0,0,3,0,0,0,0,2,0,0,0,61,0,0,1,-1,0,0,0,good
thenhlarena.com/topic/69651-watch-any-central-hockey-league-game-online/,72,0,0,1,0,0,0,0,3,0,0,0,72,0,0,1,-1,0,0,0,good
cdeybocjtosmmvwuy.ru/php/upload.php,35,0,0,2,0,0,0,0,2,0,0,0,35,0,0,0,-1,0,0,0,bad
mylife.com/thomaswmhamilton,27,0,0,1,0,0,0,0,1,0,0,0,27,0,0,1,-1,0,0,0,good
newadvent.org/cathen/11480c.htm,31,0,0,2,0,0,0,0,2,0,0,0,31,0,0,1,-1,0,0,0,good
www.angelfire.com/sd2/swedetranslation/index.html,49,0,0,3,0,0,0,0,3,0,0,0,49,0,0,1,-1,0,0,0,good
provide-account.ml/us/webapps/,30,0,0,1,0,0,0,0,3,0,0,1,30,0,0,0,-1,0,0,0,bad
ubu.com/film/sharits.html,25,0,0,2,0,0,0,0,2,0,0,0,25,0,0,1,-1,0,0,0,good
federalhandbooks.com/?page_id=166,33,0,0,1,0,0,0,0,1,0,0,0,21,11,2,1,-1,0,0,0,good
imdb.com/name/nm0437218/,24,0,0,1,0,0,0,0,3,0,0,0,24,0,0,1,-1,0,0,0,good
www.cs.uregina.ca/~roughset/,28,0,0,3,0,0,0,0,2,0,0,0,28,0,0,0,-1,0,0,0,good
themolloys.net/molloy/kings%20of%20france.htm,45,0,0,2,0,0,0,0,2,0,0,0,45,0,2,1,-1,0,0,0,good
usa-people-search.com/Find-Michael-Ridenhour.aspx,49,0,0,2,0,0,0,0,1,0,0,0,49,0,0,1,-1,0,0,0,good
library.miami.edu/bookarchives/june03/govdoc.html,49,0,0,3,0,0,0,0,3,0,0,0,49,0,0,0,-1,0,0,0,good
extralive.tv/,13,0,0,1,0,0,0,0,1,0,0,0,13,0,0,0,-1,0,0,0,good
msgdown.xinyinhe.com/717/XYH/yinhfllk.apk,41,0,0,3,0,0,0,0,3,0,0,0,41,0,0,1,-1,0,0,0,bad
linkedin.com/pub/ross-macdonald/3/247/20a,41,0,0,1,0,0,0,0,5,0,0,0,41,0,0,1,-1,0,0,0,good
specialchild.ie/wp-includes/js/crop,35,0,0,1,0,0,0,0,3,0,0,0,35,0,0,0,-1,0,0,0,bad
imdb.com/title/tt0086161/,25,0,0,1,0,0,0,0,3,0,0,0,25,0,0,1,-1,0,0,0,good
informacija.net/eng/home-and-equipment/services,47,0,0,1,0,0,0,0,3,0,0,0,47,0,0,1,-1,0,0,0,good
imdb.com/name/nm0167235/bio,27,0,0,1,0,0,0,0,3,0,0,0,27,0,0,1,-1,0,0,0,good
forum.animeallday.cba.pl/09y7gnninj,35,0,0,3,0,0,0,0,1,0,0,0,35,0,0,0,-1,0,0,0,bad
kghugheslaw.com/appr/new.php?cmd=login_submit,45,0,0,2,0,0,0,0,2,0,0,1,28,16,2,1,-1,0,0,0,bad
luigicalabrese.it/7/7.exe,25,0,0,2,0,0,0,0,2,0,0,0,25,0,0,0,-1,0,0,0,bad
mom-me-dearest.com/blog/Contact-Information/,44,0,0,1,0,0,0,0,3,0,0,0,44,0,0,1,-1,0,0,0,bad
hobohideout.com/sitemap-alphabet/macedonia-the-former-yugoslav-republic-of.php,78,0,0,2,0,0,0,0,2,0,0,0,78,0,0,1,-1,0,0,0,good
xieyaqi1988.com/n0wogrwkz,25,0,0,1,0,0,0,0,1,0,0,0,25,0,0,1,-1,0,0,0,bad
ezinearticles.com/?The-Magic-Touch---Make-Girls-Go-Crazy-With-This-Secret-Weapon&id=2211980,91,0,0,1,0,0,0,0,1,0,0,0,18,72,3,1,-1,0,0,0,good
jmetalloysllp.com/vdG76VUY76rjnu/?nfzvrxxMMS=tuGmxIRn,53,0,0,1,0,0,0,0,2,0,0,0,33,19,2,1,-1,0,0,0,bad
fireangel.biz/v-All+Red+Star+DVD+Trailer-xARR8d4LqIU,52,0,0,1,0,0,0,0,1,0,0,0,52,0,0,0,-1,0,0,0,good
myspace.com/bright_night,24,0,0,1,0,0,0,0,1,0,0,0,24,0,0,1,-1,0,0,0,good
ponyreports.comli.com/admin.php,31,0,0,3,0,0,0,0,1,0,0,0,31,0,0,1,-1,0,0,0,bad
makeupandbeautyblog.com/nails/from-london-to-l-a-nails-inc-nail-polishes-launching-today-at-sephora/,100,0,0,1,0,0,0,0,3,0,0,0,100,0,0,1,-1,0,0,0,good
appleitunes.net/,16,0,0,1,0,0,0,0,1,0,0,0,16,0,0,1,-1,0,0,0,bad
mark-westcott.com/adminpanel/FCKeditor/editor/filemanager/upload/private/allaccounts/cc/refund.htm,98,0,0,2,0,0,0,0,9,0,0,1,98,0,0,1,-1,0,0,0,bad
cpnal.ru/madness/adm/auth.php,29,0,0,2,0,0,0,0,3,0,0,0,29,0,0,0,-1,0,0,0,bad
streamingthe.net/WWZY-107.1-FM-99.7-The-Breeze---Long-Branch/p/8726,67,0,0,3,0,0,0,0,3,0,0,0,67,0,0,1,-1,0,0,0,good
danbrownandassociates.com/projects/consulting-projects/kcicon-christopher-s-bond-missouri-river-bridge,102,0,0,1,0,0,0,0,3,0,0,0,102,0,0,1,-1,0,0,0,good
arborbayinc.com/admin/gallery/dope/File/Dropbox.html,52,0,0,2,0,0,0,0,5,0,0,0,52,0,0,1,-1,0,0,0,bad
amazon.com/Alien-Chaser-Frank-Zagarino/dp/6305470316,52,0,0,1,0,0,0,0,3,0,0,0,52,0,0,1,-1,0,0,0,good
timescolonist.com/sports/Shamrocks+depart+with+empty+feeling/5231132/story.html,79,0,0,2,0,0,0,0,4,0,0,0,79,0,0,1,-1,0,0,0,good
www.hhog.com/,13,0,0,2,0,0,0,0,1,0,0,0,13,0,0,1,-1,0,0,0,bad
trannycrew.com/,15,0,0,1,0,0,0,0,1,0,0,0,15,0,0,1,-1,0,0,0,good
www.wku.edu/~charles.plemons/dnd/,33,0,0,3,0,0,0,0,3,0,0,0,33,0,0,0,-1,0,0,0,good
24.148.217.188/limto1.tar,25,1,0,4,0,0,0,0,1,0,0,0,25,0,0,0,-1,0,0,0,bad
askart.com/askart/i/ubbe_ert_iwerks/ubbe_ert_iwerks.aspx,56,0,0,2,0,0,0,0,4,0,0,0,56,0,0,1,-1,0,0,0,good
johnnylarocque.com/,19,0,0,1,0,0,0,0,1,0,0,0,19,0,0,1,-1,0,0,0,good
amazon.com/Ray-Raphael-Saadiq/dp/B0002XVRQ6,43,0,0,1,0,0,0,0,3,0,0,0,43,0,0,1,-1,0,0,0,good
100megspop3.com/bark/800NTSBwitRltdPrtlTrscrptFinalHearing.html,63,0,0,2,0,0,0,0,2,0,0,0,63,0,0,1,-1,0,0,0,good
imdb.com/name/nm0001133/bio,27,0,0,1,0,0,0,0,3,0,0,0,27,0,0,1,-1,0,0,0,good
soeursdubonpasteur.ca/en/oeuvres/w81/,37,0,0,1,0,0,0,0,4,0,0,0,37,0,0,0,-1,0,0,0,good
esxcc.com/js/index.htm?us.battle.net/login/en/?ref=uzrpqncus.battle.net/d3/en/index&amp;,88,0,0,6,0,0,0,0,2,0,0,1,22,65,4,1,-1,0,0,0,bad
www.angelfire.com/tn3/parentesis/,33,0,0,2,0,0,0,0,3,0,0,0,33,0,0,1,-1,0,0,0,good
dictionary.sensagent.com/TV5MONDE/fr-fr/,40,0,0,2,0,0,0,0,3,0,0,0,40,0,0,1,-1,0,0,0,good
platt.com/,10,0,0,1,0,0,0,0,1,0,0,0,10,0,0,1,-1,0,0,0,good
copperkingdom.net/bretmrae/garyspeed/a30a2049479f479bd12f8547c3640a7f,69,0,0,1,0,0,0,0,3,0,0,0,69,0,0,1,-1,0,0,0,bad
amazon.com/Temple-Jaguar-Donald-G-Schueler/dp/0871566516,56,0,0,1,0,0,0,0,3,0,0,0,56,0,0,1,-1,0,0,0,good
imdb.com/name/nm0000834/,24,0,0,1,0,0,0,0,3,0,0,0,24,0,0,1,-1,0,0,0,good
freepages.genealogy.rootsweb.ancestry.com/~wightman/John1520.htm,64,0,0,5,0,0,0,0,2,0,0,0,64,0,0,1,-1,0,0,0,good
bhyb.org/,9,0,0,1,0,0,0,0,1,0,0,0,9,0,0,1,-1,0,0,0,good
noleftherref.ru/bukhlo/gate.php,31,0,0,2,0,0,0,0,2,0,0,0,31,0,0,0,-1,0,0,0,bad
bangordailynews.com/2011/10/06/obituaries/louise-wyllie/,56,0,0,1,0,0,0,0,6,0,0,0,56,0,0,1,-1,0,0,0,good
pittsburgh.craigslist.org/spo/2662556117.html,45,0,0,3,0,0,0,0,2,0,0,0,45,0,0,1,-1,0,0,0,good
bdoutdoors.com/forums/washington-state/222139-cedar-river-sockeye-hatchery-delay.html,85,0,0,2,0,0,0,0,3,0,0,0,85,0,0,1,-1,0,0,0,good
myanimelist.net/people/5030/Tomoya_Nagase,41,0,0,1,0,0,0,0,3,0,0,0,41,0,0,1,-1,0,0,0,good
standupcomedyclinic.com/,24,0,0,1,0,0,0,0,1,0,0,0,24,0,0,1,-1,0,0,0,good
149.202.109.205/main.php,24,1,0,4,0,0,0,0,1,0,0,0,24,0,0,0,-1,0,0,0,bad
pinandwin.co.nz/fb34c3fe6ee2eeb5f0bd0076b9aa7d89,48,0,0,2,0,0,0,0,1,0,0,0,48,0,0,0,-1,0,0,0,bad
dels.nas.edu/global/besr/Uranium,32,0,0,2,0,0,0,0,3,0,0,0,32,0,0,0,-1,0,0,0,good
124.173.118.167:41235/wrt,25,1,0,3,0,0,0,0,1,0,0,0,25,0,0,0,-1,0,0,0,bad
torontosculpturegarden.com/archive.htm,38,0,0,2,0,0,0,0,1,0,0,0,38,0,0,1,-1,0,0,0,good
www.chipersoft.com/minerva/,27,0,0,2,0,0,0,0,2,0,0,0,27,0,0,1,-1,0,0,0,good
ticketreturn.com/prod2/team.asp?SponsorID=2461,46,0,0,2,0,0,0,0,2,0,0,0,31,14,2,1,-1,0,0,0,good
bathecista.com/8rjz1fr,22,0,0,1,0,0,0,0,1,0,0,0,22,0,0,1,-1,0,0,0,bad
montreal.about.com/od/neighborhoods/u/montreal_neighbourhoods.htm,65,0,0,3,0,0,0,0,4,0,0,0,65,0,0,1,-1,0,0,0,good
www.cars.gr/plugins/authentication/_/portal_bb/,47,0,0,2,0,0,0,0,5,0,0,0,47,0,0,0,-1,0,0,0,bad
conservapedia.com/Roman_Catholic_Church,39,0,0,1,0,0,0,0,1,0,0,0,39,0,0,1,-1,0,0,0,good
bonesscc.org.uk/index.php?option=com_content&view=article&id=109:february-2010-minutes&catid=36:minutes-of-meetings&Itemid=59,125,0,0,3,0,0,0,0,1,0,0,0,25,99,10,1,-1,0,0,0,good
cutlerlivestockauctions.blogspot.com/,37,0,0,2,0,0,0,0,1,0,0,0,37,0,0,1,-1,0,0,0,good
fr.okdatasheet.com/,19,0,0,2,0,0,0,0,1,0,0,0,19,0,0,1,-1,0,0,0,good
newportfinearts.com/,20,0,0,1,0,0,0,0,1,0,0,0,20,0,0,1,-1,0,0,0,good
eventful.com/lasvegas_nv/events/dropkick-murphys-stiff-little-fingers-aggrolite-/E0-001-037432128-7,99,0,0,1,0,0,0,0,4,0,0,0,99,0,0,1,-1,0,0,0,good
sstaswim.com/54JHbjgcDLG,24,0,0,1,0,0,0,0,1,0,0,0,24,0,0,1,-1,0,0,0,bad
www.paypal-verification.de/21896/index.php,42,0,0,3,0,0,0,0,2,0,0,0,42,0,0,0,-1,0,0,0,bad
www.billybear4kids.com/post/easter/wallpr.htm,45,0,0,3,0,0,0,0,3,0,0,0,45,0,0,1,-1,0,0,0,good
marybalogh.com/gbook-2003.html,30,0,0,2,0,0,0,0,1,0,0,0,30,0,0,1,-1,0,0,0,good
www.ausaf.pk/JHgy64HJBRd,24,0,0,2,0,0,0,0,1,0,0,0,24,0,0,0,-1,0,0,0,bad
thespec.com/print/article/627480,32,0,0,1,0,0,0,0,3,0,0,0,32,0,0,1,-1,0,0,0,good
facebook.com/group.php?gid=25484072581,38,0,0,2,0,0,0,0,1,0,0,0,22,15,2,1,-1,0,0,0,good
wn.com/Category:American_comedians,34,0,0,1,0,0,0,0,1,0,0,0,34,0,0,1,-1,0,0,0,good
mmgworldwide.biz/TechParkWorld/speakers.asp,43,0,0,2,0,0,0,0,2,0,0,0,43,0,0,0,-1,0,0,0,good
pastehtml.com/view/bawmtj2h8.html,33,0,0,2,0,0,0,0,2,0,0,0,33,0,0,1,-1,0,0,0,bad
filmdrunk.uproxx.com/tag/the-boat-that-rocked,45,0,0,2,0,0,0,0,2,0,0,0,45,0,0,1,-1,0,0,0,good
associationofindependentevangelicallutheranchurches.org/english/information/iassoc.html,87,0,0,2,0,0,0,0,3,0,0,0,87,0,0,1,-1,0,0,0,good
www.proximityhotel.com/history.htm,34,0,0,3,0,0,0,0,1,0,0,0,34,0,0,1,-1,0,0,0,good
124.173.120.182:6954/Linux2.6,29,1,0,4,0,0,0,0,1,0,0,0,29,0,0,0,-1,0,0,0,bad
feuchtwiesen-stoerche-bodensee.net/wp-content/themes/kihon/lib/font-awesome/css/genesis/,88,0,0,1,0,0,0,0,8,0,0,0,88,0,0,1,-1,0,0,0,bad
allin1it.com.au/resources/Zone1/login.php,41,0,0,3,0,0,0,0,3,0,0,1,41,0,0,1,-1,0,0,0,bad
store.vprecords.com/,20,0,0,2,0,0,0,0,1,0,0,0,20,0,0,1,-1,0,0,0,good
en.wikipedia.org/wiki/Flame_war,31,0,0,2,0,0,0,0,2,0,0,0,31,0,0,1,-1,0,0,0,good
biography.com/people/marc-lepine-235980,39,0,0,1,0,0,0,0,2,0,0,0,39,0,0,1,-1,0,0,0,good
gsa.gov/portal/content/104507,29,0,0,1,0,0,0,0,3,0,0,0,29,0,0,0,-1,0,0,0,good
anitakayhutchinson.blogspot.com/,32,0,0,2,0,0,0,0,1,0,0,0,32,0,0,1,-1,0,0,0,good
iment.com/maida/familytree/morris/descendantsanne.htm,53,0,0,2,0,0,0,0,4,0,0,0,53,0,0,1,-1,0,0,0,good
www.applegate.co.uk/engineering,31,0,0,3,0,0,0,0,1,0,0,0,31,0,0,0,-1,0,0,0,good
worldconnect.rootsweb.ancestry.com/cgi-bin/igm.cgi?op=REG&db=atwood&id=I1399,76,0,0,4,0,0,0,0,2,0,0,0,50,25,6,1,-1,0,0,0,good
en.wikipedia.org/wiki/Cameron_Dye,33,0,0,2,0,0,0,0,2,0,0,0,33,0,0,1,-1,0,0,0,good
docstoc.com/docs/75676577/SBS_mwbe_001,38,0,0,1,0,0,0,0,3,0,0,0,38,0,0,1,-1,0,0,0,good
www.cs.arizona.edu/patterns/weaving/books/pea_ctn1_2.pdf,56,0,0,4,0,0,0,0,4,0,0,0,56,0,0,0,-1,0,0,0,good
cafm.mn/french/wp-content/uploads/2012/09/french/webscr.htm?am&amp;amp;amp;amp;amp;amp;co_partnerId=2&amp;amp;amp;amp;amp;amp;pageType=&amp;amp;amp;amp;amp;amp;pUserId=&amp;amp;amp;amp;amp;amp;siteid=0&amp;cmd=SignIn,216,0,0,2,0,0,0,0,7,0,0,0,59,156,11,0,-1,0,0,0,bad
themontrealcanadians.com/guy_lapointe.htm,41,0,0,2,0,0,0,0,1,0,0,0,41,0,0,1,-1,0,0,0,good
ja-dabait.com/cli/.index.html?e=hc0446c9wbgmqebWF0dGhld242MTJAYW9sLmNvbQ==?=abuse@aol.com=unsubscribe,101,0,1,4,0,0,0,0,2,0,0,0,29,71,8,1,-1,0,0,0,bad
'jpvote.com/js/index.htm?ref=http\%3A\%2F\%2Fus.battle.net\%2Fd3\%2Fen\%2Findex',80,0,0,4,0,0,0,0,2,0,0,0,24,55,8,1,-1,0,0,0,bad
myspace.com/iondissonance/music,31,0,0,1,0,0,0,0,2,0,0,0,31,0,0,1,-1,0,0,0,good
youtube.com/watch?v=MUdGfW0dCb8,31,0,0,1,0,0,0,0,1,0,0,0,17,13,2,1,-1,0,0,0,good
web.tiscali.it/sharp/xstep-shell/,33,0,0,2,0,0,0,0,3,0,0,0,33,0,0,0,-1,0,0,0,good
proracks.ro/87nft3,18,0,0,1,0,0,0,0,1,0,0,0,18,0,0,0,-1,0,0,0,bad
local.yahoo.com/MI/Reed+City/Automotive/Tires,45,0,0,2,0,0,0,0,4,0,0,0,45,0,0,1,-1,0,0,0,good
purenrgonline.com/,18,0,0,1,0,0,0,0,1,0,0,0,18,0,0,1,-1,0,0,0,good
connect.in.com/edgar-bronfman-jr/profile-80885.html,51,0,0,3,0,0,0,0,2,0,0,0,51,0,0,1,-1,0,0,0,good
asiess.com/arturo-schuler/,26,0,0,1,0,0,0,0,2,0,0,0,26,0,0,1,-1,0,0,0,good
mxp1030.com,11,0,0,1,0,0,0,0,0,0,0,0,11,0,0,1,-1,0,0,0,bad
aol.is-a-player.com/,20,0,0,2,0,0,0,0,1,0,0,0,20,0,0,1,-1,0,0,0,bad
classic-motorbikes.com/racetype.asp?RaceType=Motorbikes+-+Grand+Prix,68,0,0,2,0,0,0,0,1,0,0,0,35,32,2,1,-1,0,0,0,good
en.wikipedia.org/wiki/Jimmy_Gardner,35,0,0,2,0,0,0,0,2,0,0,0,35,0,0,1,-1,0,0,0,good
sunflowlimited.com/,19,0,0,1,0,0,0,0,1,0,0,0,19,0,0,1,-1,0,0,0,good
whosdatedwho.com/tpx_571/corey-haim/,36,0,0,1,0,0,0,0,3,0,0,0,36,0,0,1,-1,0,0,0,good
committedindians.com/roster/2010-stanley-cup-finals-rosters/,60,0,0,1,0,0,0,0,3,0,0,0,60,0,0,1,-1,0,0,0,good
rufussewell.proboards.com/index.cgi?board=games&action=print&thread=558,71,0,0,3,0,0,0,0,1,0,0,0,35,35,6,1,-1,0,0,0,good
kjablog.com/?p=1951,19,0,0,1,0,0,0,0,1,0,0,0,12,6,2,1,-1,0,0,0,good
ca.ratemyteachers.com/st-marguerite-bourgeoys-catholic-school/57272-s,69,0,0,2,0,0,0,0,2,0,0,0,69,0,0,1,-1,0,0,0,good
associatedcontent.com/article/573799/ten_best_tokio_hotel_songs_german_rock.html,80,0,0,2,0,0,0,0,3,0,0,0,80,0,0,1,-1,0,0,0,good
directxex.com/uploads/2050276296.scan0001.exe,45,0,0,3,0,0,0,0,2,0,0,0,45,0,0,1,-1,0,0,0,bad
sharetv.org/shows/8_simple_rules,32,0,0,1,0,0,0,0,2,0,0,0,32,0,0,1,-1,0,0,0,good
docstoc.com/docs/3031666/STATE-OF-CALIFORNIA-Bill-Lockyer-Treasurer-OFFICE-OF-THE-TREASURER,91,0,0,1,0,0,0,0,3,0,0,0,91,0,0,1,-1,0,0,0,good
usafreserveband.af.mil/ensembles/BandBio.asp?BandBioID=942,58,0,0,3,0,0,0,0,2,0,0,0,44,13,2,0,-1,0,0,0,good
aspencube.com/,14,0,0,1,0,0,0,0,1,0,0,0,14,0,0,1,-1,0,0,0,good
facebook.com/Modo.Coop,22,0,0,2,0,0,0,0,1,0,0,0,22,0,0,1,-1,0,0,0,good
sciencedaily.com/releases/2010/05/100525090552.htm,50,0,0,2,0,0,0,0,4,0,0,0,50,0,0,1,-1,0,0,0,good
malucosporofertas.com.br/css/remax/,35,0,0,2,0,0,0,0,3,0,0,0,35,0,0,1,-1,0,0,0,bad
linkedin.com/pub/jeff-east/4/768/3,34,0,0,1,0,0,0,0,5,0,0,0,34,0,0,1,-1,0,0,0,good
www.jeld-wen.com/caradco/,25,0,0,2,0,0,0,0,2,0,0,0,25,0,0,1,-1,0,0,0,good
ibottle.com/db/dropbox2016/Home,31,0,0,1,0,0,0,0,3,0,0,0,31,0,0,1,-1,0,0,0,bad
lyricsmode.com/lyrics/l/lovehatehero/,37,0,0,1,0,0,0,0,4,0,0,0,37,0,0,1,-1,0,0,0,good
www.alatec.com/pwk/,19,0,0,2,0,0,0,0,2,0,0,0,19,0,0,1,-1,0,0,0,good
cm.bell-labs.com/cm/cs/who/dmr/hist.html,40,0,0,3,0,0,0,0,5,0,0,0,40,0,0,1,-1,0,0,0,good
planktoncomputer.com/1zw4x,26,0,0,1,0,0,0,0,1,0,0,0,26,0,0,1,-1,0,0,0,bad
ns2.phenocpa.top/,17,0,0,2,0,0,0,0,1,0,0,0,17,0,0,0,-1,0,0,0,bad
en.wikipedia.org/wiki/Home_Improvement_(TV_series),50,0,0,2,0,0,0,0,2,0,0,0,50,0,0,1,-1,0,0,0,good
gatorsfirst.com/index.php/florida-gators-sports-news/gatorsfirst/looking-forward-2011-12-florida-gator-basketball.html,118,0,0,3,0,0,0,0,4,0,0,0,118,0,0,1,-1,0,0,0,good
besdess.net/S7XIde/webscr_prim.php?YmVzZGVzcy5uZXQ=uhsdsusu5485757kUJHNN546221oPLKj988777AOP784MTM1MDg0ODgzOQ==,111,0,0,2,0,0,0,0,2,0,0,0,34,76,4,1,-1,0,0,0,bad
pipelinecommercial.emergis.com/,31,0,0,2,0,0,0,0,1,0,0,0,31,0,0,1,-1,0,0,0,good
rugbydump.com/2008/07/614/riaan-viljoens-62m-monster-penalty-for-griquas,72,0,0,1,0,0,0,0,4,0,0,0,72,0,0,1,-1,0,0,0,good
www.patman.org/wod/wod.asp,26,0,0,3,0,0,0,0,2,0,0,0,26,0,0,1,-1,0,0,0,good
seattle.gov/light/,18,0,0,1,0,0,0,0,2,0,0,0,18,0,0,0,-1,0,0,0,good
prudy.by/cc/webscr.php?amp;dispatch=5885d80a13c0db1f1ff80d546411d7f8a8350c132bc41e0934cfc023d4e8f9e56d6dc9e9cc5cea5f922ea575e0a636876d6dc9e9cc5cea5f922ea575e0a63687&cmd=_login-run,179,0,0,2,0,0,0,0,2,0,0,1,22,156,4,0,-1,0,0,0,bad
tnstatebank.com/,16,0,0,1,0,0,0,0,1,0,0,0,16,0,0,1,-1,0,0,0,good
contest.bodybuilding.com/bio/98312/,35,0,0,2,0,0,0,0,3,0,0,0,35,0,0,1,-1,0,0,0,good
famous-relationships.topsynergy.com/Suzanne_Cloutier/,53,0,0,2,0,0,0,0,2,0,0,0,53,0,0,1,-1,0,0,0,good
fedoraproject.org/wiki/Statistics,33,0,0,1,0,0,0,0,2,0,0,0,33,0,0,1,-1,0,0,0,good
en.wikipedia.org/wiki/Cory_Pecker,33,0,0,2,0,0,0,0,2,0,0,0,33,0,0,1,-1,0,0,0,good
nhl.com/ice/news.htm?id=563570,30,0,0,2,0,0,0,0,2,0,0,0,20,9,2,1,-1,0,0,0,good
corporationwiki.com/New-York/New-York/greenberg-harold-7349515.aspx,67,0,0,2,0,0,0,0,3,0,0,0,67,0,0,1,-1,0,0,0,good
robkelk.ottawa-anime.org/animayhem/ani-ccg.html,47,0,0,3,0,0,0,0,2,0,0,0,47,0,0,1,-1,0,0,0,good
lead411.com/company_EcoSMARTTechnologiesInc_Kennedy_68371.html,62,0,0,2,0,0,0,0,1,0,0,0,62,0,0,1,-1,0,0,0,good
socialistvoice.ca/?p=1153,25,0,0,1,0,0,0,0,1,0,0,0,18,6,2,0,-1,0,0,0,good
leftterbutbet.ru/gate.php,25,0,0,2,0,0,0,0,1,0,0,0,25,0,0,0,-1,0,0,0,bad
cduniverse.com/productinfo.asp?pid=8556839,42,0,0,2,0,0,0,0,1,0,0,0,30,11,2,1,-1,0,0,0,good
techfellow.com/disruptive-innovation/scott-banister,51,0,0,1,0,0,0,0,2,0,0,0,51,0,0,1,-1,0,0,0,good
video.oilers.nhl.com/videocenter/console?id=120332,50,0,0,3,0,0,0,0,2,0,0,0,40,9,2,1,-1,0,0,0,good
grab-videos.com/farce-of-the-penguins-watch-movie-online/,57,0,0,1,0,0,0,0,2,0,0,0,57,0,0,1,-1,0,0,0,good
www.sevkon.net/js/?us.battle.net/login/en/?ref=3D3D3D=,54,0,0,4,0,0,0,0,2,0,0,1,18,35,4,1,-1,0,0,0,bad
machenss.info/pCntrlch/webscr_prim.php?sdr01=Zi5ydWVlZ2VyQGJsdWV3aW4uY2gMessage-ID:,83,0,0,2,0,0,0,0,2,0,0,0,38,44,2,1,-1,0,0,0,bad
www.ces.ncsu.edu/forestry/pdf/WON/won26.pdf,43,0,0,4,0,0,0,0,4,0,0,0,43,0,0,0,-1,0,0,0,good
shanagrant.com/gallery9.html,28,0,0,2,0,0,0,0,1,0,0,0,28,0,0,1,-1,0,0,0,good
facebook.com/pages/Edward-L-Beach-Sr/104001006302775,52,0,0,1,0,0,0,0,3,0,0,0,52,0,0,1,-1,0,0,0,good
msdn.microsoft.com/en-us/magazine/cc301569.aspx,47,0,0,3,0,0,0,0,3,0,0,0,47,0,0,1,-1,0,0,0,good
imhed.xyz/VhwTGksGWgwbUURVT1YfD1UMVgBNHkEeT1VaXhZVA1FNVwlcHVVSUkRVB1dUVg1TBVBbGl4IAA,84,0,0,1,0,0,0,0,1,0,0,0,84,0,0,0,-1,0,0,0,bad
miaocaiwang.com/nab_online/internetupdateinfo/,46,0,0,1,0,0,0,0,3,0,0,1,46,0,0,1,-1,0,0,0,bad
content.usatoday.com/community/tags/topic.aspx?req=tag&pg=5&tag=Jermaine%20Dye,78,0,0,3,0,0,0,0,3,0,0,0,46,31,7,1,-1,0,0,0,good
megajulhoeletro206.com.br/produtos/41357196/Smartphone-Motorola-Moto-G4-PLUS-XT1640-Preto-Dual-ChipTela-55Camera-16MPFrontal-5MPOcta-Core32GB2GB-RAMAndroid-6Sensor-impressao-digital/,182,0,0,2,0,0,0,0,4,0,0,0,182,0,0,1,-1,0,0,0,bad
poooperfath.top/read.php?f=0.dat,32,0,0,3,0,0,0,0,1,0,0,0,24,7,2,0,-1,0,0,0,bad
manta.com/ic/mtq0t2g/ca/cimetiere-baron-de-hirsch-inc,53,0,0,1,0,0,0,0,4,0,0,0,53,0,0,1,-1,0,0,0,good
web.genie.it/utenti/m/med.int.co/,33,0,0,4,0,0,0,0,4,0,0,0,33,0,0,0,-1,0,0,0,good
www.atlantagospel.com/home.html,31,0,0,3,0,0,0,0,1,0,0,0,31,0,0,1,-1,0,0,0,good
babesaround.com/models/Bianca-Beauchamp.html,44,0,0,2,0,0,0,0,2,0,0,0,44,0,0,1,-1,0,0,0,good
woodsheep.jp/clu2c.html,23,0,0,2,0,0,0,0,1,0,0,0,23,0,0,0,-1,0,0,0,good
cruguru.com/collections/ra-torrey/how-to-pray-torrey/,53,0,0,1,0,0,0,0,4,0,0,0,53,0,0,1,-1,0,0,0,good
hradsovinec.cz/845yfgh?bbmukkxeir=jlbozkra,42,0,0,1,0,0,0,0,1,0,0,0,22,19,2,0,-1,0,0,0,bad
www.hfxpbk.com/~hailagra/signin/UserId=&amp;co_partnerId=2&amp;siteid=3&amp;pageType=-1&amp;pa1=&amp;i1=-1&amp;UsingSSL=1&amp;k=1&amp;bshowgif=0&amp;favoritenav.html,165,0,0,3,0,0,0,0,3,0,0,0,43,0,18,1,-1,0,0,0,bad
nativenetworks.si.edu/eng/purple/independent_fv_arch.htm,56,0,0,3,0,0,0,0,3,0,0,0,56,0,0,0,-1,0,0,0,good
citymelt.com/city/Illinois/Cullom+Village-IL.html,49,0,0,2,0,0,0,0,3,0,0,0,49,0,0,1,-1,0,0,0,good
nosorigines.org/genealogielistfirstname.aspx?ancestor=13&Family=Falardeau_470&lng=en,84,0,0,2,0,0,0,0,1,0,0,0,44,39,6,1,-1,0,0,0,good
laisou8.com/c4ecj8n,19,0,0,1,0,0,0,0,1,0,0,0,19,0,0,1,-1,0,0,0,bad
ca.linkedin.com/pub/jean-yves-gauthier/12/3BB/835,49,0,0,2,0,0,0,0,5,0,0,0,49,0,0,1,-1,0,0,0,good
www.invisus.com/products/desktop_firewall.html,46,0,0,3,0,0,0,0,2,0,0,0,46,0,0,1,-1,0,0,0,good
santandenet.hut4.ru/SMS_Santander/Clientes/Cadastro/Servico_SMS/Index/InternetBanking/default/CentralS4nt4and3r/Clientes/Pessoa_Fisica/index/PFISICA/,149,0,0,2,0,0,0,0,13,0,0,1,149,0,0,0,-1,0,0,0,bad
cardboardgods.net/2009/04/27/vada-pinson/,41,0,0,1,0,0,0,0,5,0,0,0,41,0,0,1,-1,0,0,0,good
linkedin.com/directory/people/frenette-3.html,45,0,0,2,0,0,0,0,3,0,0,0,45,0,0,1,-1,0,0,0,good
chfs.ky.gov/,12,0,0,2,0,0,0,0,1,0,0,0,12,0,0,0,-1,0,0,0,good
www.eucalyptus.com.br/index_eng.html,36,0,0,4,0,0,0,0,1,0,0,0,36,0,0,1,-1,0,0,0,good
calgaryherald.com/topics/topic_browse.html?startswith=M,55,0,0,2,0,0,0,0,2,0,0,0,42,12,2,1,-1,0,0,0,good
en.wikipedia.org/wiki/Joe_Bravo,31,0,0,2,0,0,0,0,2,0,0,0,31,0,0,1,-1,0,0,0,good
en.wikipedia.org/wiki/Recruitment,33,0,0,2,0,0,0,0,2,0,0,0,33,0,0,1,-1,0,0,0,good
thekingswebhosting.com/includes/char/www.paypal.com/fr/,55,0,0,3,0,0,0,0,5,0,0,0,55,0,0,1,-1,0,0,0,bad
chacha.com/question/what-comcast-channel-are-the-dove-awards-on,63,0,0,1,0,0,0,0,2,0,0,0,63,0,0,1,-1,0,0,0,good
en.wikipedia.org/wiki/Czech_Republic_national_football_team,59,0,0,2,0,0,0,0,2,0,0,0,59,0,0,1,-1,0,0,0,good
theborgias.wetpaint.com/page/Francois+Arnaud,44,0,0,2,0,0,0,0,2,0,0,0,44,0,0,1,-1,0,0,0,good
esquire.com/features/sports/logan-morrison-twitter-1011,55,0,0,1,0,0,0,0,3,0,0,0,55,0,0,1,-1,0,0,0,good
nwalreadingaides.org/About/,27,0,0,1,0,0,0,0,2,0,0,0,27,0,0,1,-1,0,0,0,bad
njlaws.com/monmouth___long_branch.html,38,0,0,2,0,0,0,0,1,0,0,0,38,0,0,1,-1,0,0,0,good
www.vaxanet.com/snwlr/index3.html,33,0,0,3,0,0,0,0,2,0,0,0,33,0,0,1,-1,0,0,0,bad
legacy.com/obituaries/themonitor/obituary.aspx?n=alfredo-longoria-fred&pid=125423615&fhid=8133,94,0,0,2,0,0,0,0,3,0,0,0,46,47,6,1,-1,0,0,0,good
tools.ietf.org/html/rfc2359,27,0,0,2,0,0,0,0,2,0,0,0,27,0,0,1,-1,0,0,0,good
206.190.152.141:17610,21,1,0,3,0,0,0,0,0,0,0,0,21,0,0,0,-1,0,0,0,bad
nytimes.com/1865/05/04/news/assassins-important-proclamation-president-johnson-mr-lincoln-s-murder-planned.html,111,0,0,2,0,0,0,0,5,0,0,0,111,0,0,1,-1,0,0,0,good
200-98-201-86.clouduol.com.br/publicbb/isso.html,48,0,0,4,0,0,0,0,2,0,0,0,48,0,0,1,-1,0,0,0,bad
facebook.com/pietroantonio.rizzuto,34,0,0,2,0,0,0,0,1,0,0,0,34,0,0,1,-1,0,0,0,good
catalogue.nla.gov.au/Record/2637877,35,0,0,3,0,0,0,0,2,0,0,0,35,0,0,0,-1,0,0,0,good
lyricsmode.com/lyrics/w/wendy_matthews/,39,0,0,1,0,0,0,0,4,0,0,0,39,0,0,1,-1,0,0,0,good
answers.yahoo.com/question/index?qid=20111106174341AAuXMdC,58,0,0,2,0,0,0,0,2,0,0,0,32,25,2,1,-1,0,0,0,good
music.yahoo.com/testify/,24,0,0,2,0,0,0,0,2,0,0,0,24,0,0,1,-1,0,0,0,good
tools.ietf.org/html/rfc942,26,0,0,2,0,0,0,0,2,0,0,0,26,0,0,1,-1,0,0,0,good
city-data.com/city/Henrietta-Texas.html,39,0,0,2,0,0,0,0,2,0,0,0,39,0,0,1,-1,0,0,0,good
hockeydb.com/ihdb/stats/pdisplay.php?pid=97672,46,0,0,2,0,0,0,0,3,0,0,0,36,9,2,1,-1,0,0,0,good
ticketluck.com/concert-tickets/Yefim-Bronfman/index.php,55,0,0,2,0,0,0,0,3,0,0,0,55,0,0,1,-1,0,0,0,good
montrealmirror.com/2006/051106/bom06_3.html,43,0,0,2,0,0,0,0,3,0,0,0,43,0,0,1,-1,0,0,0,good
hemophilia.org/NHFWeb/MainPgs/MainNHF.aspx?menuid=255&contentid=132&rptname=news,80,0,0,2,0,0,0,0,3,0,0,0,42,37,6,1,-1,0,0,0,good
pastimefoods.com/aXchR.php,26,0,0,2,0,0,0,0,1,0,0,0,26,0,0,1,-1,0,0,0,bad
en.wikipedia.org/wiki/Air_India,31,0,0,2,0,0,0,0,2,0,0,0,31,0,0,1,-1,0,0,0,good
family.webshots.com/album/559572980BXdoeM,41,0,0,2,0,0,0,0,2,0,0,0,41,0,0,1,-1,0,0,0,good
openmoko.com/,13,0,0,1,0,0,0,0,1,0,0,0,13,0,0,1,-1,0,0,0,good
wix.com/shojpn/arashi,21,0,0,1,0,0,0,0,2,0,0,0,21,0,0,1,-1,0,0,0,good
icanflybitchd.site88.net/DiamondFox/,36,0,0,2,0,0,0,0,2,0,0,0,36,0,0,1,-1,0,0,0,bad
montrealkiosk.com/Momesso-Montreal-Restaurant.php,49,0,0,2,0,0,0,0,1,0,0,0,49,0,0,1,-1,0,0,0,good
infoplease.com/year/1966.html,29,0,0,2,0,0,0,0,2,0,0,0,29,0,0,1,-1,0,0,0,good
varsitysportswest.com/sections/boys-basketball/,47,0,0,1,0,0,0,0,3,0,0,0,47,0,0,1,-1,0,0,0,good
ipernity.com/home/jacques_falardeau,35,0,0,1,0,0,0,0,2,0,0,0,35,0,0,1,-1,0,0,0,good
svilupporurale.uncemtoscana.it/media/paypal.com/webscr/m/e/q/p/z/x/j/id=102035/index.html,89,0,0,4,0,0,0,0,12,0,0,0,89,0,1,1,-1,0,0,0,bad
www.tcm.phy.cam.ac.uk/castep/,29,0,0,5,0,0,0,0,2,0,0,0,29,0,0,0,-1,0,0,0,good
frutiboni.com/libraries/abf/?https://www.secure.paypal.co.uk/cgi-bin/webscr?cmd=_view-a-trans&amp;id=,101,0,0,5,0,0,0,0,3,1,0,1,28,72,5,1,-1,0,0,0,bad
pangandchiu.com/,16,0,0,1,0,0,0,0,1,0,0,0,16,0,0,1,-1,0,0,0,good
www.ocf.berkeley.edu/~wwu/cgi-bin/yabb/YaBB.cgi?board=riddles_hard,66,0,0,4,0,0,0,0,4,0,0,0,47,18,2,0,-1,0,0,0,good
ourorigins.org/genealogielistfirstname.aspx?ancestor=11&Family=St-Denis_1167&lng=en,83,0,0,2,0,0,0,0,1,0,0,0,43,39,6,1,-1,0,0,0,good
vinacas.com.vn/images/system/apps/infomaps/cgi/servicedesk/index.php,68,0,0,3,0,0,0,0,7,0,0,0,68,0,0,1,-1,0,0,0,bad
down.microsoftsup.com/down/2.exe,32,0,0,3,0,0,0,0,2,0,0,0,32,0,0,1,-1,0,0,0,bad
46.161.1.172/module/f5ca6c61cb14238d8434d94a6384a0e3,52,1,0,3,0,0,0,0,2,0,0,0,52,0,0,0,-1,0,0,0,bad
mainstreetdance.ca/,19,0,0,1,0,0,0,0,1,0,0,0,19,0,0,0,-1,0,0,0,good
wn.com/TV5_Qu%C3%A9bec_Canada,29,0,0,1,0,0,0,0,1,0,0,0,29,0,2,1,-1,0,0,0,good
rekrims.com/PLO5XIde/webscr_prim.php?cmVrcmltcy5jb20=uhsdsusu5485757kUJHNN546221oPLKj988777AOP784MTM1MjM5ODMxMA,111,0,0,2,0,0,0,0,2,0,0,0,36,74,2,1,-1,0,0,0,bad
hockeygoon.com/donnelly.html,28,0,0,2,0,0,0,0,1,0,0,0,28,0,0,1,-1,0,0,0,good
fellinio.cf/UV5bUh5eX1VQS1NPBEtRUg5fXlleWExQUUsCB0wFBxkGBFYdBgMES1MHBAEGBVcLBA5LAB5LRHtDZChnSwY,95,0,0,1,0,0,0,0,1,0,0,0,95,0,0,0,-1,0,0,0,bad
iaprog.nl/j6esyhhxjw,20,0,0,1,0,0,0,0,1,0,0,0,20,0,0,0,-1,0,0,0,bad
londonswifitdelivery.net/en/connections/eku/cp.php?letter=login,63,0,0,2,0,0,0,0,4,0,0,1,50,12,2,1,-1,0,0,0,bad
bharatwaves.com/tags/Lokesh-marriage/,37,0,0,1,0,0,0,0,3,0,0,0,37,0,0,1,-1,0,0,0,good
dgager.com/data/feeder/,23,0,0,1,0,0,0,0,3,0,0,0,23,0,0,1,-1,0,0,0,bad
islandregister.com/creed.html,29,0,0,2,0,0,0,0,1,0,0,0,29,0,0,1,-1,0,0,0,good
maryvillecityschools.k12.tn.us/education/components/whatsnew/default.php?sectiondetailid=8914&showDetails=show,110,0,0,4,0,0,0,0,4,0,0,0,72,37,4,0,-1,0,0,0,good
gordygong.com/wp-admin/maint/e4sy/submit.php,44,0,0,2,0,0,0,0,4,0,0,0,44,0,0,1,-1,0,0,0,bad
watertoninfo.com/mapab.html,27,0,0,2,0,0,0,0,1,0,0,0,27,0,0,1,-1,0,0,0,good
insaneproject.com/2011/11/kimbra-cameo-lover-sam-sparro-golden.html,67,0,0,2,0,0,0,0,3,0,0,0,67,0,0,1,-1,0,0,0,good
websvn.kde.org/*checkout*/branches/KDE/3.5/kdelibs/KDE3PORTING.html,67,0,0,4,0,0,0,0,6,0,0,0,67,0,0,1,-1,0,0,0,good
yourbittorrent.com/?q=being-john-malkovich-ost,46,0,0,1,0,0,0,0,1,0,0,0,19,26,2,1,-1,0,0,0,good
dlg.galileo.usg.edu/douglass/,29,0,0,3,0,0,0,0,2,0,0,0,29,0,0,0,-1,0,0,0,good
7oqnsnzwwnm6zb7y.payoptionserver.com/img/rt.png,47,0,0,3,0,0,0,0,2,0,0,0,47,0,0,1,-1,0,0,0,bad
meigray.com/edealinv/servlet/ExecMacro?nurl=control/StoreDirectory.vm&ctl_nbr=2381&catLevel=1&catParentID=4376&scId=4376&oldParentID=4208,137,0,0,2,0,0,0,0,3,0,0,0,38,98,12,1,-1,0,0,0,good
facebook.com/glaraque,21,0,0,1,0,0,0,0,1,0,0,0,21,0,0,1,-1,0,0,0,good
bsgmall.com/9589347445/64853648980/,35,0,0,1,0,0,0,0,3,0,0,0,35,0,0,1,-1,0,0,0,bad
www.partsdome.com/wheelsauto,28,0,0,2,0,0,0,0,1,0,0,0,28,0,0,1,-1,0,0,0,good
www.angelfire.com/mi3/VBgaming/index.html,41,0,0,3,0,0,0,0,3,0,0,0,41,0,0,1,-1,0,0,0,good
tools.ietf.org/html/rfc2669,27,0,0,2,0,0,0,0,2,0,0,0,27,0,0,1,-1,0,0,0,good
sriyaan.com/drive/documents.php,31,0,0,2,0,0,0,0,2,0,0,0,31,0,0,1,-1,0,0,0,bad
fullmeasure.co.uk/PowerTalk/,28,0,0,2,0,0,0,0,2,0,0,0,28,0,0,0,-1,0,0,0,good
sampsonsecurity.com/canton/Aol-Login/Aol-Login/aol.login.htm,60,0,0,3,0,0,0,0,4,0,0,1,60,0,0,1,-1,0,0,0,bad
mylife.com/c-177914784,22,0,0,1,0,0,0,0,1,0,0,0,22,0,0,1,-1,0,0,0,good
flashgordon.homestead.com/files/universalfilms.html,51,0,0,3,0,0,0,0,2,0,0,0,51,0,0,1,-1,0,0,0,good
gamasutra.com/view/news/28816/Petroglyph_True_Games_Put_Legal_Issues_Aside_To_Release_Mytheon.php,97,0,0,2,0,0,0,0,4,0,0,0,97,0,0,1,-1,0,0,0,good
today-in-the-history.blogspot.com/,34,0,0,2,0,0,0,0,1,0,0,0,34,0,0,1,-1,0,0,0,good
yellowpages.com/oakland-ca/law-offices-of-robert-e-wood,55,0,0,1,0,0,0,0,2,0,0,0,55,0,0,1,-1,0,0,0,good
bookfinder.com/dir/i/Folksingers_Wordbook/0825601401/,53,0,0,1,0,0,0,0,5,0,0,0,53,0,0,1,-1,0,0,0,good
woodfieldproperties.com/,24,0,0,1,0,0,0,0,1,0,0,0,24,0,0,1,-1,0,0,0,good
hollywood.com/celebrity/194919/Steve_Kanaly,43,0,0,1,0,0,0,0,3,0,0,0,43,0,0,1,-1,0,0,0,good
nfb.ca/film/action_the_october_crisis_of_1970/,46,0,0,1,0,0,0,0,3,0,0,0,46,0,0,0,-1,0,0,0,good
pegasusnews.com/news/2011/sep/29/kent-tracy-rathbun-art-party-march-of-dimes/,77,0,0,1,0,0,0,0,6,0,0,0,77,0,0,1,-1,0,0,0,good
talk-sports.net/nhl/fan.aspx/Martin_Brodeur,43,0,0,2,0,0,0,0,3,0,0,0,43,0,0,1,-1,0,0,0,good
connects.catalyst.harvard.edu/profiles/profile/person/58636,59,0,0,3,0,0,0,0,4,0,0,0,59,0,0,0,-1,0,0,0,good
fleef.com/Wait.php,18,0,0,2,0,0,0,0,1,0,0,0,18,0,0,1,-1,0,0,0,bad
companydatabase.org/c/post-offices/post-office-services/office-products/financial-services/banking-banking/credit-union/financial-institution/board-directors/direct-deposit/st-charles-credit-union.html,201,0,0,2,0,0,0,0,11,0,0,1,201,0,0,1,-1,0,0,0,good
wn.com/Hat_Yai_FC,17,0,0,1,0,0,0,0,1,0,0,0,17,0,0,1,-1,0,0,0,good
wn.com/William_LeBaron_Jenney,29,0,0,1,0,0,0,0,1,0,0,0,29,0,0,1,-1,0,0,0,good
youtube.com/watch?v=sZ44qgq7L9s,31,0,0,1,0,0,0,0,1,0,0,0,17,13,2,1,-1,0,0,0,good
pastebin.com/9mSL4xgX,21,0,0,1,0,0,0,0,1,0,0,0,21,0,0,1,-1,0,0,0,bad
japanpublic.com/,16,0,0,1,0,0,0,0,1,0,0,0,16,0,0,1,-1,0,0,0,good
linkedin.com/pub/larry-seidel/11/644/73a,40,0,0,1,0,0,0,0,5,0,0,0,40,0,0,1,-1,0,0,0,good
wizard6934.multiply.com/journal?&=&page_start=240,49,0,0,2,0,0,0,0,1,0,0,0,31,17,5,1,-1,0,0,0,good
tharts.net/images/?us.battle.net/login/en/?ref=us.battle.net/d3/en/index&amp;app=com-d3,87,0,0,5,0,0,0,0,2,0,0,1,18,68,5,1,-1,0,0,0,bad
freebase.com/view/en/trans_world_airlines,41,0,0,1,0,0,0,0,3,0,0,0,41,0,0,1,-1,0,0,0,good
www.elongsoft.com/viewhistory/viewhistory.htm,45,0,0,3,0,0,0,0,2,0,0,0,45,0,0,1,-1,0,0,0,good
lawyers.justia.com/lawyers/people/Z0211.html,44,0,0,3,0,0,0,0,3,0,0,0,44,0,0,1,-1,0,0,0,good
poetryfoundation.org/poem/177175,32,0,0,1,0,0,0,0,2,0,0,0,32,0,0,1,-1,0,0,0,good
armco-inspections.com/7fg3g,27,0,0,1,0,0,0,0,1,0,0,0,27,0,0,1,-1,0,0,0,bad
facebook.com/RaphaelWarnock,27,0,0,1,0,0,0,0,1,0,0,0,27,0,0,1,-1,0,0,0,good
lawyers.justia.com/lawyer/joe-william-mcdoulett-969137,54,0,0,2,0,0,0,0,2,0,0,0,54,0,0,1,-1,0,0,0,good
imdb.com/name/nm0272857/,24,0,0,1,0,0,0,0,3,0,0,0,24,0,0,1,-1,0,0,0,good
crimenewsinfo.blogspot.com/2008/01/edmund-kemper-interview.html,63,0,0,3,0,0,0,0,3,0,0,0,63,0,0,1,-1,0,0,0,good
fanpix.net/gallery/corey-haim-pictures.htm,42,0,0,2,0,0,0,0,2,0,0,0,42,0,0,1,-1,0,0,0,good
queryforworld.com/ldl01/viewtopic.php,37,0,0,2,0,0,0,0,2,0,0,0,37,0,0,1,-1,0,0,0,bad
'9d345009-a-62cb3a1a-s-sites.googlegroups.com/site/stickamcomlogindo/login.html?attachauth=ANoY7cp3svPwqf9jBQ7SJTcauY5I9mukW2bjXLT1DtY4K3UpiVuwxDc-3VwB0P3QU9X-nuRwCtxJwzVgOWtWIeFkSwmzDFAf8tUbvXud5s0Paz8ud0RzwKaLRqzu0hf3a7LDOTkSPu5zinB9uIFWa-RG_Ox-Pt3L0nRim6dahbwuU7nM8ztU1tS4ybBbvYOoWJ0GBHSu-nrYRYZrfr_AmYkCZWmDqG3PFA\%3D\%3D&amp;amp;attredirects=1',349,0,0,3,0,0,0,0,3,0,0,1,79,269,6,1,-1,0,0,0,bad
stpaulwheaton.org/,18,0,0,1,0,0,0,0,1,0,0,0,18,0,0,1,-1,0,0,0,good
prevalhaiti.com/messages.php/22327,34,0,0,2,0,0,0,0,2,0,0,0,34,0,0,1,-1,0,0,0,good
150.129.49.11/Ares13.zip,24,1,0,4,0,0,0,0,1,0,0,0,24,0,0,0,-1,0,0,0,bad
rlljrqo.biz/data/info.php,25,0,0,2,0,0,0,0,2,0,0,0,25,0,0,0,-1,0,0,0,bad
genemueller.blogspot.com/,25,0,0,2,0,0,0,0,1,0,0,0,25,0,0,1,-1,0,0,0,good
freebase.com/view/en/joanne_vannicola,37,0,0,1,0,0,0,0,3,0,0,0,37,0,0,1,-1,0,0,0,good
www.system-gaz.fr/wp-includes/pomo/index.php,44,0,0,3,0,0,0,0,3,0,0,0,44,0,0,0,-1,0,0,0,bad
en.wikipedia.org/wiki/Java_(programming_language),49,0,0,2,0,0,0,0,2,0,0,0,49,0,0,1,-1,0,0,0,good
genforum.genealogy.com/porterfield/all.html,43,0,0,3,0,0,0,0,2,0,0,0,43,0,0,1,-1,0,0,0,good
manta.com/c/mmn97c9/richard-r-sevigny-and-associates,52,0,0,1,0,0,0,0,3,0,0,0,52,0,0,1,-1,0,0,0,good
www.jinxiuyuanlin.com/js?us.battle.net/login/en/?ref=us.battle.net/d3/en/index&amp;,83,0,0,6,0,0,0,0,1,0,0,1,24,58,4,1,-1,0,0,0,bad
arm.tv/786585d/08g7g6r56r.exe,29,0,0,2,0,0,0,0,2,0,0,0,29,0,0,0,-1,0,0,0,bad
sourceforge.net/projects/mime-dir-j/,36,0,0,1,0,0,0,0,3,0,0,0,36,0,0,1,-1,0,0,0,good
jsc.nasa.gov/Bios/htmlbios/richards.html,40,0,0,3,0,0,0,0,3,0,0,0,40,0,0,0,-1,0,0,0,good
pages.interlog.com/~tcharron/Palm8M/DIY.html,44,0,0,3,0,0,0,0,3,0,0,0,44,0,0,1,-1,0,0,0,good
arielrebelnude.org/,19,0,0,1,0,0,0,0,1,0,0,0,19,0,0,1,-1,0,0,0,good
www862.paypal.co.uk.48477.ssl-240.mx/js/webapps/uk/mpp/?cmnd=_lg&nav=_A33E920A1B259919F3EE,90,0,0,6,0,0,0,0,5,0,0,0,55,34,4,0,-1,0,0,0,bad
'djdj4.com/Js/?us.battle.net/login/en/?ref=http\%3A\%2F\%2Fus.battle.net\%2Fd3\%2Fen\%2Findex&amp;app=com-d3',109,0,0,5,0,0,0,0,2,0,0,1,14,94,11,1,-1,0,0,0,bad
red.defyyoga.com/?zniKfrGZJB_NC4M=l3SKfPrfJxzFGMSUb-nJDa9BNUXCRQLPh4SGhKrXCJ-ofSih17OIFxzsmTu2KTKvgJQyfu0SaGyj1BKeO10hjoUeWF8Z5e3x1RSL2x3fipSA9wfZZlkX-puSF7Jq2VnwnOQUd890kR-FvDABn7lOUA4RsxgY0Q,192,0,0,2,0,0,0,0,1,0,0,0,17,174,2,1,-1,0,0,0,bad
pastehtml.com/view/bdg708ty2.html,33,0,0,2,0,0,0,0,2,0,0,0,33,0,0,1,-1,0,0,0,bad
en.wikipedia.org/wiki/Category:1996_films,41,0,0,2,0,0,0,0,2,0,0,0,41,0,0,1,-1,0,0,0,good
tools.ietf.org/html/rfc3236,27,0,0,2,0,0,0,0,2,0,0,0,27,0,0,1,-1,0,0,0,good
chatswoodapplianceservices.com.au/about-us.html,47,0,0,3,0,0,0,0,1,0,0,0,47,0,0,1,-1,0,0,0,good
lesfillesduroi.org/genealogy/arthur_bertrand.php,48,0,0,2,0,0,0,0,2,0,0,0,48,0,0,1,-1,0,0,0,good
usatoday.com/sports/college/mensbasketball/big12/texasam.htm,60,0,0,2,0,0,0,0,5,0,0,0,60,0,0,1,-1,0,0,0,good
pastehtml.com/view/be3lkandt.html,33,0,0,2,0,0,0,0,2,0,0,0,33,0,0,1,-1,0,0,0,bad
lyrics.christiansunite.com/,27,0,0,2,0,0,0,0,1,0,0,0,27,0,0,1,-1,0,0,0,good
www.gemusehaken.org/ipwl/irp-inferno.pdf,40,0,0,3,0,0,0,0,2,0,0,0,40,0,0,1,-1,0,0,0,good
mediafiremp3.com/r.+kelly+double+up+album-mediafire,51,0,0,2,0,0,0,0,1,0,0,0,51,0,0,1,-1,0,0,0,good
www.maismilhastam.com/,22,0,0,2,0,0,0,0,1,0,0,0,22,0,0,1,-1,0,0,0,bad
sanhouse.com.br/nbd/Logginn-DNB.html,36,0,0,3,0,0,0,0,2,0,0,0,36,0,0,1,-1,0,0,0,bad
arkhilario.com/2011/07/16/wwe-money-in-the-bank-2011-results/,61,0,0,1,0,0,0,0,5,0,0,0,61,0,0,1,-1,0,0,0,good
frankradio.com.ar/,18,0,0,2,0,0,0,0,1,0,0,0,18,0,0,1,-1,0,0,0,good
bsubeavers.com/news/default/87/2342/,36,0,0,1,0,0,0,0,5,0,0,0,36,0,0,1,-1,0,0,0,good
allposters.co.uk/-st/Godefroy-Durand-Posters_c87338_.htm,56,0,0,3,0,0,0,0,2,0,0,0,56,0,0,0,-1,0,0,0,good
audiocomalbany.com.au/web-based/,32,0,0,2,0,0,0,0,2,0,0,0,32,0,0,1,-1,0,0,0,bad
en.wikipedia.org/wiki/Judgement_Day_(band),42,0,0,2,0,0,0,0,2,0,0,0,42,0,0,1,-1,0,0,0,good
imtl.org/montreal/building/Village-Olympique-1.php,50,0,0,2,0,0,0,0,3,0,0,0,50,0,0,1,-1,0,0,0,good
babesandstars.com/j/jessica-bangkok/,36,0,0,1,0,0,0,0,3,0,0,0,36,0,0,1,-1,0,0,0,good
landsofmissouri.com/county/detail/?id=5026,42,0,0,1,0,0,0,0,3,0,0,0,34,7,2,1,-1,0,0,0,good
doollee.com/PlaywrightsT/toney-david-emerson.html,49,0,0,2,0,0,0,0,2,0,0,0,49,0,0,1,-1,0,0,0,good
imdb.com/title/tt0338139/,25,0,0,1,0,0,0,0,3,0,0,0,25,0,0,1,-1,0,0,0,good
soundcloud.com/cfcf,19,0,0,1,0,0,0,0,1,0,0,0,19,0,0,1,-1,0,0,0,good
freshmeat.net/projects/thp/,27,0,0,1,0,0,0,0,3,0,0,0,27,0,0,1,-1,0,0,0,good
"'bfcst.org.uk/wp-content/uploads/.,/eb.htm'",43,0,0,4,0,0,0,0,4,0,0,0,43,0,0,1,-1,0,0,0,bad
everything.explained.at/contents/list_MAR.htm,45,0,0,3,0,0,0,0,2,0,0,0,45,0,0,0,-1,0,0,0,good
concerthotels.com/venue/toronto-island-airport/331929,53,0,0,1,0,0,0,0,3,0,0,0,53,0,0,1,-1,0,0,0,good
suprapakapps.com/feedbackk/express.html,39,0,0,2,0,0,0,0,2,0,0,0,39,0,0,1,-1,0,0,0,bad
www.nyse.com/about/listed/funds.html,36,0,0,3,0,0,0,0,3,0,0,0,36,0,0,1,-1,0,0,0,good
linkedin.com/pub/srebrenka-robic/1/a09/b6b,42,0,0,1,0,0,0,0,5,0,0,0,42,0,0,1,-1,0,0,0,good
88.208.22.210/30.su3,20,1,0,4,0,0,0,0,1,0,0,0,20,0,0,0,-1,0,0,0,bad
attdavie.com/,13,0,0,1,0,0,0,0,1,0,0,0,13,0,0,1,-1,0,0,0,good
jennifergrantphoto.com/,23,0,0,1,0,0,0,0,1,0,0,0,23,0,0,1,-1,0,0,0,good
facebook.com/people/Pietro-Leoni/1482621875,43,0,0,1,0,0,0,0,3,0,0,0,43,0,0,1,-1,0,0,0,good
twitpic.com/76e0sc,18,0,0,1,0,0,0,0,1,0,0,0,18,0,0,1,-1,0,0,0,good
vanillacherryice.wordpress.com/tag/sakurai-sho/page/8/,54,0,0,2,0,0,0,0,5,0,0,0,54,0,0,1,-1,0,0,0,good
blog.rosettastone.com/2010/06/07/top-sieben-german-language-films/,66,0,0,2,0,0,0,0,5,0,0,0,66,0,0,1,-1,0,0,0,good
192.com/atoz/people/cornforth/mark/,35,0,0,1,0,0,0,0,5,0,0,0,35,0,0,1,-1,0,0,0,good
us.battle.net.ok.iiweb.asia/,28,0,0,5,0,0,0,0,1,0,0,0,28,0,0,1,-1,0,0,0,bad
rainbowfarm.net/img/i.gif,25,0,0,2,0,0,0,0,2,0,0,0,25,0,0,1,-1,0,0,0,bad
imdb.com/name/nm2683122/,24,0,0,1,0,0,0,0,3,0,0,0,24,0,0,1,-1,0,0,0,good
linkedin.com/pub/gus-gerard/22/36B/8B8/,39,0,0,1,0,0,0,0,6,0,0,0,39,0,0,1,-1,0,0,0,good
hullnumber.com/AKA-89,21,0,0,1,0,0,0,0,1,0,0,0,21,0,0,1,-1,0,0,0,good
liyantang2008.com/487ygfh?bzohfqyr=bzohfqyr,43,0,0,1,0,0,0,0,1,0,0,0,25,17,2,1,-1,0,0,0,bad
91.239.24.40:6892,17,1,0,3,0,0,0,0,0,0,0,0,17,0,0,0,-1,0,0,0,bad
wn.com/Southern_States_Wrestling,32,0,0,1,0,0,0,0,1,0,0,0,32,0,0,1,-1,0,0,0,good
plus.google.com/108176814619778619437,37,0,0,2,0,0,0,0,1,0,0,0,37,0,0,1,-1,0,0,0,good
en.wikipedia.org/wiki/John_Gabler,33,0,0,2,0,0,0,0,2,0,0,0,33,0,0,1,-1,0,0,0,good
fatwreck.com/record/detail/741,30,0,0,1,0,0,0,0,3,0,0,0,30,0,0,1,-1,0,0,0,good
en.wikipedia.org/wiki/Ferland,29,0,0,2,0,0,0,0,2,0,0,0,29,0,0,1,-1,0,0,0,good
ficgs.com/laurence-leboeuf-nue-megaupload.html,46,0,0,2,0,0,0,0,1,0,0,0,46,0,0,1,-1,0,0,0,good
linkedin.com/directory/people/nicholls.html,43,0,0,2,0,0,0,0,3,0,0,0,43,0,0,1,-1,0,0,0,good
webopedia.com/Data/Data_Formats/,32,0,0,1,0,0,0,0,3,0,0,0,32,0,0,1,-1,0,0,0,good
renovationkingdom.com/downloader/mo/dpbx,40,0,0,1,0,0,0,0,3,0,0,0,40,0,0,1,-1,0,0,0,bad
www.taxspecialistgroup.ca/public/index.asp?site=cadesky,55,0,0,3,0,0,0,0,2,0,0,0,42,12,2,0,-1,0,0,0,good
thebeautyword.com/i/paypol-renew.com.login.54s5d48960qq14a2a1s0d5d8a12s0d5a8g6h0/log/secure-code227/security/,109,0,0,4,0,0,0,0,6,0,0,1,109,0,0,1,-1,0,0,0,bad
picktorrent.com/torrents/d4/neros-day-at-disneyland/,52,0,0,1,0,0,0,0,4,0,0,0,52,0,0,1,-1,0,0,0,good
collectionscanada.gc.ca/livres-d-artistes/026001-2090-e.html,60,0,0,3,0,0,0,0,2,0,0,0,60,0,0,0,-1,0,0,0,good
broadstreetreview.com/index.php/main/article/,45,0,0,2,0,0,0,0,4,0,0,0,45,0,0,1,-1,0,0,0,good
airtravel.about.com/od/childrenandairtravel/tp/UnaccompaniedMinors.htm,70,0,0,3,0,0,0,0,4,0,0,0,70,0,0,1,-1,0,0,0,good
www.gyfootwear.co.uk/wholesale.htm,34,0,0,4,0,0,0,0,1,0,0,0,34,0,0,0,-1,0,0,0,good
ovguide.com/tv_season/alias-season-2-75930,42,0,0,1,0,0,0,0,2,0,0,0,42,0,0,1,-1,0,0,0,good
tickets--tickets.com/event/7775/Concordia-Stingers-Mens-Basketball.html,71,0,0,2,0,0,0,0,3,0,0,0,71,0,0,1,-1,0,0,0,good
missouri.com/state_cities.html,30,0,0,2,0,0,0,0,1,0,0,0,30,0,0,1,-1,0,0,0,good
filmbug.com/db/3021,19,0,0,1,0,0,0,0,2,0,0,0,19,0,0,1,-1,0,0,0,good
elyrics.net/read/g/gwen-stefani-lyrics/rich-girl-lyrics.html,60,0,0,2,0,0,0,0,4,0,0,0,60,0,0,1,-1,0,0,0,good
encyclopediaofarkansas.net/encyclopedia/entry-detail.aspx?entryID=4022,70,0,0,2,0,0,0,0,2,0,0,0,57,12,2,1,-1,0,0,0,good
archive.org/stream/n19sessionalpaper52canauoft/n19sessionalpaper52canauoft_djvu.txt,83,0,0,2,0,0,0,0,3,0,0,0,83,0,0,1,-1,0,0,0,good
picktorrent.com/torrents/91/beck-midnight-vultures/,51,0,0,1,0,0,0,0,4,0,0,0,51,0,0,1,-1,0,0,0,good
metrolyrics.com/sebastien-lefebvre-lyrics.html,46,0,0,2,0,0,0,0,1,0,0,0,46,0,0,1,-1,0,0,0,good
myyoungatheart.com/,19,0,0,1,0,0,0,0,1,0,0,0,19,0,0,1,-1,0,0,0,good
travelpod.com/travel-blog-city/India/Kolkata%20%28Calcutta%29/tpod.html,71,0,0,2,0,0,0,0,4,0,0,0,71,0,3,1,-1,0,0,0,good
en.wikipedia.org/wiki/Yorokobi_no_Uta,37,0,0,2,0,0,0,0,2,0,0,0,37,0,0,1,-1,0,0,0,good
amazon.com/Fishbowl-Sarah-Mlynowski/dp/0373250207,49,0,0,1,0,0,0,0,3,0,0,0,49,0,0,1,-1,0,0,0,good
'9d345009-a-62cb3a1a-s-sites.googlegroups.com/site/stickamcomlogindo/login.html?amp\%3Battredirects=2&amp;attachauth=ANoY7crGnToNbcM8-4pN8bjjhncJQJDYBLMXMp7J5fHXRtmXEe89zObXjNL1fNjRUL_tMNvMldRUbZh3XWnEHDuzFP3hiwgUoQ5CNNjFh7ffehpvm2EO61JWVB7VJtwfIuFYQ8pHtUNUvuab4Kl1EgfBc6SB1db-URq5UDmlrkaBxtEEfOZimb06gbD4xxF_JhfKjQqa1D3mi8NeDa2kr5M1en9ny0EuIg\%3D\%3D&amp;attredirects=0',371,0,0,3,0,0,0,0,3,0,0,1,79,291,9,1,-1,0,0,0,bad
www.morovia.com/activex/,24,0,0,2,0,0,0,0,2,0,0,0,24,0,0,1,-1,0,0,0,good
paramountbusinessjets.com/cities/montreal_qc_canada.php,55,0,0,2,0,0,0,0,2,0,0,0,55,0,0,1,-1,0,0,0,good
etiketa.com.br/.Mail-server/,28,0,0,3,0,0,0,0,2,0,0,0,28,0,0,1,-1,0,0,0,bad
english.turkcebilgi.com/Canada+men's+national+soccer+team,57,0,0,2,0,0,0,0,1,0,0,0,57,0,0,1,-1,0,0,0,good
en.wikipedia.org/wiki/She_Says_(Unwritten_Law_song),51,0,0,2,0,0,0,0,2,0,0,0,51,0,0,1,-1,0,0,0,good
jeetheer.com/culture/ong.htm,28,0,0,2,0,0,0,0,2,0,0,0,28,0,0,1,-1,0,0,0,good
allinwind.servehttp.com,23,0,0,2,0,0,0,0,0,0,0,0,23,0,0,1,-1,0,0,0,bad
michigan.airportbug.org/airport-8653.html,41,0,0,3,0,0,0,0,1,0,0,0,41,0,0,1,-1,0,0,0,good
cooperativefuneraire.ca/obituaries/obitList.asp?Lastname=P,58,0,0,2,0,0,0,0,2,0,0,0,47,10,2,0,-1,0,0,0,good
mskcc.org/mskcc/html/2468.cfm,29,0,0,2,0,0,0,0,3,0,0,0,29,0,0,1,-1,0,0,0,good
fsinfo.cs.uni-sb.de/~abe/wApua/,31,0,0,3,0,0,0,0,3,0,0,0,31,0,0,0,-1,0,0,0,good
livingplaces.com/PA/McKean_County/Bradford_City/Bradford_Downtown_Historic_District.html,88,0,0,2,0,0,0,0,4,0,0,0,88,0,0,1,-1,0,0,0,good
en.wikipedia.org/wiki/Kenji_Kaido,33,0,0,2,0,0,0,0,2,0,0,0,33,0,0,1,-1,0,0,0,good
chabliscadillac.com/contact.php,31,0,0,2,0,0,0,0,1,0,0,0,31,0,0,1,-1,0,0,0,good
tributes.com/show/Charles-L.-Crowder-86435586,45,0,0,2,0,0,0,0,2,0,0,0,45,0,0,1,-1,0,0,0,good
nuttall-fire.tripod.com/,24,0,0,2,0,0,0,0,1,0,0,0,24,0,0,1,-1,0,0,0,good
en.wikipedia.org/wiki/CCM_(The_Hockey_Company),46,0,0,2,0,0,0,0,2,0,0,0,46,0,0,1,-1,0,0,0,good
freebase.com/view/en/robin_stille,33,0,0,1,0,0,0,0,3,0,0,0,33,0,0,1,-1,0,0,0,good
austinangelnetwork.org/every/upCopy,35,0,0,1,0,0,0,0,2,0,0,0,35,0,0,1,-1,0,0,0,bad
www.lakefolks.org/cnt/,22,0,0,2,0,0,0,0,2,0,0,0,22,0,0,1,-1,0,0,0,good
sourceforge.net/projects/ep128emu/,34,0,0,1,0,0,0,0,3,0,0,0,34,0,0,1,-1,0,0,0,good
imdb.com/name/nm0382548/,24,0,0,1,0,0,0,0,3,0,0,0,24,0,0,1,-1,0,0,0,good
englishfolkdance.org/cotsmorr.shtml,35,0,0,2,0,0,0,0,1,0,0,0,35,0,0,1,-1,0,0,0,good
ceac.tripod.com/index.html,26,0,0,3,0,0,0,0,1,0,0,0,26,0,0,1,-1,0,0,0,good
terrororstralis.com/films/silents/18a.htm,41,0,0,2,0,0,0,0,3,0,0,0,41,0,0,1,-1,0,0,0,good
home.cogeco.ca/~canoedance/,27,0,0,2,0,0,0,0,2,0,0,0,27,0,0,0,-1,0,0,0,good
cduniverse.com/productinfo.asp?pid=6806409,42,0,0,2,0,0,0,0,1,0,0,0,30,11,2,1,-1,0,0,0,good
youtube.com/watch?v=2bqITfmVdUI,31,0,0,1,0,0,0,0,1,0,0,0,17,13,2,1,-1,0,0,0,good
gej.comoj.com/dike1/admin.php,29,0,0,3,0,0,0,0,2,0,0,0,29,0,0,1,-1,0,0,0,bad
freepages.genealogy.rootsweb.ancestry.com/~jacquest/dat31.htm,61,0,0,5,0,0,0,0,2,0,0,0,61,0,0,1,-1,0,0,0,good
veganvet.net/?wordfence_logHuman=1&hid=E9AC60B8774689CA1740B9E6B84BAF40,71,0,0,1,0,0,0,0,1,0,0,0,13,57,4,1,-1,0,0,0,bad
users.skynet.be/techtran/,25,0,0,2,0,0,0,0,2,0,0,0,25,0,0,0,-1,0,0,0,good
wilirots.biz/amcntrlde/webscr_prim.php?d2lsaXJvdHMuYml6uhsdsusu5485757kUJHNN546221oPLKj988777AOP784MTM0NDk2MTU4NA==,115,0,0,2,0,0,0,0,2,0,0,0,38,76,3,0,-1,0,0,0,bad
encyclopedia.com/topic/James_Martineau.aspx,43,0,0,2,0,0,0,0,2,0,0,0,43,0,0,1,-1,0,0,0,good
asianmusiclover.blogspot.com/2009/03/mv-kat-tun-rescue.html,59,0,0,3,0,0,0,0,3,0,0,0,59,0,0,1,-1,0,0,0,good
celinedion.shop.musictoday.com/Product.aspx?cp=11463_34386&pc=CXAM148,69,0,0,4,0,0,0,0,1,0,0,0,43,25,4,1,-1,0,0,0,good
ncbi.nlm.nih.gov/pmc/articles/PMC1346507/,41,0,0,3,0,0,0,0,4,0,0,0,41,0,0,0,-1,0,0,0,good
astronautix.com/astros/gibson.htm,33,0,0,2,0,0,0,0,2,0,0,0,33,0,0,1,-1,0,0,0,good
game6media.com/g76ub76/,23,0,0,1,0,0,0,0,2,0,0,0,23,0,0,1,-1,0,0,0,bad
facebook.com/GlenMurrayMPP,26,0,0,1,0,0,0,0,1,0,0,0,26,0,0,1,-1,0,0,0,good
salak-art.com/home/alib/ailogin.html,36,0,0,2,0,0,0,0,3,0,0,1,36,0,0,1,-1,0,0,0,bad
baseball-almanac.com/players/player.php?p=beckro01,50,0,0,2,0,0,0,0,2,0,0,0,39,10,2,1,-1,0,0,0,good
spoke.com/dir/p/archambault/julie,33,0,0,1,0,0,0,0,4,0,0,0,33,0,0,1,-1,0,0,0,good
umovefree.com/Apartment/wilson-crossing-apartments-cedar-hill-tx/,65,0,0,1,0,0,0,0,3,0,0,0,65,0,0,1,-1,0,0,0,good
sean.binnie.gonetoosoon.org/,28,0,0,3,0,0,0,0,1,0,0,0,28,0,0,1,-1,0,0,0,good
ntsushi.com/pic/?https://secure.runescape.com/m=weblogin/loginform.ws?mod=www&amp;jfcwehuamp;ssl=0&amp;dest,107,0,0,4,0,0,0,0,2,1,0,1,16,90,7,1,-1,0,0,0,bad
youtube.com/watch?v=Sry8inelMF0,31,0,0,1,0,0,0,0,1,0,0,0,17,13,2,1,-1,0,0,0,good
people.famouswhy.com/mark_margolis/,35,0,0,2,0,0,0,0,2,0,0,0,35,0,0,1,-1,0,0,0,good
imdb.com/name/nm0193629/,24,0,0,1,0,0,0,0,3,0,0,0,24,0,0,1,-1,0,0,0,good
allmusic.com/artist/hunx-his-punx-p2195185,42,0,0,1,0,0,0,0,2,0,0,0,42,0,0,1,-1,0,0,0,good
tools.ietf.org/html/rfc4158,27,0,0,2,0,0,0,0,2,0,0,0,27,0,0,1,-1,0,0,0,good
yamexico.com/manag/verify.php?cmd=login_submit,46,0,0,2,0,0,0,0,2,0,0,1,29,16,2,1,-1,0,0,0,bad
ruf.com.ar/txmlj,16,0,0,2,0,0,0,0,1,0,0,0,16,0,0,1,-1,0,0,0,bad
britannica.com/EBchecked/topic/648813/World-War-II/53592/The-Eastern-Front-June-December-1944,93,0,0,1,0,0,0,0,6,0,0,0,93,0,0,1,-1,0,0,0,good
missoulian.com/news/local/obituaries/article_f230492a-9e3a-11df-9001-001cc4c002e0.html?mode=image&photo=2,105,0,0,2,0,0,0,0,4,0,0,0,86,18,4,1,-1,0,0,0,good
vh1.com/artists/az/april_wine/lyrics.jhtml,42,0,0,2,0,0,0,0,4,0,0,0,42,0,0,1,-1,0,0,0,good
boards.ancestry.com/thread.aspx?mv=flat&m=41&p=surnames.philyaw,63,0,0,4,0,0,0,0,1,0,0,0,31,31,6,1,-1,0,0,0,good
www.marcheurs-de-divajeu.fr/wordpress/wp-content/themes/twentyten/Personal.ibc.php,82,0,0,4,0,0,0,0,5,0,0,0,82,0,0,0,-1,0,0,0,bad
www.cs.arizona.edu/patterns/weaving/books/ctw_cotn_2.pdf,56,0,0,4,0,0,0,0,4,0,0,0,56,0,0,0,-1,0,0,0,good
members.tripod.com/~Scott_Michaud/Cyr-history.html,50,0,0,3,0,0,0,0,2,0,0,0,50,0,0,1,-1,0,0,0,good
tv.com/people/doug-savant/,26,0,0,1,0,0,0,0,3,0,0,0,26,0,0,1,-1,0,0,0,good
members.tripod.com/brs-web-design/,34,0,0,2,0,0,0,0,2,0,0,0,34,0,0,1,-1,0,0,0,good
timothybschmit.com/friday-night/,32,0,0,1,0,0,0,0,2,0,0,0,32,0,0,1,-1,0,0,0,good
wn.com/Stephen_Hymer,20,0,0,1,0,0,0,0,1,0,0,0,20,0,0,1,-1,0,0,0,good
adresaweb.ro/cweb.php?i=%20magazines,36,0,0,2,0,0,0,0,1,0,0,0,21,14,3,0,-1,0,0,0,good
puli-hostel.com.tw/libraries/legacy/log/PDFBLS/Godbless/adobeinfo,65,0,0,2,0,0,0,0,6,0,0,0,65,0,0,1,-1,0,0,0,bad
movies.yahoo.com/movie/1809772362/details,41,0,0,2,0,0,0,0,3,0,0,0,41,0,0,1,-1,0,0,0,good
en.wikipedia.org/wiki/Redshirt_Theory,37,0,0,2,0,0,0,0,2,0,0,0,37,0,0,1,-1,0,0,0,good
three.fdfjkhfsadv.biz/t95nnps507\nfergumi.michaelferguson.co.uk/pvthg2.html,75,0,0,6,0,0,0,0,2,0,0,0,75,0,0,0,-1,0,0,0,bad
iesecs.com/,11,0,0,1,0,0,0,0,1,0,0,0,11,0,0,1,-1,0,0,0,bad
otelaydinlatma.com/updat/f31907f97c3d60f898693dbe188b9712/,58,0,0,1,0,0,0,0,3,0,0,0,58,0,0,1,-1,0,0,0,bad
youtube.com/watch?v=x5qPVneolzs,31,0,0,1,0,0,0,0,1,0,0,0,17,13,2,1,-1,0,0,0,good
expedia.com/Los-Angeles-Hotels-Los-Angeles-Marriott-Burbank-Airport.h5842.Hotel-Information,91,0,0,3,0,0,0,0,1,0,0,0,91,0,0,1,-1,0,0,0,good
www.wipo.int/amc/en/domains/decisions/html/2000/d2000-0461.html,63,0,0,3,0,0,0,0,7,0,0,0,63,0,0,0,-1,0,0,0,good
articles.burbankleader.com/2007-06-09/features/blr-burroughsgradbox09_1_david-alvarez-diego-flores-daniel-alvarez/3,115,0,0,2,0,0,0,0,4,0,0,0,115,0,0,1,-1,0,0,0,good
howardhanna.com/real_estate/Pittsburgh/,39,0,0,1,0,0,0,0,3,0,0,0,39,0,0,1,-1,0,0,0,good
tabs.ultimate-guitar.com/t/tool/10000_days_album_tab.htm,56,0,0,3,0,0,0,0,3,0,0,0,56,0,0,1,-1,0,0,0,good
ckuik.com/Mariette_Croteau,26,0,0,1,0,0,0,0,1,0,0,0,26,0,0,1,-1,0,0,0,good
living4u.80port.net/zb/doc/file.index.htm/remax-securelogin_files/remax-secure_login_files/remax0-0secure0login_files/Remax-Secureu0002/Remax-SecureLogin_files/Remax-SecureLogin_files/Remax-SecureLogin_files/style.htm,217,0,0,5,0,0,0,0,11,0,0,1,217,0,0,1,-1,0,0,0,bad
videosurf.com/videos/viana+do+castelo?providers=2,49,0,0,1,0,0,0,0,2,0,0,0,37,11,2,1,-1,0,0,0,good
kjhdhkjddmdhjdhdum.3owl.com/,28,0,0,2,0,0,0,0,1,0,0,0,28,0,0,1,-1,0,0,0,bad
immigrationarchive.com/,23,0,0,1,0,0,0,0,1,0,0,0,23,0,0,1,-1,0,0,0,good
docscountry.com/gate.php/,25,0,0,2,0,0,0,0,2,0,0,0,25,0,0,1,-1,0,0,0,bad
prowrestlingdigest.com/2009/08/31/international-wrestling-syndicate-83109/,74,0,0,1,0,0,0,0,5,0,0,0,74,0,0,1,-1,0,0,0,good
stubhub.com/uniprix-stadium-event-tickets/details/?venue_config_ID=88920,72,0,0,1,0,0,0,0,3,0,0,0,50,21,2,1,-1,0,0,0,good
jimrome.com/stations/mississippi,32,0,0,1,0,0,0,0,2,0,0,0,32,0,0,1,-1,0,0,0,good
answers.com/topic/friday-night-lights-tv-series,47,0,0,1,0,0,0,0,2,0,0,0,47,0,0,1,-1,0,0,0,good
elobays.land.ru/UWyq6CfuydCeuATZa3wSs8twYV4Xqt5bfhDU1Pp4fbkDOW3I4f8zgXR1xXU3txHGlEXlATXBEsmHNfY2SmSBl5v7FBWUvmAiJUS9zI8b7xlokAeHzSa7U6V.htm,139,0,0,3,0,0,0,0,1,0,0,0,139,0,0,0,-1,0,0,0,bad
facebook.com/sugashikaofans,27,0,0,1,0,0,0,0,1,0,0,0,27,0,0,1,-1,0,0,0,good
mylife.com/c-2707375215,23,0,0,1,0,0,0,0,1,0,0,0,23,0,0,1,-1,0,0,0,good
www.afterlogic.com/products/webmail-pro,39,0,0,2,0,0,0,0,2,0,0,0,39,0,0,1,-1,0,0,0,good
mylife.com/c-38746196,21,0,0,1,0,0,0,0,1,0,0,0,21,0,0,1,-1,0,0,0,good
faqs.org/sec-filings/091223/THOR-INDUSTRIES-INC_8-K_FORM2/l38357exv10w2.htm,75,0,0,2,0,0,0,0,4,0,0,0,75,0,0,1,-1,0,0,0,good
www.paypal.com-ca.cgi-bin.webscr.cmdflowsession.5evz-w6sy-2cv1um6beooyfoha0tgg1rj8mso2gsy6.wy3e7zoy6mq.msy-dispatch.5885d80a13c0db1f8e263663d3ee1bed6d43d.geeksundercover.com/paypal/paypal/,188,0,0,11,0,0,0,0,3,0,0,0,188,0,0,1,-1,0,0,0,bad
venturacountytrails.org/TrailMaps/Backbone-Kanan-Zuma/AreaTrails.htm,68,0,0,2,0,0,0,0,3,0,0,0,68,0,0,1,-1,0,0,0,good
fra1.ib.adnxs.com/if?enc=MzMzMzMzwz-xne-nxku_P57vp8ZLN-0_sZ3vp8ZLvz8zMzMzMzPDP2TyZMAWuvpYI4eMz-BGKXeu4WdTAAAAAFHsJwBoCAAA2AcAAAIAAAClEuUAlY4FAAAAAQBVU0QAVVNEANgCWgCUdQAAxIoAAgUAAQIAAIwAGilhDgAAAAA.&cnd=%21syJGjgjq_ekBEKWllAcYACCVnRYwADgAQABI2A9Q0difAVgAYPsBaABwAHgAgAEAiAEAkAEBmAEBoAEBqAEDsAEAuQEzMzMzMzPDP8EBMzMzMzMzwz_JAcur3iF_7wBA2QEAAAAAAADwP-ABAPUBmpmZPg..&ccd=%21TwYsQAjq_ekBEKWllAcYlZ0WIAA.&udj=uf%28%27a%27%2C+276362%2C+1399316910%29%3Buf%28%27c%27%2C+3833578%2C+1399316910%29%3Buf%28%27r%27%2C+15012517%2C+1399316910%29%3B&vpid=1058&apid=209734&referrer=http%3A%2F%2Fad-emea.doubleclick.net%2FN3844%2Fadi%2Febay.nl.x.melb%2F_default%3Bcat%3D0%3Bitems%3D%3Bseg%3DAdvGL3rdP%3Bsz%3D728x90%3Bu%3Di_6691390747208661822%7Cm_157124%3B%3Bdcopt%3Dist%3Btile%3D1%3Bot%3D1%3Bum%3D3%3Bus%3D11%3Beb_trk%3D157124%3Bpr%3D30%3Bxp%3D30%3Bnp%3D30%3Buz%3D3222BH%3Bfbi%3D%3Bsbi%3D%3Bfbo%3D%3Bsbo%3D0%3Bfse%3D9800%3Bsse%3D9884%3Bfvi%3D97042%3Bsvi%3D0%3Bcg%3D28ac563d1440a5f16493e383ff560e3c%3Bord%3D1399316907753%3B&media_subtypes=1&ct=0&dlo=1,1031,0,0,12,0,0,0,0,1,0,0,0,20,1010,103,1,-1,0,0,0,bad
facebook.com/people/Herb-Trawick/100001981180073,48,0,0,1,0,0,0,0,3,0,0,0,48,0,0,1,-1,0,0,0,good
en.wikinews.org/wiki/2007_FIFA_U-17_World_Cup:_Ghana_beat_Peru_in_Quarter_finals,80,0,0,2,0,0,0,0,2,0,0,0,80,0,0,1,-1,0,0,0,good
japanican.com/hotels/facility.aspx?st=8723005,45,0,0,2,0,0,0,0,2,0,0,0,34,10,2,1,-1,0,0,0,good
journal-news.net/page/content.detail/id/529709.html?nav=5007,60,0,0,3,0,0,0,0,4,0,0,0,51,8,2,1,-1,0,0,0,good
soundtrackfan.com/livescores/composers/poledouris/poledouris-dvd-tribute.htm,76,0,0,2,0,0,0,0,4,0,0,0,76,0,0,1,-1,0,0,0,good
wishatsamyan.com/uj4n6wa,24,0,0,1,0,0,0,0,1,0,0,0,24,0,0,1,-1,0,0,0,bad
nfodb.com/section_5_pda_nfo.html,32,0,0,2,0,0,0,0,1,0,0,0,32,0,0,1,-1,0,0,0,good
mediasupportservicalerts.org/,29,0,0,1,0,0,0,0,1,0,0,0,29,0,0,1,-1,0,0,0,bad
peets.com/who_we_are/community.asp,34,0,0,2,0,0,0,0,2,0,0,0,34,0,0,1,-1,0,0,0,good
youtube.com/watch?v=mrGmj3m_82k,31,0,0,1,0,0,0,0,1,0,0,0,17,13,2,1,-1,0,0,0,good
missouripostalhistory.org/,26,0,0,1,0,0,0,0,1,0,0,0,26,0,0,1,-1,0,0,0,good
fotopedia.com/en/Adirondack_(train),35,0,0,1,0,0,0,0,2,0,0,0,35,0,0,1,-1,0,0,0,good
pastehtml.com/view/bft8b9yy6.html,33,0,0,2,0,0,0,0,2,0,0,0,33,0,0,1,-1,0,0,0,bad
imdb.com/title/tt0303353/,25,0,0,1,0,0,0,0,3,0,0,0,25,0,0,1,-1,0,0,0,good
lianainfilms.com/,17,0,0,1,0,0,0,0,1,0,0,0,17,0,0,1,-1,0,0,0,good
oaklandchristiancommunity.blogspot.com/2008/11/ron-nuez-urban-church.html,73,0,0,3,0,0,0,0,3,0,0,0,73,0,0,1,-1,0,0,0,good
johnsoncitypress.com/Obituaries/article.php?id=31039,52,0,0,2,0,0,0,0,2,0,0,0,43,8,2,1,-1,0,0,0,good
osteopathcanada.com/y9gcdxlb,28,0,0,1,0,0,0,0,1,0,0,0,28,0,0,1,-1,0,0,0,bad
news.cnet.com/2100-1001-244358.html,35,0,0,3,0,0,0,0,1,0,0,0,35,0,0,1,-1,0,0,0,good
youtube.com/watch?v=eR_Tbm7xJaw,31,0,0,1,0,0,0,0,1,0,0,0,17,13,2,1,-1,0,0,0,good
woce.nodc.noaa.gov/woce_v3/wocedata_1/help/shipnames_by_name.htm,64,0,0,4,0,0,0,0,4,0,0,0,64,0,0,0,-1,0,0,0,good
soccernewengland.com/articles/view_article.php?id=908,53,0,0,2,0,0,0,0,2,0,0,0,46,6,2,1,-1,0,0,0,good
teksuninsaat.com/wp-includes/ok/5ff547b74e6b8c867829a247c8bc3f04,64,0,0,1,0,0,0,0,3,0,0,0,64,0,0,1,-1,0,0,0,bad
waatp.com/people/arthur-c-naylor/5505657/,41,0,0,1,0,0,0,0,4,0,0,0,41,0,0,1,-1,0,0,0,good
groups.yahoo.com/group/ND_Dairygoats/,37,0,0,2,0,0,0,0,3,0,0,0,37,0,0,1,-1,0,0,0,good
answers.com/topic/march-12,26,0,0,1,0,0,0,0,2,0,0,0,26,0,0,1,-1,0,0,0,good
dedaland.top/,13,0,0,1,0,0,0,0,1,0,0,0,13,0,0,0,-1,0,0,0,bad
amazon.com/Pure-Country/dp/B000WLH1UY,37,0,0,1,0,0,0,0,3,0,0,0,37,0,0,1,-1,0,0,0,good
www.personal.kent.edu/~rmuhamma/Algorithms/algorithm.html,57,0,0,4,0,0,0,0,3,0,0,0,57,0,0,0,-1,0,0,0,good
slashfilm.com/greenberg-trailer-1-noah-baumbach-returns/,56,0,0,1,0,0,0,0,2,0,0,0,56,0,0,1,-1,0,0,0,good
domain-cleaner.com/findvk/,26,0,0,1,0,0,0,0,2,0,0,0,26,0,0,1,-1,0,0,0,bad
manta.com/c/mmgl3jb/atlantic-city-showboat-inc,46,0,0,1,0,0,0,0,3,0,0,0,46,0,0,1,-1,0,0,0,good
datongqu.com/pin/alibab/,24,0,0,1,0,0,0,0,3,0,0,0,24,0,0,1,-1,0,0,0,bad
betasigmaphi.org/links.php,26,0,0,2,0,0,0,0,1,0,0,0,26,0,0,1,-1,0,0,0,good
ebay.com/sch/Sports-Mem-Cards-Fan-Shop-/64482/i.html?_nkw=81+carol+vadnais,74,0,0,2,0,0,0,0,4,0,0,0,52,21,2,1,-1,0,0,0,good
kellysearch.com/us-product-876.html,35,0,0,2,0,0,0,0,1,0,0,0,35,0,0,1,-1,0,0,0,good
tripsmusic.com/home.cfm,23,0,0,2,0,0,0,0,1,0,0,0,23,0,0,1,-1,0,0,0,good
tarhobana.com/wp-admin/documents/0/3e6346861e8997ef6310a67de9f3d00f/,68,0,0,1,0,0,0,0,5,0,0,0,68,0,0,1,-1,0,0,0,bad
thehoopdoctors.com/online2/2011/05/derrick-rose-posterizes-joel-anthony/,72,0,0,1,0,0,0,0,5,0,0,0,72,0,0,1,-1,0,0,0,good
ogs.on.ca/ogspi/7tz/c7tes001.htm,32,0,0,3,0,0,0,0,3,0,0,0,32,0,0,0,-1,0,0,0,good
zendayabellastyle.com/,22,0,0,1,0,0,0,0,1,0,0,0,22,0,0,1,-1,0,0,0,good
hydropowerstation.com/?tag=hydropower-consumption-in-the-united-states,70,0,0,1,0,0,0,0,1,0,0,0,22,47,2,1,-1,0,0,0,good
eastbayexpress.com/ebx/a-new-as-ballpark-in-jack-london-square/Content?oid=1524743,82,0,0,1,0,0,0,0,3,0,0,0,70,11,2,1,-1,0,0,0,good
oppodigital.com/blu-ray-bdp-83/,31,0,0,1,0,0,0,0,2,0,0,0,31,0,0,1,-1,0,0,0,good
ticketmaster.com/Jon-Lajoie-tickets/artist/1241967,50,0,0,1,0,0,0,0,3,0,0,0,50,0,0,1,-1,0,0,0,good
porttransferinc.com/,20,0,0,1,0,0,0,0,1,0,0,0,20,0,0,1,-1,0,0,0,good
youtube.com/watch?v=gY7SPHXWc_U,31,0,0,1,0,0,0,0,1,0,0,0,17,13,2,1,-1,0,0,0,good
mediafire.com/?ao7a37i9wtlw0y9,30,0,0,1,0,0,0,0,1,0,0,0,14,15,1,1,-1,0,0,0,good
researchweb.watson.ibm.com/deepblue/meet/html/d.1.html,54,0,0,5,0,0,0,0,4,0,0,0,54,0,0,1,-1,0,0,0,good
reedconstructiondata.com/companies/1340/national-system-of-garage-ventilation/,78,0,0,1,0,0,0,0,4,0,0,0,78,0,0,1,-1,0,0,0,good
youtube.com/watch?v=EmlwGAMpjrM,31,0,0,1,0,0,0,0,1,0,0,0,17,13,2,1,-1,0,0,0,good
188.123.37.229/tuk21.png,24,1,0,4,0,0,0,0,1,0,0,0,24,0,0,0,-1,0,0,0,bad
en.allexperts.com/q/Video-Game-Repair-3660/scratches-ps2-game.htm,65,0,0,3,0,0,0,0,3,0,0,0,65,0,0,1,-1,0,0,0,good
litmis.com/,11,0,0,1,0,0,0,0,1,0,0,0,11,0,0,1,-1,0,0,0,bad
sag.org/edward-asner,20,0,0,1,0,0,0,0,1,0,0,0,20,0,0,1,-1,0,0,0,good
newama.bounceme.net/en/login.php,32,0,0,3,0,0,0,0,2,0,0,1,32,0,0,1,-1,0,0,0,bad
en.wikipedia.org/wiki/Think_Tank_(Rollins),42,0,0,2,0,0,0,0,2,0,0,0,42,0,0,1,-1,0,0,0,good
3rway.com/o/nD/,15,0,0,1,0,0,0,0,3,0,0,0,15,0,0,1,-1,0,0,0,bad
legendsofhockey.net/LegendsOfHockey/jsp/SearchPlayer.jsp?player=18260,69,0,0,2,0,0,0,0,3,0,0,0,56,12,2,1,-1,0,0,0,good
wsati.org/,10,0,0,1,0,0,0,0,1,0,0,0,10,0,0,1,-1,0,0,0,good
news.cnet.com/2100-1023-233627.html,35,0,0,3,0,0,0,0,1,0,0,0,35,0,0,1,-1,0,0,0,good
bizzu.com.br/sitte/wp-includes/js/jquery/ui/aol.htm,51,0,0,3,0,0,0,0,6,0,0,0,51,0,0,1,-1,0,0,0,bad
ilike.com/artist/Rene+%2526+Angela,34,0,0,1,0,0,0,0,2,0,0,0,34,0,1,1,-1,0,0,0,good
gitsamx.com/www.paypal.com/us/cgi-bin/webscr.htm?cmd=_login-run,63,0,0,4,0,0,0,0,4,0,0,1,48,14,2,1,-1,0,0,0,bad
classmates.com/directory/school/Laurendeau%20High%20School?org=76150,68,0,0,1,0,0,0,0,3,0,0,0,58,9,4,1,-1,0,0,0,good
www.pantos.org/atw/35654.html,29,0,0,3,0,0,0,0,2,0,0,0,29,0,0,1,-1,0,0,0,good
thefreedictionary.com/Browse-wimt,33,0,0,1,0,0,0,0,1,0,0,0,33,0,0,1,-1,0,0,0,good
fanpix.net/gallery/christy-chung-pictures.htm,45,0,0,2,0,0,0,0,2,0,0,0,45,0,0,1,-1,0,0,0,good
linkedin.com/in/kathyjordanbaker,32,0,0,1,0,0,0,0,2,0,0,0,32,0,0,1,-1,0,0,0,good
inmemoriam.ca/view-announcement-216796-charles-cecil-milligan.html,66,0,0,2,0,0,0,0,1,0,0,0,66,0,0,0,-1,0,0,0,good
anita-gd.com/images?ref=us.battle.net/d3/en/index,49,0,0,3,0,0,0,0,1,0,0,0,19,29,2,1,-1,0,0,0,bad
pi.library.yorku.ca/ojs/index.php/cws/search/authors?searchInitial=C,68,0,0,4,0,0,0,0,5,0,0,0,52,15,2,0,-1,0,0,0,good
pcengineer.help/cbwOG4dT/CtFR4fQOW.php,38,0,0,2,0,0,0,0,2,0,0,0,38,0,0,0,-1,0,0,0,bad
www.newaccountantusa.com/default.html,37,0,0,3,0,0,0,0,1,0,0,1,37,0,0,1,-1,0,0,0,good
rekrims.com/PLO5XIde/webscr_prim.php?cmVrcmltcy5jb20=uhsdsusu5485757kUJHNN546221oPLKj988777AOP784MTM1MjM5NjE3MA==,113,0,0,2,0,0,0,0,2,0,0,0,36,76,4,1,-1,0,0,0,bad
econopaginas.com/nyx37ec?eujhnelmax=fivpyok,43,0,0,1,0,0,0,0,1,0,0,0,24,18,2,1,-1,0,0,0,bad
www.awesomeuniverse.com/www.paypal.com/encripted/ssl218.site/login.html?cmd=_login-run&dispatch=5885d80a13c0db1f1ff80d546411d7f8a8350c132bc41e0934cfc023d4e8f9e567751f539018b79fbb47c6aa6f12706f67751f539018b79fbb47c6aa6f12706f,224,0,0,6,0,0,0,0,4,0,0,1,71,152,4,1,-1,0,0,0,bad
user.infernomushroomx.com/civis/viewtopic.php?t=73m2&amp;f=8.4907567s2d3t3z81x0296&amp;,87,0,0,4,0,0,0,0,2,0,0,0,45,41,5,1,-1,0,0,0,bad
pgl.yoyo.org/random/,20,0,0,2,0,0,0,0,2,0,0,0,20,0,0,1,-1,0,0,0,good
jdcopp.blogspot.com/2006/09/franois-truffaut-10-best-films-from.html,68,0,0,3,0,0,0,0,3,0,0,0,68,0,0,1,-1,0,0,0,good
highbeam.com/doc/1G1-8325828.html,33,0,0,2,0,0,0,0,2,0,0,0,33,0,0,1,-1,0,0,0,good
ghghghg.online/III/A0L.htm,26,0,0,2,0,0,0,0,2,0,0,0,26,0,0,0,-1,0,0,0,bad
thatboardthingee.com/evidenceroom/waking-the-dead-tv/summary/25/wren-boys.html,78,0,0,2,0,0,0,0,5,0,0,0,78,0,0,1,-1,0,0,0,good
www.ntk.net/?back=2000/now1215.txt,34,0,0,3,0,0,0,0,1,0,0,0,12,21,2,1,-1,0,0,0,good
heavensinspirations.com/eternity-focused.html,45,0,0,2,0,0,0,0,1,0,0,0,45,0,0,1,-1,0,0,0,good
stores.ebay.com/FineArtdottm/About-The-Vanity-Fair-Prints.html,62,0,0,3,0,0,0,0,2,0,0,0,62,0,0,1,-1,0,0,0,good
ebay.bestmat.ch.s3-website-us-east-1.amazonaws.com/,51,0,0,5,0,0,0,0,1,0,0,0,51,0,0,1,-1,0,0,0,bad
pages.cs.wisc.edu/~lhl/cs740/papers/java-security2.ps,53,0,0,4,0,0,0,0,4,0,0,0,53,0,0,0,-1,0,0,0,good
www.explorecommerce.com/email_marketing_survey.asp,50,0,0,3,0,0,0,0,1,0,0,0,50,0,0,1,-1,0,0,0,good
spokeo.com/Bernard+Dennis,25,0,0,1,0,0,0,0,1,0,0,0,25,0,0,1,-1,0,0,0,good
www.boardgamegeek.com/viewitem.php3?gameid=823,46,0,0,3,0,0,0,0,1,0,0,0,35,10,2,1,-1,0,0,0,good
epictory.com,12,0,0,1,0,0,0,0,0,0,0,0,12,0,0,1,-1,0,0,0,bad
tr069.pw/1,10,0,0,1,0,0,0,0,1,0,0,0,10,0,0,0,-1,0,0,0,bad
westwardhocampground.ca/sf63k,29,0,0,1,0,0,0,0,1,0,0,0,29,0,0,0,-1,0,0,0,bad
web.artprice.com/artistdetails.aspx?idArti=MTIwMzIyOTE2NTY5NTEt&artist=Frederick+George+WILLS&src=3,99,0,0,3,0,0,0,0,1,0,0,0,35,63,6,1,-1,0,0,0,good
skpc.org.au/878hf33f34f,23,0,0,2,0,0,0,0,1,0,0,0,23,0,0,1,-1,0,0,0,bad
movies.yahoo.com/movie/1810039590/info,38,0,0,2,0,0,0,0,3,0,0,0,38,0,0,1,-1,0,0,0,good
www.filmhosting.net/main.htm,28,0,0,3,0,0,0,0,1,0,0,0,28,0,0,1,-1,0,0,0,good
artcyclopedia.com/artists/gagnon_clarence.html,46,0,0,2,0,0,0,0,2,0,0,0,46,0,0,1,-1,0,0,0,good
grandstandsports.com/searchlist.aspx?lastname=Tony+Hawk&q=Tony+Hawk&refg=21768,78,0,0,2,0,0,0,0,1,0,0,0,36,41,6,1,-1,0,0,0,good
associatedcontent.com/article/6069048/big_12_championship_game_previewpredictionoklahoma.html,93,0,0,2,0,0,0,0,3,0,0,0,93,0,0,1,-1,0,0,0,good
arkansasonline.com/photos/2011/jun/,35,0,0,1,0,0,0,0,4,0,0,0,35,0,0,1,-1,0,0,0,good
classmates.com/directory/school/Ruskin%20High%20School?org=1626,63,0,0,1,0,0,0,0,3,0,0,0,54,8,4,1,-1,0,0,0,good
netcubeinter.co.za/includes/acotin/mail.htm,43,0,0,3,0,0,0,0,3,0,0,0,43,0,0,0,-1,0,0,0,bad
paypal.com.cgi-bin.webscr.cmd.login.submit.dispatch.8dcbcd55.50598f04d927139.403713ca13cbcd.5550598f04d927139.403713ca13cb.cd555059.8f04d71.394094254752271.3940.novaterm.ro/d8a9daf5c270cb17ec208ea217d23b74/,206,0,0,18,0,0,0,0,2,0,0,1,206,0,0,1,-1,0,0,0,bad
music.yahoo.com/hellbillys/,27,0,0,2,0,0,0,0,2,0,0,0,27,0,0,1,-1,0,0,0,good
37.49.224.144/test_servers.xml,30,1,0,4,0,0,0,0,1,0,0,0,30,0,0,0,-1,0,0,0,bad
nfl.com/videos/nfl-films-americas-game/09000d5d8008cc34/America-s-Game-1979-Steelers,84,0,0,1,0,0,0,0,4,0,0,0,84,0,0,1,-1,0,0,0,good
en.wikipedia.org/wiki/Bob_McClure_(footballer),46,0,0,2,0,0,0,0,2,0,0,0,46,0,0,1,-1,0,0,0,good
planetware.com/map/montreal-map-cdn-cdnmt_ne.htm,48,0,0,2,0,0,0,0,2,0,0,0,48,0,0,1,-1,0,0,0,good
www.jpmorgan.com/pages/jpmorgan/investbk/solutions/primeservices,64,0,0,2,0,0,0,0,5,0,0,0,64,0,0,1,-1,0,0,0,good
mailstar.hi2.ro/yahoo.html,26,0,0,3,0,0,0,0,1,0,0,0,26,0,0,0,-1,0,0,0,bad
losquinchos.cl/34f345gh4,24,0,0,1,0,0,0,0,1,0,0,0,24,0,0,0,-1,0,0,0,bad
sing365.com/music/lyric.nsf/Is-It-Alright-lyrics-The-Lovemakers/FACB554F4D87D1774825710200080E29,96,0,0,2,0,0,0,0,4,0,0,0,96,0,0,1,-1,0,0,0,good
momcinema.com/free/pics-movies/vasconcelos/,43,0,0,1,0,0,0,0,4,0,0,0,43,0,0,1,-1,0,0,0,good
meredithley.wordpress.com/,26,0,0,2,0,0,0,0,1,0,0,0,26,0,0,1,-1,0,0,0,good
thestar.com/sports/baseball/mlb/bluejays/article/1040325--griffin-uphill-climb-for-jays-second-baseman-to-return-in-2012,120,0,0,1,0,0,0,0,6,0,0,0,120,0,0,1,-1,0,0,0,good
people.famouswhy.com/russ_meyer/,32,0,0,2,0,0,0,0,2,0,0,0,32,0,0,1,-1,0,0,0,good
myspace.com/marisonline,23,0,0,1,0,0,0,0,1,0,0,0,23,0,0,1,-1,0,0,0,good
katespade.promo.eprize.com/jetsetter/,37,0,0,3,0,0,0,0,2,0,0,0,37,0,0,1,-1,0,0,0,good
tokyotravelpal.com/airpackage-Miyako_Miyakojima.Tokyu.Resort.htm,64,0,0,4,0,0,0,0,1,0,0,0,64,0,0,1,-1,0,0,0,good
genealogylinks.net/usa/california/alameda.htm,45,0,0,2,0,0,0,0,3,0,0,0,45,0,0,1,-1,0,0,0,good
caregivertoolkit.ca/Resources/service,37,0,0,1,0,0,0,0,2,0,0,0,37,0,0,0,-1,0,0,0,bad
flixster.com/movie/les-boys-2,29,0,0,1,0,0,0,0,2,0,0,0,29,0,0,1,-1,0,0,0,good
cemetery.canadagenweb.org/NS/NSS0235/NSS0235.html,49,0,0,3,0,0,0,0,3,0,0,0,49,0,0,1,-1,0,0,0,good
linkedin.com/in/oscarlpeterson,30,0,0,1,0,0,0,0,2,0,0,0,30,0,0,1,-1,0,0,0,good
www951.paypal.ca.82803.securessl-160.mx/js/web.apps/ca/m.pp/?cmnd=_lg&pageName=system_email_PP951,97,0,0,7,0,0,0,0,5,0,0,1,60,36,4,0,-1,0,0,0,bad
twitter.com/AAzADYANwA,22,0,0,1,0,0,0,0,1,0,0,0,22,0,0,1,-1,0,0,0,bad
www.marshfield.net/History/mar3.htm,35,0,0,3,0,0,0,0,2,0,0,0,35,0,0,1,-1,0,0,0,good
pastehtml.com/view/bg50sxjjw.html,33,0,0,2,0,0,0,0,2,0,0,0,33,0,0,1,-1,0,0,0,bad
nbc29.com/story/12770025/dominion-building-natural-gas-plant?redirected=true,76,0,0,1,0,0,0,0,3,0,0,0,60,15,2,1,-1,0,0,0,good
gen-als.com/sullivan.html,25,0,0,2,0,0,0,0,1,0,0,0,25,0,0,1,-1,0,0,0,good
rootsweb.ancestry.com/~cancemet/SK/SKM1720/,43,0,0,2,0,0,0,0,4,0,0,0,43,0,0,1,-1,0,0,0,good
metacafe.com/watch/yt-CWurjlqnOp0/bishop_g_e_patterson_vicarious_victory/,73,0,0,1,0,0,0,0,4,0,0,0,73,0,0,1,-1,0,0,0,good
anglicanhistory.org/nz/cowie/lastyear/lastyear.html,51,0,0,2,0,0,0,0,4,0,0,0,51,0,0,1,-1,0,0,0,good
coas.oregonstate.edu/research/po/mixing/projects/bib/h-n.html,61,0,0,3,0,0,0,0,6,0,0,0,61,0,0,0,-1,0,0,0,good
local.yahoo.com/info-14569790-goetz-nicole-asbell-ho-klaus-goetz-naples,71,0,0,2,0,0,0,0,1,0,0,0,71,0,0,1,-1,0,0,0,good
www.isi.edu/lsam/tools/WWW_SEARCH/,34,0,0,2,0,0,0,0,4,0,0,0,34,0,0,0,-1,0,0,0,good
obit.navarrefuneralhome.com/,28,0,0,2,0,0,0,0,1,0,0,0,28,0,0,1,-1,0,0,0,good
www.dcs.warwick.ac.uk/~yu/,26,0,0,4,0,0,0,0,2,0,0,0,26,0,0,0,-1,0,0,0,good
efchistory.co.uk/Player%20Gallery%201900-1919.htm,49,0,0,3,0,0,0,0,1,0,0,0,49,0,2,0,-1,0,0,0,good
book.asiatravel.com/hotel.aspx?cn=JP&ct=Osaka&hid=101933,56,0,0,3,0,0,0,0,1,0,0,0,30,25,6,1,-1,0,0,0,good
home.comcast.net/~mitchellg26/LiveChatredirecting.htm,53,0,0,3,0,0,0,0,2,0,0,0,53,0,0,1,-1,0,0,0,bad
quod.lib.umich.edu/cgi/t/text/text-idx?c=philamer;page=browse;cc=philamer;key=author;value=g,92,0,0,3,0,0,0,0,4,0,0,0,38,53,6,0,-1,0,0,0,good
boxofficemojo.com/genres/chart/?id=romanticcomedy.htm,53,0,0,2,0,0,0,0,3,0,0,0,31,21,2,1,-1,0,0,0,good
canchess.tripod.com/,20,0,0,2,0,0,0,0,1,0,0,0,20,0,0,1,-1,0,0,0,good
davidart.com.tw/haa4vt4u,24,0,0,2,0,0,0,0,1,0,0,0,24,0,0,1,-1,0,0,0,bad
netcubeinter.co.za/cli/fax/mail.htm?cmd=LOB=RBGLogon,52,0,0,3,0,0,0,0,3,0,0,0,35,16,3,0,-1,0,0,0,bad
users.otenet.gr/~daidalos/hcsl/,31,0,0,2,0,0,0,0,3,0,0,0,31,0,0,0,-1,0,0,0,good
gettingthewordout.com/wp-content/upgrade/secure.lloydstsb.com/login.jsp.htm,75,0,0,5,0,0,0,0,4,0,0,1,75,0,0,1,-1,0,0,0,bad
allrss.com/wikipedia.php?title=KUKC-LP,38,0,0,2,0,0,0,0,1,0,0,0,24,13,2,1,-1,0,0,0,good
facebook.com/group.php?gid=26700584967,38,0,0,2,0,0,0,0,1,0,0,0,22,15,2,1,-1,0,0,0,good
ssl.secure.www.paypa.com.cmd.up.672bfcaa73dbfe28bff5bc77604084fa.binerbox.meltserve.com/update/secure/672bfcaa73dbfe28bff5bc77604084fa/dcff56a3b96365f2c66656d21bc3780d/,168,0,0,10,0,0,0,0,5,0,0,1,168,0,0,1,-1,0,0,0,bad
healthgrades.com/provider/joseph-perry-yjgqx/,45,0,0,1,0,0,0,0,3,0,0,0,45,0,0,1,-1,0,0,0,good
marlies.ca/news/news.asp?story_id=1137,38,0,0,2,0,0,0,0,2,0,0,0,24,13,2,0,-1,0,0,0,good
focussingapore.com/information-singapore/location.html,54,0,0,2,0,0,0,0,2,0,0,0,54,0,0,1,-1,0,0,0,good
ect.bell-labs.com/csp/,22,0,0,2,0,0,0,0,2,0,0,0,22,0,0,1,-1,0,0,0,good
onlinemovie4u.net/2010/03/underworld-rise-of-lycans-2009-in-hindi.html,70,0,0,2,0,0,0,0,3,0,0,0,70,0,0,1,-1,0,0,0,good
centrum-bzwbk.top/?email=abuse@asd.pl,37,0,1,2,0,0,0,0,1,0,0,0,18,18,3,0,-1,0,0,0,bad
www.stbcomputer.com/autodesk/components/www.paypal.com/dk/cgi-bin/webscr/cmd-login/21613569d7ba48b72df0a553b9ea59a8/login.htm,125,0,0,5,0,0,0,0,9,0,0,1,125,0,0,1,-1,0,0,0,bad
australianwebservices.com/attachments/paypal.com/,49,0,0,2,0,0,0,0,3,0,0,0,49,0,0,1,-1,0,0,0,bad
facebook.com/people/Robert-Mcnamara/1041786786,46,0,0,1,0,0,0,0,3,0,0,0,46,0,0,1,-1,0,0,0,good
www.amelander.nl/78h8ry,23,0,0,2,0,0,0,0,1,0,0,0,23,0,0,0,-1,0,0,0,bad
droneview.tv/wp-includes/index.htm,34,0,0,2,0,0,0,0,2,0,0,0,34,0,0,0,-1,0,0,0,bad
en.wikipedia.org/wiki/1969_Oakland_Athletics_season,51,0,0,2,0,0,0,0,2,0,0,0,51,0,0,1,-1,0,0,0,good
www.impresadeambrosis.it/bwkwpjd,32,0,0,2,0,0,0,0,1,0,0,0,32,0,0,0,-1,0,0,0,bad
mylife.com/dube11,17,0,0,1,0,0,0,0,1,0,0,0,17,0,0,1,-1,0,0,0,good
dns.tendgroup.com/,18,0,0,2,0,0,0,0,1,0,0,0,18,0,0,1,-1,0,0,0,bad
tv.yahoo.com/show/34238/videos/8014111,38,0,0,2,0,0,0,0,4,0,0,0,38,0,0,1,-1,0,0,0,good
rottentomatoes.com/m/college-coach-football-coach/,50,0,0,1,0,0,0,0,3,0,0,0,50,0,0,1,-1,0,0,0,good
iyi63psjr.ufh7.com/de/?Y2hpY2EwNkB0LW9ubGluZS5kZQ=Message-ID:,61,0,0,2,0,0,0,0,2,0,0,0,22,38,2,1,-1,0,0,0,bad
91.239.24.202:6892,18,1,0,3,0,0,0,0,0,0,0,0,18,0,0,0,-1,0,0,0,bad
evri.com/person/alexandre-bilodeau-0x3a941f,43,0,0,1,0,0,0,0,2,0,0,0,43,0,0,1,-1,0,0,0,good
hotelplanner.com/Hotels/13387-NEAR-Beardsley-Zoo,48,0,0,1,0,0,0,0,2,0,0,0,48,0,0,1,-1,0,0,0,good
big12sports.com/ViewArticle.dbml?DB_OEM_ID=10410&ATCLID=205314008,65,0,0,2,0,0,0,0,1,0,0,0,32,32,4,1,-1,0,0,0,good
celebskin.com/videos/louise-robey.html,38,0,0,2,0,0,0,0,2,0,0,0,38,0,0,1,-1,0,0,0,good
facebook.com/people/Serge-Bonnet/1202864917,43,0,0,1,0,0,0,0,3,0,0,0,43,0,0,1,-1,0,0,0,good
nailbytes1.com/test/86lkL2Xpxa.exe,34,0,0,2,0,0,0,0,2,0,0,0,34,0,0,1,-1,0,0,0,bad
greatandhra.com/viewnews.php?id=33722&cat=15&scat=16,52,0,0,2,0,0,0,0,1,0,0,0,28,23,6,1,-1,0,0,0,good
en.wikiquote.org/wiki/21_Grams,30,0,0,2,0,0,0,0,2,0,0,0,30,0,0,1,-1,0,0,0,good
paypal.ca.2156.secure4x.mx/images/cgi.bin/ca/web.scr/?cmnd=_lg&nav=2f5cde656384536918924e0c9c35d67b,99,0,0,6,0,0,0,0,5,0,0,1,53,45,4,0,-1,0,0,0,bad
www.coalesys.com/products/panelbarasp/features/,47,0,0,2,0,0,0,0,4,0,0,0,47,0,0,1,-1,0,0,0,good
yelp.com/biz/savoy-bar-and-grill-chicago,40,0,0,1,0,0,0,0,2,0,0,0,40,0,0,1,-1,0,0,0,good
expedia.com/Saint-Josephs-Oratory-Hotels.0-l501876-0.Travel-Guide-Filter-Hotels,79,0,0,3,0,0,0,0,1,0,0,0,79,0,0,1,-1,0,0,0,good
en.wikipedia.org/wiki/Norman_Mair,33,0,0,2,0,0,0,0,2,0,0,0,33,0,0,1,-1,0,0,0,good
therecordherald.com/newsnow/x1837737899/Donald-E-Reed-Sr,56,0,0,1,0,0,0,0,3,0,0,0,56,0,0,1,-1,0,0,0,good
english.turkcebilgi.com/Lillian+Moller+Gilbreth,47,0,0,2,0,0,0,0,1,0,0,0,47,0,0,1,-1,0,0,0,good
wisconsin.rivals.com/cviewplayer.asp?Player=424526,50,0,0,3,0,0,0,0,1,0,0,0,36,13,2,1,-1,0,0,0,good
shs.umsystem.edu/manuscripts/invent/2689.html,45,0,0,3,0,0,0,0,3,0,0,0,45,0,0,0,-1,0,0,0,good
answers.com/topic/united-kingdom,32,0,0,1,0,0,0,0,2,0,0,0,32,0,0,1,-1,0,0,0,good
kffl.com/gnews.php?id=752624-buccaneers-jeremy-zuttah-practices-in-full,71,0,0,2,0,0,0,0,1,0,0,0,18,52,2,1,-1,0,0,0,good
helium.com/items/1734952-biography-of-jacques-parizeau-the-quebec-separatist-leader,83,0,0,1,0,0,0,0,2,0,0,0,83,0,0,1,-1,0,0,0,good
tools.ietf.org/html/rfc3209,27,0,0,2,0,0,0,0,2,0,0,0,27,0,0,1,-1,0,0,0,good
www.macronimous.com/resources/dynamic_layers_with_dreamweaver.asp,65,0,0,3,0,0,0,0,2,0,0,0,65,0,0,1,-1,0,0,0,good
lebofsky.com/pxpw/,18,0,0,1,0,0,0,0,2,0,0,0,18,0,0,1,-1,0,0,0,good
webspace.webring.com/people/gu/um_9750/kinney.html,50,0,0,3,0,0,0,0,4,0,0,0,50,0,0,1,-1,0,0,0,good
virtual-earth.eu/United_States/,31,0,0,1,0,0,0,0,2,0,0,0,31,0,0,0,-1,0,0,0,good
dipity.com/timeline/Colleen-Dewhurst/,37,0,0,1,0,0,0,0,3,0,0,0,37,0,0,1,-1,0,0,0,good
newreleasetuesday.com/lyricsdetail.php?lyrics_id=44278,54,0,0,2,0,0,0,0,1,0,0,0,38,15,2,1,-1,0,0,0,good
tools.ietf.org/html/rfc1590,27,0,0,2,0,0,0,0,2,0,0,0,27,0,0,1,-1,0,0,0,good
spiritedcocktails.com/index.php/2010/10/14/kansas-city-cocktails-the-rieger-hotel-and-the-resurrection-of-manifesto/,116,0,0,2,0,0,0,0,6,0,0,0,116,0,0,1,-1,0,0,0,good
canadianlawyermag.com/legalfeeds/408/Federal-Court-chief-justice-stepping-down.html,83,0,0,2,0,0,0,0,3,0,0,0,83,0,0,1,-1,0,0,0,good
anapado.ru/docx/,16,0,0,1,0,0,0,0,2,0,0,0,16,0,0,0,-1,0,0,0,bad
wagonli-travel.com/,19,0,0,1,0,0,0,0,1,0,0,0,19,0,0,1,-1,0,0,0,bad
gsm-perm.ru/login/65.exe,24,0,0,2,0,0,0,0,2,0,0,1,24,0,0,0,-1,0,0,0,bad
canadianbaseballnews.com/MonExpos/exposstor.html,48,0,0,2,0,0,0,0,2,0,0,0,48,0,0,1,-1,0,0,0,good
t290c0.0261l.f9g.e9624i.28.7f0a56fy.na9.i5c8fe.y6u3c6zet.servesside.party,73,0,0,10,0,0,0,0,0,0,0,0,73,0,0,0,-1,0,0,0,bad
georgemarshallmusic.com/,24,0,0,1,0,0,0,0,1,0,0,0,24,0,0,1,-1,0,0,0,good
extension.iastate.edu/plymouth/,31,0,0,2,0,0,0,0,2,0,0,0,31,0,0,0,-1,0,0,0,good
inessa-sweet.ru/wp-content/plugins/gtersgxc1nur7e3h/smnpum6bm.php,65,0,0,2,0,0,0,0,4,0,0,0,65,0,0,0,-1,0,0,0,bad
services-runescape-com-ssq-forums.totalh.net/m=weblogin.loginform.ws-mod=www&amp;ssl=1&amp;reauth=1&amp;dest=account_settings.ws.html,133,0,0,6,0,0,0,0,1,0,0,1,80,0,8,1,-1,0,0,0,bad
fanpix.net/gallery/lisa-gay-hamilton-pictures.htm,49,0,0,2,0,0,0,0,2,0,0,0,49,0,0,1,-1,0,0,0,good
saburo.posterous.com/,21,0,0,2,0,0,0,0,1,0,0,0,21,0,0,1,-1,0,0,0,good
lsa.umich.edu/psych/people/directory/profiles/?id=spikelee,58,0,0,2,0,0,0,0,5,0,0,0,46,11,2,0,-1,0,0,0,good
tetrac.com.br/1/,16,0,0,2,0,0,0,0,2,0,0,0,16,0,0,1,-1,0,0,0,bad
ncaa.com/history/basketball-men/d1,34,0,0,1,0,0,0,0,3,0,0,0,34,0,0,1,-1,0,0,0,good
bee-store.ro/09876654332222456534543434534556654345/index.php,61,0,0,2,0,0,0,0,2,0,0,0,61,0,0,0,-1,0,0,0,bad
danielmenchediscography.blogspot.com/,37,0,0,2,0,0,0,0,1,0,0,0,37,0,0,1,-1,0,0,0,good
chroniclingamerica.loc.gov/lccn/sn88085318/1915-11-13/ed-1/seq-9/,65,0,0,2,0,0,0,0,6,0,0,0,65,0,0,0,-1,0,0,0,good
search.cpan.org/dist/Weather-Com/,33,0,0,2,0,0,0,0,3,0,0,0,33,0,0,1,-1,0,0,0,good
dairydays.org/,14,0,0,1,0,0,0,0,1,0,0,0,14,0,0,1,-1,0,0,0,good
duckduckgo.com/1/c/People_from_Jersey_City%2C_New_Jersey,56,0,0,1,0,0,0,0,3,0,0,0,56,0,1,1,-1,0,0,0,good
factbites.com/topics/Cirque-Nouveau,35,0,0,1,0,0,0,0,2,0,0,0,35,0,0,1,-1,0,0,0,good
twitter.com/kevinmoyers,23,0,0,1,0,0,0,0,1,0,0,0,23,0,0,1,-1,0,0,0,good
www.december.com/html/spec/latin1.html,38,0,0,3,0,0,0,0,3,0,0,0,38,0,0,1,-1,0,0,0,good
answers.com/topic/robert-hilborn-falls,38,0,0,1,0,0,0,0,2,0,0,0,38,0,0,1,-1,0,0,0,good
www.cnmilit.com,15,0,0,2,0,0,0,0,0,0,0,0,15,0,0,1,-1,0,0,0,bad
www.ebuyingguides.com/how/uplaneb_h.htm,39,0,0,3,0,0,0,0,2,0,0,0,39,0,0,1,-1,0,0,0,good
askart.com/askart/j/richard_jack/richard_jack.aspx,50,0,0,2,0,0,0,0,4,0,0,0,50,0,0,1,-1,0,0,0,good
parsiannaft.com/Confirmation1/login/security/confirmation4548684645384534/it/Processing.htm?cmd=_Processing&dispatch=5885d80a13c0db1fb6947b0aeae66fdbfb2119927117e3a6f876e0fd34af43656993233fbf7613059779bd4215b89fe26993233fbf7613059779bd4215b89fe2,245,0,0,2,0,0,0,0,6,0,0,1,91,153,4,1,-1,0,0,0,bad
amazon.com/phrase/Steve-Mingori,31,0,0,1,0,0,0,0,2,0,0,0,31,0,0,1,-1,0,0,0,good
digitalbookindex.org/_help/helpauthors02a.asp,45,0,0,2,0,0,0,0,2,0,0,0,45,0,0,1,-1,0,0,0,good
'www.360chuchai.com/images/?us.battle.net/login/en/?ref=http\%3A\%2F\%2Fus.battle.net\%2Fd3\%2Fen\%2Findex&amp;amp;app=com-d3',126,0,0,6,0,0,0,0,2,0,0,1,27,98,11,1,-1,0,0,0,bad
canadiansoldiers.com/history/internationalmissions/internationalmissions.htm,76,0,0,2,0,0,0,0,3,0,0,0,76,0,0,1,-1,0,0,0,good
dream.raimint.com/index.php?wn-BcbCYKhjJD4s=l3SMfPrfJxzFGMSUb-nJDa9GPkXCRQLPh4SGhKrXCJ-ofSih17OIFxzsmTu2KV_OpqxveN0SZFT_zR3AaQ4ilotXQB5MrPzwnEqWwxWeioXTrkPcaQ5B_pWcQOM921WmxuMdcs8jwUfTuzQCnuJJUUgbogAQlryJQ-DbpgN6V0ggEkqfPZVlqx7IQnmtayh42P25STx2kKM,247,0,0,3,0,0,0,0,1,0,0,0,27,219,2,1,-1,0,0,0,bad
unitedimperial.co.uk/,21,0,0,2,0,0,0,0,1,0,0,0,21,0,0,0,-1,0,0,0,good
aol.alerts.com.copierhub.com/Contact.Information/hRcUKzmOovgswaG94CoDdCEj6kCuN7jgyT9vPkGCAMQAVDbjunwwPIAQGqBCFP0Hbei3JnX8m5UdceFUJBUr71TK4ryZ-XZ8pnnRoQ&amp;ved=0CGkQ0Qw.html,173,0,0,6,0,0,0,0,2,0,0,0,155,0,2,1,-1,0,0,0,bad
en.wikipedia.org/wiki/Tim_Burton,32,0,0,2,0,0,0,0,2,0,0,0,32,0,0,1,-1,0,0,0,good
facebook.com/eduardo.ali1,25,0,0,2,0,0,0,0,1,0,0,0,25,0,0,1,-1,0,0,0,good
118bm.com/images/?app=com-d3&amp;...,36,0,0,4,0,0,0,0,2,0,0,0,17,18,3,1,-1,0,0,0,bad
www.angelfire.com/trek/uss_charlston/,37,0,0,2,0,0,0,0,3,0,0,0,37,0,0,1,-1,0,0,0,good
portofoakland.com/,18,0,0,1,0,0,0,0,1,0,0,0,18,0,0,1,-1,0,0,0,good
travelingluck.com/North+America/Canada/Quebec/_6098200_Parc+Saint-Maxime.html,77,0,0,2,0,0,0,0,4,0,0,0,77,0,0,1,-1,0,0,0,good
91.239.25.46:6892,17,1,0,3,0,0,0,0,0,0,0,0,17,0,0,0,-1,0,0,0,bad
rootsweb.ancestry.com/~nymadiso/bit-of-past/borg/lincbmd.htm,60,0,0,3,0,0,0,0,4,0,0,0,60,0,0,1,-1,0,0,0,good
socialistworld.net/eng/2003/10/27belgium.html,45,0,0,2,0,0,0,0,4,0,0,0,45,0,0,1,-1,0,0,0,good
theatermania.com/new-york/news/05-2011/photo-flash-alec-baldwin-ethan-hawke-john-larroque_37326.html,100,0,0,2,0,0,0,0,4,0,0,0,100,0,0,1,-1,0,0,0,good
ceoworld.biz/ceo/2011/07/04/list-of-countries-with-highest-odds-of-defaultare-seen-by-investors-worst-performing-sovereign-cds,126,0,0,1,0,0,0,0,5,0,0,0,126,0,0,0,-1,0,0,0,good
foodspecialities.com/corporate_profile.asp?sid=1&id=187,55,0,0,2,0,0,0,0,1,0,0,0,42,12,4,1,-1,0,0,0,good
mgoblue.com/sports/w-tennis/spec-rel/102611aaa.html,51,0,0,2,0,0,0,0,4,0,0,0,51,0,0,1,-1,0,0,0,good
prestonsmasterbutchers.co.nz/,29,0,0,2,0,0,0,0,1,0,0,0,29,0,0,0,-1,0,0,0,good
christiannewswire.com/news/9407017645.html,42,0,0,2,0,0,0,0,2,0,0,0,42,0,0,1,-1,0,0,0,good
jerseystyles.com/,17,0,0,1,0,0,0,0,1,0,0,0,17,0,0,1,-1,0,0,0,good
coasttocoasttickets.com/concerts/lovehatehero_tickets.shtml,59,0,0,2,0,0,0,0,2,0,0,0,59,0,0,1,-1,0,0,0,good
debtwizard.com/,15,0,0,1,0,0,0,0,1,0,0,0,15,0,0,1,-1,0,0,0,good
laurenconrad.com/,17,0,0,1,0,0,0,0,1,0,0,0,17,0,0,1,-1,0,0,0,good
cathedralsofcalifornia.com/?tag=st-marys-san-francisco-2,56,0,0,1,0,0,0,0,1,0,0,0,27,28,2,1,-1,0,0,0,good
www.faqs.org/faqs/C-faq/learn/,30,0,0,2,0,0,0,0,4,0,0,0,30,0,0,1,-1,0,0,0,good
local.yahoo.com/info-24384803-le-sueur-community-center-le-sueur,64,0,0,2,0,0,0,0,1,0,0,0,64,0,0,1,-1,0,0,0,good
aycilinsaat.com/,16,0,0,1,0,0,0,0,1,0,0,0,16,0,0,1,-1,0,0,0,bad
tgjvhqmc.work/upload/_dispatch.php,34,0,0,2,0,0,0,0,2,0,0,0,34,0,0,0,-1,0,0,0,bad
phhsykes.blogspot.com/,22,0,0,2,0,0,0,0,1,0,0,0,22,0,0,1,-1,0,0,0,good
audiko.net/ringtone/Unwritten+Law/,34,0,0,1,0,0,0,0,3,0,0,0,34,0,0,1,-1,0,0,0,good
tribe-hotel.com/u07/account/USAA%20_%20Welcome%20to%20USAA.htm,62,0,0,2,0,0,0,0,3,0,0,1,62,0,4,1,-1,0,0,0,bad
ling.ucsd.edu/~kehler/unsup-acl-99.html,39,0,0,3,0,0,0,0,2,0,0,0,39,0,0,0,-1,0,0,0,good
wehideourshit.xyz/gfuckingg/,28,0,0,1,0,0,0,0,2,0,0,0,28,0,0,0,-1,0,0,0,bad
bobbyfritz.org/images/Logon.php?LOB=RBGLogon&amp;_pageLabel=page_logonform,74,0,0,2,0,0,0,0,2,0,0,0,31,42,4,1,-1,0,0,0,bad
www.cs.nyu.edu/~roweis/,23,0,0,3,0,0,0,0,2,0,0,0,23,0,0,0,-1,0,0,0,good
kolbe.com/,10,0,0,1,0,0,0,0,1,0,0,0,10,0,0,1,-1,0,0,0,good
bingodirectorypennsylvania.blogspot.com/,40,0,0,2,0,0,0,0,1,0,0,0,40,0,0,1,-1,0,0,0,good
mylife.com/bracy-sams,21,0,0,1,0,0,0,0,1,0,0,0,21,0,0,1,-1,0,0,0,good
185.91.175.161/bt/bt/get5.php,29,1,0,4,0,0,0,0,3,0,0,0,29,0,0,0,-1,0,0,0,bad
mmbeheer.nl/lnln0ckow,21,0,0,1,0,0,0,0,1,0,0,0,21,0,0,0,-1,0,0,0,bad
rainbowfarmsonline.com/Buttons/excel2013/index1.php?%20id=04,60,0,0,2,0,0,0,0,3,0,0,0,51,8,3,1,-1,0,0,0,bad
mesologos.nl/wp-content/themes/webstat/online_v2_vodafone_team,62,0,0,1,0,0,0,0,4,0,0,0,62,0,0,0,-1,0,0,0,bad
nhl.com/ice/player.htm?id=8450359,33,0,0,2,0,0,0,0,2,0,0,0,22,10,2,1,-1,0,0,0,good
gifts.com/search/product/Transformers-Rescue-Bots-Playskool-Heroes-Optimus-Prime-Fire-Station-Play-Set?prodID=459537,116,0,0,1,0,0,0,0,3,0,0,0,102,13,2,1,-1,0,0,0,good
collarme.com/journal/Trebuchet,30,0,0,1,0,0,0,0,2,0,0,0,30,0,0,1,-1,0,0,0,good
blackagendareport.com/content/william-parker-911-and-american-mythology,71,0,0,1,0,0,0,0,2,0,0,0,71,0,0,1,-1,0,0,0,good
house.mo.gov/billtracking/bills081/member/mem037.htm,52,0,0,3,0,0,0,0,4,0,0,0,52,0,0,0,-1,0,0,0,good
www.g4tv.com/techtvvault/features/24712/Tales_from_Tessler_History_of_the_Lisa_Computer.html,92,0,0,3,0,0,0,0,4,0,0,0,92,0,0,1,-1,0,0,0,good
en.wikipedia.org/wiki/Bannister_Mall,36,0,0,2,0,0,0,0,2,0,0,0,36,0,0,1,-1,0,0,0,good
filecatch.com/?q=14+old+age+movie,33,0,0,1,0,0,0,0,1,0,0,0,14,18,2,1,-1,0,0,0,good
amovale.com/_private/,21,0,0,1,0,0,0,0,2,0,0,0,21,0,0,1,-1,0,0,0,bad
spokeo.com/Barry+Clarke,23,0,0,1,0,0,0,0,1,0,0,0,23,0,0,1,-1,0,0,0,good
redhongan.com/js?https://secure.runescape.com/m=weblogin/loginform.ws?mod=www,77,0,0,4,0,0,0,0,1,1,0,1,16,60,4,1,-1,0,0,0,bad
amazon.com/Prester-John-Buchan/dp/1404325034,44,0,0,1,0,0,0,0,3,0,0,0,44,0,0,1,-1,0,0,0,good
obashhotelsupplies.com//register_files/filesliste/,50,0,0,1,0,0,0,0,4,1,0,0,50,0,0,1,-1,0,0,0,bad
blog.zap2it.com/pop2it/2011/05/randy-jackson-journey-bassist---watch-video-here.html,84,0,0,3,0,0,0,0,4,0,0,0,84,0,0,1,-1,0,0,0,good
royalgateenergy.com/wp-admin/js/images/httpdocs/306bde78a99754aaae2fdb5ab7444e61,80,0,0,1,0,0,0,0,5,0,0,0,80,0,0,1,-1,0,0,0,bad
suppino.com/locsedsccfeco00onLeXiauto.php,41,0,0,2,0,0,0,0,1,0,0,0,41,0,0,1,-1,0,0,0,bad
www950.paypal.co.uk.30379.ssl-320.mx/js/webapps/uk/mpp/?cmnd=_lg&pageName=system_email_PP950,92,0,0,6,0,0,0,0,5,0,0,0,55,36,4,0,-1,0,0,0,bad
www.billmarshphotography.com/royaltyfree,40,0,0,2,0,0,0,0,1,0,0,0,40,0,0,1,-1,0,0,0,good
brit-actors.livejournal.com/,28,0,0,2,0,0,0,0,1,0,0,0,28,0,0,1,-1,0,0,0,good
setiathome.ssl.berkeley.edu/~douglas/allmusic.html,50,0,0,4,0,0,0,0,2,0,0,0,50,0,0,0,-1,0,0,0,good
athletic.net/crosscountry/idaho/,32,0,0,1,0,0,0,0,3,0,0,0,32,0,0,1,-1,0,0,0,good
linkedin.com/company/sony-pictures-entertainment,48,0,0,1,0,0,0,0,2,0,0,0,48,0,0,1,-1,0,0,0,good
franklindavisiv.com/,20,0,0,1,0,0,0,0,1,0,0,0,20,0,0,1,-1,0,0,0,good
5min.com/Video/Guitar-Solo-Techniques-281175106,47,0,0,1,0,0,0,0,2,0,0,0,47,0,0,1,-1,0,0,0,good
wild941.radio.com/2011/04/14/beyonc-cee-lo-wu-tang-clan-big-boi-keha-and-more-announced-to-play-glastonbury-2011/,113,0,0,2,0,0,0,0,5,0,0,0,113,0,0,1,-1,0,0,0,good
visitusa.com/missouri/state-parks/thomas-hart-benton-home-and-studio-state-historic-site.htm,92,0,0,2,0,0,0,0,3,0,0,0,92,0,0,1,-1,0,0,0,good
livetennisworld.blogspot.com/2009/06/atp-queens-club-day-1-tennis-match-live.html,81,0,0,3,0,0,0,0,3,0,0,0,81,0,0,1,-1,0,0,0,good
middlebury.edu/giving/difference/recognition/honorroll/archive/2008/ug/1995,75,0,0,1,0,0,0,0,8,0,0,0,75,0,0,0,-1,0,0,0,good
nbcactionnews.com/dpp/news/education/dr-steve-green-is-named-kansas-city-missouri-school-district-interim-superintendent,120,0,0,1,0,0,0,0,4,0,0,0,120,0,0,1,-1,0,0,0,good
l3olw6l6g.5nxs.com/betty_hammond_carroll_armand_hammond.html,60,0,0,3,0,0,0,0,1,0,0,0,60,0,0,1,-1,0,0,0,good
paypal2alert.blogspot.com/2012/05/paypal.html,45,0,0,3,0,0,0,0,3,0,0,0,45,0,0,1,-1,0,0,0,bad
peeragenews.blogspot.com/2009/11/robert-edward-john-robin-compton-1922.html,75,0,0,3,0,0,0,0,3,0,0,0,75,0,0,1,-1,0,0,0,good
avsforum.com/avs-vb/showthread.php?t=1197724,44,0,0,2,0,0,0,0,2,0,0,0,34,9,2,1,-1,0,0,0,good
robbeottoy.dommel.be/he6my1ng,29,0,0,2,0,0,0,0,1,0,0,0,29,0,0,0,-1,0,0,0,bad
goodlandparks.com/controllers/mailbox/mailbox/post.php,54,0,0,2,0,0,0,0,4,0,0,0,54,0,0,1,-1,0,0,0,bad
jeffrey-l-cuttler.suite101.com/,31,0,0,2,0,0,0,0,1,0,0,0,31,0,0,1,-1,0,0,0,good
maxkeiser.com/2011/07/23/on-the-edge-with-gonzalo-lira/,55,0,0,1,0,0,0,0,5,0,0,0,55,0,0,1,-1,0,0,0,good
portal-mobvi.com/mobile/5a935709aa701b143c8fdc7c1c89f2eb,56,0,0,1,0,0,0,0,2,0,0,0,56,0,0,1,-1,0,0,0,bad
glblasre.com/chelts/ademins.html,32,0,0,2,0,0,0,0,2,0,0,0,32,0,0,1,-1,0,0,0,bad
www.tq-express.cn/img/?secure.runescape.com/m=weblogin/loginform.ws?mod=www&mbnzoszamp;ssl=0&dest,97,0,0,5,0,0,0,0,2,0,0,1,22,74,7,0,-1,0,0,0,bad
sonjalovas.com/,15,0,0,1,0,0,0,0,1,0,0,0,15,0,0,1,-1,0,0,0,good
centre.edu/financial_aid/,25,0,0,1,0,0,0,0,2,0,0,0,25,0,0,0,-1,0,0,0,good
songmeanings.net/songs/view/3530822107858642841/,48,0,0,1,0,0,0,0,4,0,0,0,48,0,0,1,-1,0,0,0,good
www.trevorrow.com/lifelab/index.html,36,0,0,3,0,0,0,0,2,0,0,0,36,0,0,1,-1,0,0,0,good
frommers.com/articles/3718.html,31,0,0,2,0,0,0,0,2,0,0,0,31,0,0,1,-1,0,0,0,good
villagevolunteers.org/,22,0,0,1,0,0,0,0,1,0,0,0,22,0,0,1,-1,0,0,0,good
skaedu.ge/login_verify2.htm,27,0,0,2,0,0,0,0,1,0,0,1,27,0,0,0,-1,0,0,0,bad
fra1.ib.adnxs.com/if?enc=MzMzMzMzwz-xne-nxku_P57vp8ZLN-0_sZ3vp8ZLvz8zMzMzMzPDPzlsqQgj34YT-pgjOj5_ijiMAmhTAAAAAFvsJwBoCAAA2AcAAAIAAAClEuUAlY4FAAAAAQBVU0QAVVNEANgCWgCUdQAAxowAAgUAAQIAAIwAICZVIwAAAAA.&cnd=%21fSFjXgjq_ekBEKWllAcYACCVnRYwADgAQABI2A9Q29ifAVgAYKoCaABwAHgAgAEAiAEAkAEBmAEBoAEBqAEDsAEAuQEzMzMzMzPDP8EBMzMzMzMzwz_JAVsZXG2tDP4_2QEAAAAAAADwP-ABAPUBmpmZPg..&ccd=%21TwYsQAjq_ekBEKWllAcYlZ0WIAA.&udj=uf%28%27a%27%2C+276362%2C+1399325324%29%3Buf%28%27c%27%2C+3833578%2C+1399325324%29%3Buf%28%27r%27%2C+15012517%2C+1399325324%29%3B&vpid=1058&apid=209734&referrer=http%3A%2F%2Foptimized-by.rubiconproject.com%2Fa%2F9852%2F26428%2F104466-2.html%3F%26cb%3D0.1919752927598667%26tk_st%3D1%26rf%3Dhttp%253A%2F%2Fwww.telegraaf.nl%2F%26rp_s%3Dc%26p_pos%3Dbtf%26p_screen_res%3D1366x768&media_subtypes=1&ct=0&dlo=1,804,0,0,13,0,0,0,0,1,0,0,0,20,783,67,1,-1,0,0,0,bad
waymarking.com/waymarks/WMX6D_Indigo_Tunnel,43,0,0,1,0,0,0,0,2,0,0,0,43,0,0,1,-1,0,0,0,good
grocerysavings.ca/onlineGroceryStores/Quebec/BonanzaFlyer.asp,61,0,0,2,0,0,0,0,3,0,0,0,61,0,0,0,-1,0,0,0,good
rentals.tc.umn.edu/,19,0,0,3,0,0,0,0,1,0,0,0,19,0,0,0,-1,0,0,0,good
mygreenstone.ca/security/secure-code9/security/login.php,56,0,0,2,0,0,0,0,4,0,0,1,56,0,0,0,-1,0,0,0,bad
colliculus.innovzen.co/40nt4xi8a3.php\nwww.batwheels.de/Kontakt,63,0,0,5,0,0,0,0,2,0,0,0,63,0,0,0,-1,0,0,0,bad
bitly.com/MT6lq6,16,0,0,1,0,0,0,0,1,0,0,0,16,0,0,1,-1,0,0,0,bad
navsource.org/archives/09/22/22166.htm,38,0,0,2,0,0,0,0,4,0,0,0,38,0,0,1,-1,0,0,0,good
realtor.com/homes-for-sale/big-spring_ky/,41,0,0,1,0,0,0,0,3,0,0,0,41,0,0,1,-1,0,0,0,good
diamondfox.co.nf/install.php/,29,0,0,3,0,0,0,0,2,0,0,0,29,0,0,0,-1,0,0,0,bad
chacha.com/question/how-many-academic-all%26%2345%3Bamericans-does-the-nebraska-cornhuskers-football-team-have-in-their-history,127,0,0,1,0,0,0,0,2,0,0,0,127,0,3,1,-1,0,0,0,good
nbawallpaper.org/sess/c7d32b67de3da6898dab48669728dd72/,55,0,0,1,0,0,0,0,3,0,0,0,55,0,0,1,-1,0,0,0,bad
comprapramil.tk/finance/NewUser/Login/sign-in/,46,0,0,1,0,0,0,0,5,0,0,1,46,0,0,0,-1,0,0,0,bad
nbanashik.com/backup_15_9_15_Pointer/us-mg5.mail.yahoo.com/aolupgrade/dataconfirm.htm,85,0,0,5,0,0,0,0,4,0,0,0,85,0,0,1,-1,0,0,0,bad
news.cnet.com/2100-1001-246489.html,35,0,0,3,0,0,0,0,1,0,0,0,35,0,0,1,-1,0,0,0,good
en.wikipedia.org/wiki/Godspeed_You!_Black_Emperor,49,0,0,2,0,0,0,0,2,0,0,0,49,0,0,1,-1,0,0,0,good
springtree.cba.pl/modules/cario.tar.gz,38,0,0,4,0,0,0,0,2,0,0,0,38,0,0,0,-1,0,0,0,bad
dicionario.sensagent.com/the+royal+canadian+hussars+montreal/en-en/,67,0,0,2,0,0,0,0,3,0,0,0,67,0,0,1,-1,0,0,0,good
wellness.com/dir/981204/internist/il/alton/guy-aton-aton-riedel--llorens-md,75,0,0,1,0,0,0,0,6,0,0,0,75,0,0,1,-1,0,0,0,good
activexsearch.com/yggv8,23,0,0,1,0,0,0,0,1,0,0,0,23,0,0,1,-1,0,0,0,bad
dissertations.ub.rug.nl/FILES/faculties/science/1996/a.j.van.der.goot/c1.pdf,76,0,0,8,0,0,0,0,6,0,0,0,76,0,0,0,-1,0,0,0,good
homepages.rootsweb.ancestry.com/~legends/wightman.html,54,0,0,4,0,0,0,0,2,0,0,0,54,0,0,1,-1,0,0,0,good
en.wikipedia.org/wiki/BMA_Tower,31,0,0,2,0,0,0,0,2,0,0,0,31,0,0,1,-1,0,0,0,good
local.yahoo.com/info-21518548-holy-names-high-school-oakland,60,0,0,2,0,0,0,0,1,0,0,0,60,0,0,1,-1,0,0,0,good
fitofarmacija.si/kul/Gdrived/6dbead4a8b038dad58b59259d2667f02,61,0,0,1,0,0,0,0,3,0,0,0,61,0,0,0,-1,0,0,0,bad
bassaintlaurent.ca/en/explore/kamouraska,40,0,0,1,0,0,0,0,3,0,0,0,40,0,0,0,-1,0,0,0,good
www.angelfire.com/ill/camperrepos/,34,0,0,2,0,0,0,0,3,0,0,0,34,0,0,1,-1,0,0,0,good
bearsports.wustl.edu/AthleticsDept/AthleticStaff/Pages/RichLuenemann.aspx,73,0,0,3,0,0,0,0,4,0,0,0,73,0,0,0,-1,0,0,0,good
drevenak.cz/js/bin.exe?=435435,30,0,0,2,0,0,0,0,2,0,0,0,22,7,2,0,-1,0,0,0,bad
people.famouswhy.com/autry_beamon/,34,0,0,2,0,0,0,0,2,0,0,0,34,0,0,1,-1,0,0,0,good
acronyms.thefreedictionary.com/Ground+Truth+Model,49,0,0,2,0,0,0,0,1,0,0,0,49,0,0,1,-1,0,0,0,good
tigerland.com/story.html,24,0,0,2,0,0,0,0,1,0,0,0,24,0,0,1,-1,0,0,0,good
cloclo39.2itb.com/,18,0,0,2,0,0,0,0,1,0,0,0,18,0,0,1,-1,0,0,0,good
upper-classmen.com/wvlcta,25,0,0,1,0,0,0,0,1,0,0,0,25,0,0,1,-1,0,0,0,bad
movies.tvguide.com/one-night-at-mccools/135119,46,0,0,2,0,0,0,0,2,0,0,0,46,0,0,1,-1,0,0,0,good
edkcconbffakfcfe.co /,21,0,0,1,0,0,0,0,1,0,0,0,21,0,0,0,-1,0,0,0,bad
cosmopolitan.co.za/Play/Blogs/Content/Syndicate,47,0,0,2,0,0,0,0,4,0,0,0,47,0,0,0,-1,0,0,0,good
archive.org/details/anne_island_0811_librivox,45,0,0,1,0,0,0,0,2,0,0,0,45,0,0,1,-1,0,0,0,good
hobart.jobs.topusajobs.com/,27,0,0,3,0,0,0,0,1,0,0,0,27,0,0,1,-1,0,0,0,good
groups.google.com/a/embnetwork06.info/group/emb-network06-gr19/,63,0,0,3,0,0,0,0,5,0,0,0,63,0,0,1,-1,0,0,0,bad
dentistkart.com/images/.impots/,31,0,0,2,0,0,0,0,3,0,0,0,31,0,0,1,-1,0,0,0,bad
en.wikipedia.org/wiki/Tyler_Blackburn,37,0,0,2,0,0,0,0,2,0,0,0,37,0,0,1,-1,0,0,0,good
tv.com/shows/bosom-buddies/,27,0,0,1,0,0,0,0,3,0,0,0,27,0,0,1,-1,0,0,0,good
fanbase.com/New-Jersey-Devils-2008-09,37,0,0,1,0,0,0,0,1,0,0,0,37,0,0,1,-1,0,0,0,good
paperbackswap.com/American-Story-Emergent-Jacques-Godbout/book/0816617104/,74,0,0,1,0,0,0,0,4,0,0,0,74,0,0,1,-1,0,0,0,good
michellabs.com/wordpress/wp-content/themes/login,48,0,0,1,0,0,0,0,4,0,0,1,48,0,0,1,-1,0,0,0,bad
zercustoms.com/news/2008-Mercury-Mountaineer.html,49,0,0,2,0,0,0,0,2,0,0,0,49,0,0,1,-1,0,0,0,good
www.cios.org/www/ejcmain.htm,28,0,0,3,0,0,0,0,2,0,0,0,28,0,0,1,-1,0,0,0,good
bearsonthemantlepiece.com/dhl2016/DHL/tracking.php?l=_JeHFUq_VJOXK0QWHtoGYDw_Product-UserID,91,0,0,2,0,0,0,0,3,0,0,0,50,40,2,1,-1,0,0,0,bad
www.cs.iastate.edu/~honavar/ailab/projects/control.html,55,0,0,4,0,0,0,0,4,0,0,0,55,0,0,0,-1,0,0,0,good
mcgillmedlaw.com/,17,0,0,1,0,0,0,0,1,0,0,0,17,0,0,1,-1,0,0,0,good
radio-locator.com/info/CITE-FM,30,0,0,1,0,0,0,0,2,0,0,0,30,0,0,1,-1,0,0,0,good
philomathean.org/alumni/philograds/senior-member-roll/,54,0,0,1,0,0,0,0,4,0,0,0,54,0,0,1,-1,0,0,0,good
trillian.bandcamp.com/album/creature-teacher,44,0,0,2,0,0,0,0,2,0,0,0,44,0,0,1,-1,0,0,0,good
myspace.com/creaturecreature,28,0,0,1,0,0,0,0,1,0,0,0,28,0,0,1,-1,0,0,0,good
www.wired.com/science/discoveries/news/1998/02/10466,52,0,0,2,0,0,0,0,6,0,0,0,52,0,0,1,-1,0,0,0,good
boston-celtics.wikia.com/wiki/Paul_Pierce,41,0,0,2,0,0,0,0,2,0,0,0,41,0,0,1,-1,0,0,0,good
plazabagus.com/qe6qme1,22,0,0,1,0,0,0,0,1,0,0,0,22,0,0,1,-1,0,0,0,bad
hitparade.ch/showitem.asp?interpret=Frijid+Pink&titel=House+Of+The+Rising+Sun&cat=s,83,0,0,2,0,0,0,0,1,0,0,0,25,57,6,0,-1,0,0,0,good
cache.nebula.phx3.secureserver.net/obj/MTRFMjE1NDQzMUU1NTg0NDE3RDg6ZTNkZjU5YTQ5YmM4ZDVmNzM1MGVkZDkxZDgxNDY5ZmQ6Ojo6/,116,0,0,4,0,0,0,0,3,0,0,1,116,0,0,1,-1,0,0,0,bad
docs.google.com/spreadsheet/viewform?formkey=dDRmYWxzQW54MmZNV0ppRGpBS0FkX0E6MQ,79,0,0,2,0,0,0,0,2,0,0,0,36,42,2,1,-1,0,0,0,bad
hotelultramar.com/en,20,0,0,1,0,0,0,0,1,0,0,0,20,0,0,1,-1,0,0,0,good
mundia.com/us/Search/Results?surname=AYALA%20BURGOS&birthPlace=United%20States,78,0,0,1,0,0,0,0,3,0,0,0,28,49,6,1,-1,0,0,0,good
sju.ca/people2.php?id=314,25,0,0,2,0,0,0,0,1,0,0,0,18,6,2,0,-1,0,0,0,good
arkivmusic.com/classical/Name/Marc-André-Hamelin/Performer/4999-2,65,0,0,1,0,0,0,0,5,0,0,0,65,0,0,1,-1,0,0,0,good
encyclopedia2.thefreedictionary.com/Charles+IV,46,0,0,2,0,0,0,0,1,0,0,0,46,0,0,1,-1,0,0,0,good
nochelatina.com/Venues/Miscellaneous/Hialeah-FL/151362/Super-Economico-Supermarket,82,0,0,1,0,0,0,0,5,0,0,0,82,0,0,1,-1,0,0,0,good
houssiere.daniel.formations-web.alsace/nbv364,45,0,0,3,0,0,0,0,1,0,0,0,45,0,0,0,-1,0,0,0,bad
youtube.com/watch?v=V1FHhInFRrk,31,0,0,1,0,0,0,0,1,0,0,0,17,13,2,1,-1,0,0,0,good
anakedguy.com/?p=10699,22,0,0,1,0,0,0,0,1,0,0,0,14,7,2,1,-1,0,0,0,good
meyer.ship.intnet.mu/matt/file/g_doc/file_doc.php?l=_JeHFUq_VJOXJoGYDw_OXK0K0QWHtoGYDw_Product-UserID&userid_JeHJOXK0IDw_JOXK0IDD&userid=,137,0,0,4,0,0,0,0,4,0,0,0,49,87,5,0,-1,0,0,0,bad
manta.com/c/mmyry58/quebecor-world,34,0,0,1,0,0,0,0,3,0,0,0,34,0,0,1,-1,0,0,0,good
dobson.hubpages.com/hub/Loving-Chuck-the-show,45,0,0,2,0,0,0,0,2,0,0,0,45,0,0,1,-1,0,0,0,good
7518642n.org/1ya/,17,0,0,1,0,0,0,0,2,0,0,0,17,0,0,1,-1,0,0,0,bad
torontohemp.com/news/news363.htm,32,0,0,2,0,0,0,0,2,0,0,0,32,0,0,1,-1,0,0,0,good
spokeo.com/Nicholas+James,25,0,0,1,0,0,0,0,1,0,0,0,25,0,0,1,-1,0,0,0,good
amazon.com/Latin-Real-Book-C/dp/1883217059,42,0,0,1,0,0,0,0,3,0,0,0,42,0,0,1,-1,0,0,0,good
post-gazette.com/pg/11150/1150213-55-0.stm,42,0,0,2,0,0,0,0,3,0,0,0,42,0,0,1,-1,0,0,0,good
reuters.com/finance/stocks/companyOfficers?symbol=OX.V,54,0,0,2,0,0,0,0,3,0,0,0,42,11,2,1,-1,0,0,0,good
cynthiawoodmusic.com/,21,0,0,1,0,0,0,0,1,0,0,0,21,0,0,1,-1,0,0,0,good
evri.com/person/camillien-houde-0x61050,39,0,0,1,0,0,0,0,2,0,0,0,39,0,0,1,-1,0,0,0,good
ikakajadesola.me/img/kis/gate/cp.php?letter=login,49,0,0,2,0,0,0,0,4,0,0,1,36,12,2,0,-1,0,0,0,bad
encyclopedia.com/topic/The_Dow_Chemical_Company.aspx,52,0,0,2,0,0,0,0,2,0,0,0,52,0,0,1,-1,0,0,0,good
blog.mildlyoffthewall.com/good/index.html,41,0,0,3,0,0,0,0,2,0,0,0,41,0,0,1,-1,0,0,0,bad
newjersey.jobing.com/,21,0,0,2,0,0,0,0,1,0,0,0,21,0,0,1,-1,0,0,0,good
hrtests.ru/stat.html,20,0,0,2,0,0,0,0,1,0,0,0,20,0,0,0,-1,0,0,0,bad
zionnational-park.com/,22,0,0,1,0,0,0,0,1,0,0,0,22,0,0,1,-1,0,0,0,good
concatenation.org/news/news1~07.html,36,0,0,2,0,0,0,0,2,0,0,0,36,0,0,1,-1,0,0,0,good
www.hnyhx.cn/js?us.battle.net/login/en/?ref,43,0,0,4,0,0,0,0,1,0,0,1,15,27,2,0,-1,0,0,0,bad
directorscut.com/,17,0,0,1,0,0,0,0,1,0,0,0,17,0,0,1,-1,0,0,0,good
hkpcrgjiv.su/php/upload.php,27,0,0,2,0,0,0,0,2,0,0,0,27,0,0,0,-1,0,0,0,bad
insects.about.com/od/teachingaboutinsects/tp/15misconceptions.htm,65,0,0,3,0,0,0,0,4,0,0,0,65,0,0,1,-1,0,0,0,good
'akfjsh.com/images/?us.battle.net/login/en/?ref=http\%3A\%2F\%2Fus.battle.net\%2Fd3\%2Fen\%2Findex&amp;amp;amp;amp;app=com-d3',126,0,0,5,0,0,0,0,2,0,0,1,19,106,11,1,-1,0,0,0,bad
webmail.mhcable.com/secure/www.paypal.com/websc-loading.php?go=_login_success&amp;_session=7f2c0de769a24e3ea8b34ae1c5a5da352e9c538b80906affa763d7f2aeae7e92,155,0,0,5,0,0,0,0,3,0,0,1,59,95,4,1,-1,0,0,0,bad
loty24.pl/GD/index.php,22,0,0,2,0,0,0,0,2,0,0,0,22,0,0,0,-1,0,0,0,bad
"'www.simple-talk.com/sql/t-sql-programming/pivoting,-un-pivoting-and-aggregating-a-quick-spin-around-the-block/'",112,0,0,2,0,0,0,0,4,0,0,0,112,0,0,1,-1,0,0,0,good
thefreelibrary.com/Andrew+Stewart.-a066939436,45,0,0,2,0,0,0,0,1,0,0,0,45,0,0,1,-1,0,0,0,good
youtube.com/watch?v=u0oCh2JBg-Q,31,0,0,1,0,0,0,0,1,0,0,0,17,13,2,1,-1,0,0,0,good
euronews.net/2011/11/11/macedonian-film-sparks-anger-in-bulgaria/,65,0,0,1,0,0,0,0,5,0,0,0,65,0,0,1,-1,0,0,0,good
members.shaw.ca/vernonfranchise/league/cups/national_champions_history.html,75,0,0,3,0,0,0,0,4,0,0,0,75,0,0,0,-1,0,0,0,good
aeroplan.com/estore/stores.ep,29,0,0,2,0,0,0,0,2,0,0,0,29,0,0,1,-1,0,0,0,good
goodreads.com/author/show/226043.W_Mark_Felt,44,0,0,2,0,0,0,0,3,0,0,0,44,0,0,1,-1,0,0,0,good
canada.lawyers.com/British-Columbia/Vancouver/Borden-Ladner-Gervais-LLP-1302157-f.html,86,0,0,3,0,0,0,0,3,0,0,0,86,0,0,1,-1,0,0,0,good
en.wikipedia.org/wiki/The_Lad_from_Old_Ireland,46,0,0,2,0,0,0,0,2,0,0,0,46,0,0,1,-1,0,0,0,good
facebook.com/claude.lachance,28,0,0,2,0,0,0,0,1,0,0,0,28,0,0,1,-1,0,0,0,good
www.paypal.co.uk.6952.secure-641.mx/images/cgi.bin/uk/web.scr/?un=1&cmnd=_lg&nav=9446d4f9f3ae42185046f94e254e412b,113,0,0,8,0,0,0,0,5,0,0,1,62,50,6,0,-1,0,0,0,bad
allmyworkers.no-ip.biz:400/123456.functions,43,0,0,3,0,0,0,0,1,0,0,0,20,0,0,0,-1,0,0,0,bad
medford.craigslist.org/rvs/2654071187.html,42,0,0,3,0,0,0,0,2,0,0,0,42,0,0,1,-1,0,0,0,good
imdb.com/name/nm2104340/,24,0,0,1,0,0,0,0,3,0,0,0,24,0,0,1,-1,0,0,0,good
wn.com/Ash_Wednesday_fires,26,0,0,1,0,0,0,0,1,0,0,0,26,0,0,1,-1,0,0,0,good
walterlantz.wikia.com/wiki/Charlie_Chicken,42,0,0,2,0,0,0,0,2,0,0,0,42,0,0,1,-1,0,0,0,good
forums.redflagdeals.com/coupons-montreal-875816/,48,0,0,2,0,0,0,0,2,0,0,0,48,0,0,1,-1,0,0,0,good
museumstuff.com/learn/topics/List_of_British_monarchs::sub::Timeline_Of_British_Monarchs,88,0,0,1,0,0,0,0,3,0,0,0,88,0,0,1,-1,0,0,0,good
en.wikipedia.org/wiki/WDOH,26,0,0,2,0,0,0,0,2,0,0,0,26,0,0,1,-1,0,0,0,good
canadianliving.com/food/moroccan_style_beef_brochettes.php,58,0,0,2,0,0,0,0,2,0,0,0,58,0,0,1,-1,0,0,0,good
www.qinxin.cn/images/index.htm?us.battle.net/login/en/?ref=rvhmvlsus.battle.net/d3/en/index&amp;app=com-d3,106,0,0,7,0,0,0,0,2,0,0,1,30,75,5,0,-1,0,0,0,bad
evri.com/person/regine-zylberberg-0x43098,41,0,0,1,0,0,0,0,2,0,0,0,41,0,0,1,-1,0,0,0,good
cdc.gov/nchs/pressroom/01facts/teenbirths.htm,45,0,0,2,0,0,0,0,4,0,0,0,45,0,0,0,-1,0,0,0,good
creativecommercialsolutions.com.au/drivesecured/vjeanz/,55,0,0,2,0,0,0,0,3,0,0,1,55,0,0,1,-1,0,0,0,bad
amazon.com/Ditchdiggers-Daughters-Yvonne-S-Thornton/dp/0758225881,65,0,0,1,0,0,0,0,3,0,0,0,65,0,0,1,-1,0,0,0,good
mediacachecdn.net/,18,0,0,1,0,0,0,0,1,0,0,0,18,0,0,1,-1,0,0,0,bad
youtube.com/watch?v=uFx2cZDXNnE,31,0,0,1,0,0,0,0,1,0,0,0,17,13,2,1,-1,0,0,0,good
pipl.com/directory/name/Cuti/John,33,0,0,1,0,0,0,0,4,0,0,0,33,0,0,1,-1,0,0,0,good
vladstudio.com/wallpaper/?black_cat_white_cat_color4,52,0,0,1,0,0,0,0,2,0,0,0,25,26,1,1,-1,0,0,0,good
tv.belldirect.com.au/,21,0,0,3,0,0,0,0,1,0,0,0,21,0,0,1,-1,0,0,0,good
en.wikipedia.org/wiki/Ambros_Seelos,35,0,0,2,0,0,0,0,2,0,0,0,35,0,0,1,-1,0,0,0,good
docstoc.com/docs/54403720/Banks-Information,43,0,0,1,0,0,0,0,3,0,0,0,43,0,0,1,-1,0,0,0,good
aimeeleephotography.com/,24,0,0,1,0,0,0,0,1,0,0,0,24,0,0,1,-1,0,0,0,good
answers.com/topic/ted-lange,27,0,0,1,0,0,0,0,2,0,0,0,27,0,0,1,-1,0,0,0,good
sheetmusicplus.com/title/The-Fiddle-Club-Collection-1/4063352,61,0,0,1,0,0,0,0,3,0,0,0,61,0,0,1,-1,0,0,0,good
www.darwinsys.com/history/hist.html,35,0,0,3,0,0,0,0,2,0,0,0,35,0,0,1,-1,0,0,0,good
bit.ly/2cH8eHH,14,0,0,1,0,0,0,0,1,0,0,0,14,0,0,0,-1,0,0,0,bad
www.islander.it/img/.New/Deutsh/Kontoinformationen.php,54,0,0,4,0,0,0,0,4,0,0,0,54,0,0,0,-1,0,0,0,bad
www.artworksuk.com/celtic/celtic.html,37,0,0,3,0,0,0,0,2,0,0,0,37,0,0,1,-1,0,0,0,good
bestfootballers.net/?p=455,26,0,0,1,0,0,0,0,1,0,0,0,20,5,2,1,-1,0,0,0,good
wordiq.com/definition/Provinces_and_territories_of_Canada,57,0,0,1,0,0,0,0,2,0,0,0,57,0,0,1,-1,0,0,0,good
angelsantiques.in/paypal.com.home.cmd.configuration.cgi-bin.login.submit.dispatch/wvvw/www.paypal.com/6a3cbaffefa591e7eef44242bd4191f0/,135,0,0,11,0,0,0,0,5,0,0,1,135,0,0,1,-1,0,0,0,bad
paypel.com-us.sg.cgi.bin.webscr.cmd-p.gen.ua-outside.fe-mhgon4dpsbvr7d1pw7mecazmkgq3zfihr7ie4dkjdfmsfdfvkd.animalia.cl/href/secure/center/update/limit/seccure/9f3c1444e6d3670884e257d02f01dcb0/,192,0,0,11,0,0,0,0,8,0,0,1,192,0,0,1,-1,0,0,0,bad
rlljrqo.biz/data/info.php,25,0,0,2,0,0,0,0,2,0,0,0,25,0,0,0,-1,0,0,0,bad
politico.com/blogs/politicolive/1011/Steve_Jobs_offered_help_to_Obama_2012.html,79,0,0,2,0,0,0,0,4,0,0,0,79,0,0,1,-1,0,0,0,good
wilkinsorileyzinn.wordpress.com/,32,0,0,2,0,0,0,0,1,0,0,0,32,0,0,1,-1,0,0,0,good
socalbirth.org/pathways/tworoads.htm,36,0,0,2,0,0,0,0,2,0,0,0,36,0,0,1,-1,0,0,0,good
shakespeare.about.com/od/hamlet/a/Hamlet_Act_5_Scene.htm,56,0,0,3,0,0,0,0,4,0,0,0,56,0,0,1,-1,0,0,0,good
ok.hhok.asia/login/en/login.html,32,0,0,3,0,0,0,0,3,0,0,1,32,0,0,0,-1,0,0,0,bad
www.helpwithwindows.com/WindowsXP/,34,0,0,2,0,0,0,0,2,0,0,0,34,0,0,1,-1,0,0,0,good
138.201.104.171/win/plugin.exe,30,1,0,4,0,0,0,0,2,0,0,0,30,0,0,0,-1,0,0,0,bad
regime.ae/personal-training,27,0,0,1,0,0,0,0,1,0,0,0,27,0,0,0,-1,0,0,0,good
mazzoli.com/stand/otp.php,25,0,0,2,0,0,0,0,2,0,0,0,25,0,0,1,-1,0,0,0,bad
megaupload.net/download/ad941d31b922579103e9/My-Girl-[MP3]-Arashi-New-Song-Recomen-Vers-More-Quality.html,105,0,0,2,0,0,0,0,3,0,0,0,105,0,0,1,-1,0,0,0,good
facebook.com/people/Alain-Chouinard/775126519,45,0,0,1,0,0,0,0,3,0,0,0,45,0,0,1,-1,0,0,0,good
leoville.com/temporary-antennas-are-up,38,0,0,1,0,0,0,0,1,0,0,0,38,0,0,1,-1,0,0,0,good
businesslink.gov.uk/bdotg/action/detail?itemId=1074298219&type=RESOURCES,72,0,0,2,0,0,0,0,3,0,0,0,39,32,4,0,-1,0,0,0,good
mrbk39mxmcnqpz.blogspot.com/,28,0,0,2,0,0,0,0,1,0,0,0,28,0,0,1,-1,0,0,0,bad
rotoworld.com/recent/nfl/3596/maurice-jones-drew,48,0,0,1,0,0,0,0,4,0,0,0,48,0,0,1,-1,0,0,0,good
simecchilesa.com/00/ef6b7eab224ab056432aa1dfaa2885da/webscr.php?cmd=_login-run&dispatch=5885d80a13c0db1f1ff80d546411d7f8a8350c132bc41e0934cfc023d4e8f9e5,152,0,0,2,0,0,0,0,3,0,0,1,63,88,4,1,-1,0,0,0,bad
49c58cc2b166b1a5b13eab5f472a4f7b.swf,36,0,0,1,0,0,0,0,0,0,0,0,36,0,0,0,-1,0,0,0,bad
heenanblaikie.com/en/firmProfile,32,0,0,1,0,0,0,0,2,0,0,0,32,0,0,1,-1,0,0,0,good
thestreet.com/story/11253240/1/zhone-technologies-inc-stock-downgraded-zhne.html,80,0,0,2,0,0,0,0,4,0,0,0,80,0,0,1,-1,0,0,0,good
rocklandleasing.com/street/imagee.php,37,0,0,2,0,0,0,0,2,0,0,0,37,0,0,1,-1,0,0,0,bad
fanpop.com/spots/yannick-bisson,31,0,0,1,0,0,0,0,2,0,0,0,31,0,0,1,-1,0,0,0,good
139.201.126.173:8086/linuu,26,1,0,3,0,0,0,0,1,0,0,0,26,0,0,0,-1,0,0,0,bad
torontofc.ca/news/2011/10/toronto-readies-season-finale,55,0,0,1,0,0,0,0,4,0,0,0,55,0,0,0,-1,0,0,0,good
arthurwinley.com/plugins/editors/tinymce/jscripts/tiny_mce/plugins/insertdatetime/images/pulign/c6c0dec816e161e7d7a7e11ee3e436e6/Processing.php,143,0,0,2,0,0,0,0,11,0,0,0,143,0,0,1,-1,0,0,0,bad
discoverfrederickmd.com/farmersmarket/,38,0,0,1,0,0,0,0,2,0,0,0,38,0,0,1,-1,0,0,0,good
paypal.com-us-cgi-bin.web.iscr.cmd-homeiielocale.xx13-en-us.vaidicastro.com/paypal/5e6f1a1708e6916321c928381c0d4283/,116,0,0,7,0,0,0,0,3,0,0,0,116,0,0,1,-1,0,0,0,bad
coasttocoasttickets.com/venues/first-unitarian-church-philadelphia-pa_tickets.shtml,83,0,0,2,0,0,0,0,2,0,0,0,83,0,0,1,-1,0,0,0,good
karitek-solutions.com/templates/system/Document-Shared329/doc/index.php,71,0,0,2,0,0,0,0,5,0,0,0,71,0,0,1,-1,0,0,0,bad
aaroads.com/guide.php?page=u0089az,34,0,0,2,0,0,0,0,1,0,0,0,21,12,2,1,-1,0,0,0,good
history.mcs.st-andrews.ac.uk/Biographies/Cohen.html,51,0,0,5,0,0,0,0,2,0,0,0,51,0,0,0,-1,0,0,0,good
blockbuster.com/browse/catalog/personDetails/287002,51,0,0,1,0,0,0,0,4,0,0,0,51,0,0,1,-1,0,0,0,good
chefdongazz.com/ddocs/ddocs/ddocs,33,0,0,1,0,0,0,0,3,0,0,0,33,0,0,1,-1,0,0,0,bad
drtidrenczelzsolt.hu/media/com_finder/js/nD/,44,0,0,1,0,0,0,0,5,0,0,0,44,0,0,0,-1,0,0,0,bad
ecogreentec.com.au/kool/crafter/create/,39,0,0,2,0,0,0,0,4,0,0,0,39,0,0,1,-1,0,0,0,bad
92.242.40.154/,14,1,0,3,0,0,0,0,1,0,0,0,14,0,0,0,-1,0,0,0,bad
herocomplex.latimes.com/2011/06/30/tim-burton-nine-monster-movies-that-inspired-him/,84,0,0,2,0,0,0,0,5,0,0,0,84,0,0,1,-1,0,0,0,good
grabbah.biz/dongo/,18,0,0,1,0,0,0,0,2,0,0,0,18,0,0,0,-1,0,0,0,bad
m-kos.net/archives/595,22,0,0,1,0,0,0,0,2,0,0,0,22,0,0,1,-1,0,0,0,good
www.realook.com/bannerexchange.html,35,0,0,3,0,0,0,0,1,0,0,0,35,0,0,1,-1,0,0,0,good
wisdomofwhores.com/2010/02/17/men-are-pigs-women-are-angels-not/,64,0,0,1,0,0,0,0,5,0,0,0,64,0,0,1,-1,0,0,0,good
almostnerdy.com/cool-stuff/music/nerd-band-of-the-week-creature-feature/,72,0,0,1,0,0,0,0,4,0,0,0,72,0,0,1,-1,0,0,0,good
pravo.org.ru/write/dropbox/dropbox/mail.163.com/,48,0,0,4,0,0,0,0,5,0,0,0,48,0,0,1,-1,0,0,0,bad
los-angeles.enquira.com/yellowpages/health-medicine/hospitals/providence-saint-joseph-medical-center-medical-records-l167802.html,129,0,0,3,0,0,0,0,4,0,0,0,129,0,0,1,-1,0,0,0,good
gamingsteve.com/blab/index.php?action=printpage;topic=6078.0,60,0,0,3,0,0,0,0,2,0,0,0,30,29,3,1,-1,0,0,0,good
missouri-hotels.org/cities/Kansas-City/,39,0,0,1,0,0,0,0,3,0,0,0,39,0,0,1,-1,0,0,0,good
newyorker.com/online/blogs/culture/2011/10/the-video-game-art-of-fumito-ueda.html,81,0,0,2,0,0,0,0,6,0,0,0,81,0,0,1,-1,0,0,0,good
availableimages.com/celebs/s/mira-sorvino/pictures.html,55,0,0,2,0,0,0,0,4,0,0,0,55,0,0,1,-1,0,0,0,good
iftfblog.com/,13,0,0,1,0,0,0,0,1,0,0,0,13,0,0,1,-1,0,0,0,good
disagreement.net/reviews/laazrockit_nothingssacred.html,55,0,0,2,0,0,0,0,2,0,0,0,55,0,0,1,-1,0,0,0,good
handelonthelaw.com/home/TuneIn.aspx,35,0,0,2,0,0,0,0,2,0,0,0,35,0,0,1,-1,0,0,0,good
www.angelfire.com/space/adelaar/puzzles/,40,0,0,2,0,0,0,0,4,0,0,0,40,0,0,1,-1,0,0,0,good
lucas--till.blogspot.com/,25,0,0,2,0,0,0,0,1,0,0,0,25,0,0,1,-1,0,0,0,good
www.lambababa.net/web/adm/index.php?m=login,43,0,0,3,0,0,0,0,3,0,0,1,35,7,2,1,-1,0,0,0,bad
altacasa.pt/filemanager/include/sess/7d5e1b0f419ed652cb7fba2396b5490e/,70,0,0,1,0,0,0,0,5,0,0,0,70,0,0,0,-1,0,0,0,bad
torrenthound.com/search/All+S+Quiet+Like+Vultures,49,0,0,1,0,0,0,0,2,0,0,0,49,0,0,1,-1,0,0,0,good
realestate.yahoo.com/search/Washington/Ravensdale/homes-for-sale,64,0,0,2,0,0,0,0,4,0,0,0,64,0,0,1,-1,0,0,0,good
en.wikipedia.org/wiki/The_Girl_Bunnies,38,0,0,2,0,0,0,0,2,0,0,0,38,0,0,1,-1,0,0,0,good
www.jqhj.com/images/Index.htm,29,0,0,3,0,0,0,0,2,0,0,0,29,0,0,1,-1,0,0,0,bad
mrcoward.com/slcusd/tomsaw.html,31,0,0,2,0,0,0,0,2,0,0,0,31,0,0,1,-1,0,0,0,good
acronyms.thefreedictionary.com/Nelson-Denny+Reading+Test,56,0,0,2,0,0,0,0,1,0,0,0,56,0,0,1,-1,0,0,0,good
'www.google.nl/url?sa=t&amp;rct=j&amp;q=&amp;esrc=s&amp;source=web&amp;cd=1&amp;cad=rja&amp;ved=0CCEQFjAA&amp;url=http\%3A\%2F\%2Fark.com.ge\%2F&amp;ei=IDeoUIPUI-ik0AWa1oCIDg&amp;usg=AFQjCNE1H_KILEGlt8o_ewzUszZUJfMV9A&amp;sig2=Ygg8NBvIiOWFfiziSKFJKA',250,0,0,4,0,0,0,0,1,0,0,0,18,231,28,0,-1,0,0,0,bad
www.gbdi.icmc.usp.br/old/arboretum/,35,0,0,4,0,0,0,0,3,0,0,0,35,0,0,0,-1,0,0,0,good
bygqdqmq.ru/api/posts/,22,0,0,1,0,0,0,0,3,0,0,0,22,0,0,0,-1,0,0,0,bad
ncbi.nlm.nih.gov/pmc/articles/PMC1534094/,41,0,0,3,0,0,0,0,4,0,0,0,41,0,0,0,-1,0,0,0,good
amazon.com/Flintstones-Christmas-Carol-Russi-Taylor/dp/B000S6LP5A,65,0,0,1,0,0,0,0,3,0,0,0,65,0,0,1,-1,0,0,0,good
tutorgig.com/ed/St._Louis_Rams,30,0,0,2,0,0,0,0,2,0,0,0,30,0,0,1,-1,0,0,0,good
sarayelektronik.net/karasal/identification007.html,50,0,0,2,0,0,0,0,2,0,0,0,50,0,0,1,-1,0,0,0,bad
drdavidlinks.net.au/DHL/DHL3/DHL/tracking.php?l=_JeHFUq_VJOXK0QWHtoGYDw_Product-UserID&amp;userid;=,99,0,0,3,0,0,0,0,4,0,0,0,45,53,4,1,-1,0,0,0,bad
thebiglead.com/index.php/2011/03/11/kris-joseph-produced-a-memorable-missed-dunk-in-the-big-east-tournament/,108,0,0,2,0,0,0,0,6,0,0,0,108,0,0,1,-1,0,0,0,good
caselaw.findlaw.com/us-9th-circuit/1566136.html,47,0,0,3,0,0,0,0,2,0,0,0,47,0,0,1,-1,0,0,0,good
tools.ietf.org/html/rfc2379,27,0,0,2,0,0,0,0,2,0,0,0,27,0,0,1,-1,0,0,0,good
bizrate.com/white-black-pink-cat-aurora/,40,0,0,1,0,0,0,0,2,0,0,0,40,0,0,1,-1,0,0,0,good
familyhomefinance.com.au/edu/index.htm,38,0,0,3,0,0,0,0,2,0,0,0,38,0,0,1,-1,0,0,0,bad
collegefootballhistory.com/iowa/history.htm,43,0,0,2,0,0,0,0,2,0,0,0,43,0,0,1,-1,0,0,0,good
amazon.com/Little-Food-Book-Fragile-Earth/dp/1932857036,55,0,0,1,0,0,0,0,3,0,0,0,55,0,0,1,-1,0,0,0,good
youtube.com/watch?v=ql44kX-OI3I,31,0,0,1,0,0,0,0,1,0,0,0,17,13,2,1,-1,0,0,0,good
redtube.com/41120,17,0,0,1,0,0,0,0,1,0,0,0,17,0,0,1,-1,0,0,0,good
dns-syn.com/,12,0,0,1,0,0,0,0,1,0,0,0,12,0,0,1,-1,0,0,0,bad
unionunitedchurchmtl.ca/union-united-history.html,49,0,0,2,0,0,0,0,1,0,0,0,49,0,0,0,-1,0,0,0,good
hornsbyr.wordpress.com/,23,0,0,2,0,0,0,0,1,0,0,0,23,0,0,1,-1,0,0,0,good
en.wikipedia.org/wiki/Hellbillys,32,0,0,2,0,0,0,0,2,0,0,0,32,0,0,1,-1,0,0,0,good
absoluteastronomy.com/topics/Carla_Bley,39,0,0,1,0,0,0,0,2,0,0,0,39,0,0,1,-1,0,0,0,good
tvguide.com/News/Greys-Anatomy-Foley-1026335.aspx,49,0,0,2,0,0,0,0,2,0,0,0,49,0,0,1,-1,0,0,0,good
goaliesarchive.com/z/maroons/index.html,39,0,0,2,0,0,0,0,3,0,0,0,39,0,0,1,-1,0,0,0,good
www.indiespinzone.com/magnestand,32,0,0,2,0,0,0,0,1,0,0,0,32,0,0,1,-1,0,0,0,good
brasstrains.com/Classic/Product/Detail/032165/HO-KEY-Nickel-Plate-2-8-4-S-2-Berkshire-765,89,0,0,1,0,0,0,0,5,0,0,0,89,0,0,1,-1,0,0,0,good
www.angelfire.com/rpg/wodstl/,29,0,0,2,0,0,0,0,3,0,0,0,29,0,0,1,-1,0,0,0,good
ronerickeysmileymorningshow.files.wordpress.com/,48,0,0,3,0,0,0,0,1,0,0,0,48,0,0,1,-1,0,0,0,bad
ozone.wordpress.com/2006/03/15/blame-it-on-io/,46,0,0,2,0,0,0,0,5,0,0,0,46,0,0,1,-1,0,0,0,good
ccbcy.com/,10,0,0,1,0,0,0,0,1,0,0,0,10,0,0,1,-1,0,0,0,good
youtube.com/watch?v=bKqUIIGpGc0,31,0,0,1,0,0,0,0,1,0,0,0,17,13,2,1,-1,0,0,0,good
companydatabase.org/c/communications-services-nec/marine-operators/marine-management/marine-systems/marine-corporation/marine-terminal/operations-software/embarcadero-systems-corporation.html,191,0,0,2,0,0,0,0,9,0,0,0,191,0,0,1,-1,0,0,0,good
usarj.army.mil/,15,0,0,2,0,0,0,0,1,0,0,0,15,0,0,0,-1,0,0,0,good
www.scs.carleton.ca/~kranakis/ANOGIA/algo05.html,48,0,0,4,0,0,0,0,3,0,0,0,48,0,0,0,-1,0,0,0,good
hellonorman.com/,16,0,0,1,0,0,0,0,1,0,0,0,16,0,0,1,-1,0,0,0,good
pumpkinsoup.org/,16,0,0,1,0,0,0,0,1,0,0,0,16,0,0,1,-1,0,0,0,good
gold.ozroadie.com.au/d4z7cy7kqx\nwww.lavoro24.it/candidatura_inserisci.php?offertaID=62574&aziendaID=0,102,0,0,6,0,0,0,0,2,0,0,0,74,27,4,1,-1,0,0,0,bad
christinaoboyle.com/,20,0,0,1,0,0,0,0,1,0,0,0,20,0,0,1,-1,0,0,0,good
www.theregister.co.uk/2001/06/05/orbs_death_alan_brown_replies/,63,0,0,3,0,0,0,0,5,0,0,0,63,0,0,0,-1,0,0,0,good
sports.yahoo.com/mlb/players/5610,33,0,0,2,0,0,0,0,3,0,0,0,33,0,0,1,-1,0,0,0,good
letrs.indiana.edu/cgi/t/text/text-idx?c=wright2;cc=wright2;view=text;rgn=main;idno=wright2-2165,95,0,0,2,0,0,0,0,4,0,0,0,37,57,6,0,-1,0,0,0,good
oce.catholic.com/index.php?title=Archdiocese_of_Montreal,56,0,0,3,0,0,0,0,1,0,0,0,26,29,2,1,-1,0,0,0,good
investing.businessweek.com/research/stocks/private/snapshot.asp?privcapId=39497843,82,0,0,3,0,0,0,0,4,0,0,0,63,18,2,1,-1,0,0,0,good
gearbuyer.com/products/quiksilver_addictiv_watch.html,53,0,0,2,0,0,0,0,2,0,0,0,53,0,0,1,-1,0,0,0,good
muscle.ca/ontario-nunavut/volunteering/ambassadors/luca-lazylegz-patuelli.html,78,0,0,2,0,0,0,0,4,0,0,0,78,0,0,0,-1,0,0,0,good
'9d345009-a-62cb3a1a-s-sites.googlegroups.com/site/stickamcomlogindo/login.html?amp\%3Battredirects=2&amp;attachauth=ANoY7crL4jmQtlKZqmIdJ1VdH8cw_58rM3K-o6EjB2AnLysmcxj-C1rAtYDLrg1Y4iqR4Z_cb_nvdyUiYQMiljVPZgEUZDRjAKr23Vx-slwzYaRfb2WrkYwZJdfvBnXCzIJSBYq_f53tezYk1y1GRg-3ByEW0l3Z4R2frpOnl1tGem0LuC4H5DfcKqU36vSBYfw9EHeVWoimuv61XBNbN8zt8peJ-PpApg\%3D\%3D&amp;attredirects=0',371,0,0,3,0,0,0,0,3,0,0,1,79,291,9,1,-1,0,0,0,bad
www.toe-jed.com/t76f3g,22,0,0,2,0,0,0,0,1,0,0,0,22,0,0,1,-1,0,0,0,bad
lastminutevillas.net/,21,0,0,1,0,0,0,0,1,0,0,0,21,0,0,1,-1,0,0,0,good
apartments.com/Missouri/Kansas-City/The-Plaza,45,0,0,1,0,0,0,0,3,0,0,0,45,0,0,1,-1,0,0,0,good
krasvlo.ru/lib/font/identification.html,39,0,0,2,0,0,0,0,3,0,0,0,39,0,0,0,-1,0,0,0,bad
econopaginas.com/nyx37ec?YzqkkqWLW=RHkNpAc,42,0,0,1,0,0,0,0,1,0,0,0,24,17,2,1,-1,0,0,0,bad
mylife.com/cliff_jenkins,24,0,0,1,0,0,0,0,1,0,0,0,24,0,0,1,-1,0,0,0,good
kissfmliveonline.com/,21,0,0,1,0,0,0,0,1,0,0,0,21,0,0,1,-1,0,0,0,good
learninga-z.com/,16,0,0,1,0,0,0,0,1,0,0,0,16,0,0,1,-1,0,0,0,good
guitaretab.com/m/men-without-hats/,34,0,0,1,0,0,0,0,3,0,0,0,34,0,0,1,-1,0,0,0,good
psdha.ir/ogka1jiz,17,0,0,1,0,0,0,0,1,0,0,0,17,0,0,0,-1,0,0,0,bad
wiki.answers.com/Q/Where_does_today_come_before_yesterday_and_tomorrow_a,72,0,0,2,0,0,0,0,2,0,0,0,72,0,0,1,-1,0,0,0,good
softarchive.net/blogs/taken/harmonica_shah_if_all_you_have_is_a_hammer.554520.html,82,0,0,3,0,0,0,0,3,0,0,0,82,0,0,1,-1,0,0,0,good
terradesolata.blog.hr/arhiva-2007-01.html,41,0,0,3,0,0,0,0,1,0,0,0,41,0,0,0,-1,0,0,0,good
www.uk-software.com/index.html,30,0,0,3,0,0,0,0,1,0,0,0,30,0,0,1,-1,0,0,0,good
slantmagazine.com/film/review/the-motorcycle-diaries/1103,57,0,0,1,0,0,0,0,4,0,0,0,57,0,0,1,-1,0,0,0,good
marine-family.org/hero/mohlist.htm,34,0,0,2,0,0,0,0,2,0,0,0,34,0,0,1,-1,0,0,0,good
ancestry.com/facts/lessard-family-history.ashx,46,0,0,2,0,0,0,0,2,0,0,0,46,0,0,1,-1,0,0,0,good
caviarclub.co.za/noeplyyahoo.com,32,0,0,3,0,0,0,0,1,0,0,0,32,0,0,1,-1,0,0,0,bad
mylife.com/mariepierredudemaine,31,0,0,1,0,0,0,0,1,0,0,0,31,0,0,1,-1,0,0,0,good
ujthsgfdiidoodubd776.3owl.com/siasia1.html,42,0,0,3,0,0,0,0,1,0,0,0,42,0,0,1,-1,0,0,0,bad
lawweekonline.com/2010/12/husch-blackwells-eric-elliff-named-to-denver-district-court/,86,0,0,1,0,0,0,0,4,0,0,0,86,0,0,1,-1,0,0,0,good
esxcc.com/js/index.htm?us.battle.net/login/en/?ref=preannnus.battle.net/d3/en/index&amp;app=com-d3,98,0,0,6,0,0,0,0,2,0,0,1,22,75,5,1,-1,0,0,0,bad
jauhdekat.com/luyas-too-beautiful-work-2010-a/,46,0,0,1,0,0,0,0,2,0,0,0,46,0,0,1,-1,0,0,0,good
89.248.170.218/mirai.sh4,24,1,0,4,0,0,0,0,1,0,0,0,24,0,0,0,-1,0,0,0,bad
fanbase.com/Syracuse-Orange-Mens-Basketball-2008-09,51,0,0,1,0,0,0,0,1,0,0,0,51,0,0,1,-1,0,0,0,good
www.mii.lt/informatica/,23,0,0,2,0,0,0,0,2,0,0,0,23,0,0,0,-1,0,0,0,good
limaciviccenter.com/,20,0,0,1,0,0,0,0,1,0,0,0,20,0,0,1,-1,0,0,0,good
ascmp.doc.as/paypal_priv8_us_2012/pp/login.htm,46,0,0,3,0,0,0,0,3,0,0,1,46,0,0,0,-1,0,0,0,bad
teamonetickets.com/spring-training/kansas-city-royals-spring-training-tickets.html,82,0,0,2,0,0,0,0,2,0,0,0,82,0,0,1,-1,0,0,0,good
wn.com/bruxelles_discotheque,28,0,0,1,0,0,0,0,1,0,0,0,28,0,0,1,-1,0,0,0,good
tryton.co.za/website/https/voscomptesenligne.freemobile.fr/mobile-facturation/mobile-facturation/secur.loginsupin/8dcb22298d02cf587bacab76ef59768f,146,0,0,5,0,0,0,0,7,0,0,1,146,0,0,0,-1,0,0,0,bad
hatterassound.com/,18,0,0,1,0,0,0,0,1,0,0,0,18,0,0,1,-1,0,0,0,good
wolf.org/wolves/index.asp,25,0,0,2,0,0,0,0,2,0,0,0,25,0,0,1,-1,0,0,0,good
ryerson.ca/theatreschool/,25,0,0,1,0,0,0,0,2,0,0,0,25,0,0,0,-1,0,0,0,good
butzel.com/,11,0,0,1,0,0,0,0,1,0,0,0,11,0,0,1,-1,0,0,0,good
'internet.ktu.lt/lt/mokslas/zurnalai/medz/pdf/medz0-76/19\%20Petrulytes\%2089-92.pdf',85,0,0,3,0,0,0,0,7,0,0,0,85,0,2,0,-1,0,0,0,good
tweetmeme.com/story/3937973379/19-2-toutv,41,0,0,1,0,0,0,0,3,0,0,0,41,0,0,1,-1,0,0,0,good
tibiapa.w.interia.pl/,21,0,0,3,0,0,0,0,1,0,0,0,21,0,0,0,-1,0,0,0,bad
bestplaces.net/find/state.aspx?state=WA,39,0,0,2,0,0,0,0,2,0,0,0,30,8,2,1,-1,0,0,0,good
frtyeht.info/,13,0,0,1,0,0,0,0,1,0,0,0,13,0,0,1,-1,0,0,0,bad
futureairlinepilot.com/,23,0,0,1,0,0,0,0,1,0,0,0,23,0,0,1,-1,0,0,0,good
abdul.org.in/work/max/panel/cp.php?letter=login,47,0,0,3,0,0,0,0,4,0,0,1,34,12,2,1,-1,0,0,0,bad
emporis.com/building/oaklandfederalbuildingsouth-oakland-ca-usa,63,0,0,1,0,0,0,0,2,0,0,0,63,0,0,1,-1,0,0,0,good
'www.zbjlqm.com/diy/?us.battle.net/login/en/?ref=http\%3A\%2F\%2Fus.battle.net\%2Fd3\%2Fen\%2Findex&amp;app=com-d3',115,0,0,6,0,0,0,0,2,0,0,1,20,94,11,1,-1,0,0,0,bad
artexam.ir/components/com_kide/models/remax/remax/index.htm,59,0,0,2,0,0,0,0,6,0,0,0,59,0,0,0,-1,0,0,0,bad
en.wikipedia.org/wiki/John_Muir,31,0,0,2,0,0,0,0,2,0,0,0,31,0,0,1,-1,0,0,0,good
redraiders.com/sports-red-raiders-womens-basketball/2011-10-01/lady-raiders-look-toward-big-year-almost-entire-team,115,0,0,1,0,0,0,0,3,0,0,0,115,0,0,1,-1,0,0,0,good
answers.com/topic/mackenzie,27,0,0,1,0,0,0,0,2,0,0,0,27,0,0,1,-1,0,0,0,good
zoominfo.com/people/Seville_Les_905609124.aspx,46,0,0,2,0,0,0,0,2,0,0,0,46,0,0,1,-1,0,0,0,good
linkedin.com/pub/dominique-robinson/6/326/809,45,0,0,1,0,0,0,0,5,0,0,0,45,0,0,1,-1,0,0,0,good
wn.com/United_States_Virgin_Islands,35,0,0,1,0,0,0,0,1,0,0,0,35,0,0,1,-1,0,0,0,good
article.wn.com/view/2010/03/24/Quebec_says_Muslim_women_must_uncover_face_when_dealing_with_0/,94,0,0,2,0,0,0,0,6,0,0,0,94,0,0,1,-1,0,0,0,good
facebook.com/people/Maxime-Poulin/1026747271,44,0,0,1,0,0,0,0,3,0,0,0,44,0,0,1,-1,0,0,0,good
dns.360antivirus.org/,21,0,0,2,0,0,0,0,1,0,0,0,21,0,0,1,-1,0,0,0,bad
classmates.com/directory/public/memberprofile/list.htm?regId=425766381,70,0,0,2,0,0,0,0,4,0,0,0,54,15,2,1,-1,0,0,0,good
"'services.runescape.co.cm/m=forums/forums.vs?1549,94,544,63330546,94,544,63330546'",82,0,0,4,0,0,0,0,2,0,0,0,44,37,2,0,-1,0,0,0,bad
amazon.com/Satchel-Paige-Striking-Out-Crow/dp/0786839015,56,0,0,1,0,0,0,0,3,0,0,0,56,0,0,1,-1,0,0,0,good
www.linabtechnologies.com/media/system/js/adc00d2300ea59d1cdcec6c15aee5dec/Einloggen.htm,88,0,0,3,0,0,0,0,5,0,0,0,88,0,0,1,-1,0,0,0,bad
154.16.138.74/sexit.exe,23,1,0,4,0,0,0,0,1,0,0,0,23,0,0,0,-1,0,0,0,bad
davaotourism.com/view/Gdoc,26,0,0,1,0,0,0,0,2,0,0,0,26,0,0,1,-1,0,0,0,bad
imdb.com/name/nm3767131/,24,0,0,1,0,0,0,0,3,0,0,0,24,0,0,1,-1,0,0,0,good
ib.adnxs.com/tt?id=2598596&cb=1288621266&referrer=http%3A%2F%2Fmyproducts.bandce.co.uk%2F,89,0,0,5,0,0,0,0,1,0,0,0,15,73,10,1,-1,0,0,0,bad
imdb.com/name/nm1560977/,24,0,0,1,0,0,0,0,3,0,0,0,24,0,0,1,-1,0,0,0,good
sistemedeepurare.ro/pags/fose/22.22/1/k/s/3/index.html?bidderblocklogin&amp;hc=1&amp;hm=uk,90,0,0,3,0,0,0,0,8,0,0,1,54,35,5,0,-1,0,0,0,bad
cafm.mn/french/wp-content/uploads/2012/09/google/webscr.htm,59,0,0,2,0,0,0,0,7,0,0,0,59,0,0,0,-1,0,0,0,bad
www.qualityunit.com/unitminer/,30,0,0,2,0,0,0,0,2,0,0,0,30,0,0,1,-1,0,0,0,good
amazon.com/All-Americans-Lars-Anderson/dp/0312308876,52,0,0,1,0,0,0,0,3,0,0,0,52,0,0,1,-1,0,0,0,good
expedia.com/Oakland-Hotels-Red-Lion-Hotel-Oakland-International-Airport.h15360.Hotel-Information,96,0,0,3,0,0,0,0,1,0,0,0,96,0,0,1,-1,0,0,0,good
amazon.com/Football-American-Coaching-Sports-Books/b?ie=UTF8&node=266220,72,0,0,1,0,0,0,0,2,0,0,0,52,19,4,1,-1,0,0,0,good
sports.espn.go.com/espn/wire?section=nfl&id=4648473,51,0,0,3,0,0,0,0,2,0,0,0,28,22,4,1,-1,0,0,0,good
kansascity.craigslist.org/kid/,30,0,0,2,0,0,0,0,2,0,0,0,30,0,0,1,-1,0,0,0,good
cduniverse.com/productinfo.asp?pid=8170606,42,0,0,2,0,0,0,0,1,0,0,0,30,11,2,1,-1,0,0,0,good
circleofdocs.com/hpv-vaccine-american-college-of-pediatrics-issues-rare-warning-against-vaccine-due-to-premature-ovarian-failure,128,0,0,1,0,0,0,0,1,0,0,0,128,0,0,1,-1,0,0,0,bad
softgallery.dk/x5yjlhh,22,0,0,1,0,0,0,0,1,0,0,0,22,0,0,0,-1,0,0,0,bad
thecouponguide.net/oakland-zoo-coupons/,39,0,0,1,0,0,0,0,2,0,0,0,39,0,0,1,-1,0,0,0,good
www.tlainc.com/articl12.htm,27,0,0,3,0,0,0,0,1,0,0,0,27,0,0,1,-1,0,0,0,good
bingobum.net/index.php?data=511,31,0,0,2,0,0,0,0,1,0,0,0,22,8,2,1,-1,0,0,0,bad
middleeastexplorer.com/Category/Turkish-language-films,54,0,0,1,0,0,0,0,2,0,0,0,54,0,0,1,-1,0,0,0,good
hospital-data.com/hospitals/LIMA-MEMORIAL-HEALTH-SYSTEM-LIMA.html,65,0,0,2,0,0,0,0,2,0,0,0,65,0,0,1,-1,0,0,0,good
google.co.uk/,13,0,0,2,0,0,0,0,1,0,0,0,13,0,0,0,-1,0,0,0,good
ellenkaris.com/Bio.htm,22,0,0,2,0,0,0,0,1,0,0,0,22,0,0,1,-1,0,0,0,good
ebparks.org/parks/lake_chabot,29,0,0,1,0,0,0,0,2,0,0,0,29,0,0,1,-1,0,0,0,good
amazon.com/phrase/Kendra-C-Johnson,34,0,0,1,0,0,0,0,2,0,0,0,34,0,0,1,-1,0,0,0,good
gibson-ventures.info/meda/?login,32,0,0,1,0,0,0,0,2,0,0,1,26,5,1,1,-1,0,0,0,bad
radenroro.com/blog/wp-content/uploads/2009/10/2012/ab7c75f7e17f2df3cf0136a8c373acb5/go/,87,0,0,1,0,0,0,0,9,0,0,0,87,0,0,1,-1,0,0,0,bad
alumni.dartmouth.edu/News.aspx?id=277,37,0,0,3,0,0,0,0,1,0,0,0,30,6,2,0,-1,0,0,0,good
news.paperindex.com/,20,0,0,2,0,0,0,0,1,0,0,0,20,0,0,1,-1,0,0,0,good
24x7bposervices.com/wp-content/dcc/processing.html,50,0,0,2,0,0,0,0,3,0,0,0,50,0,0,1,-1,0,0,0,bad
esuvidha.nic.in/orissa/orissadirectory/searchbyname_updation_result.asp?page=50&individualname=&rowcount=1,106,0,0,3,0,0,0,0,3,0,0,0,71,34,6,0,-1,0,0,0,good
lauge.drewes.dk/live,20,0,0,2,0,0,0,0,1,0,0,0,20,0,0,0,-1,0,0,0,good
sparkdeal.in/secure/0ivjg3itfsn3tp49dq7e26jonlac065qfr0lk84prijayda2t77m3g0hr1jh/index.php,90,0,0,2,0,0,0,0,3,0,0,1,90,0,0,0,-1,0,0,0,bad
scores.espn.go.com/nhl/gamecast?gameId=400047042,48,0,0,3,0,0,0,0,2,0,0,0,31,16,2,1,-1,0,0,0,good
welcometosweden.blogspot.com/2009/05/swedish-american-football-in-stockholm.html,80,0,0,3,0,0,0,0,3,0,0,0,80,0,0,1,-1,0,0,0,good
facebook.com/pages/PWL-Pro-Wrestling-Lachine/202043689833543,60,0,0,1,0,0,0,0,3,0,0,0,60,0,0,1,-1,0,0,0,good
journalism.missouri.edu/features/pride-points-2010-a.html,57,0,0,3,0,0,0,0,2,0,0,0,57,0,0,0,-1,0,0,0,good
personal.ksu.edu/~gormely/ebeaudin.htm,38,0,0,3,0,0,0,0,2,0,0,0,38,0,0,0,-1,0,0,0,good
isthisyour.name/directory/fullnames/ma~meagher.htm,50,0,0,2,0,0,0,0,3,0,0,0,50,0,0,0,-1,0,0,0,good
paypal.com.us.cgi.bin.webscr.cmd.login-submit.dispatch.5885d80a13c0db1f8e263663d3faee8d7283e7f0184a5674430.f290db9.e9c846.588412.bandarepudio.com.br/rex/secure-code3/security/,175,0,0,15,0,0,0,0,4,0,0,1,175,0,0,1,-1,0,0,0,bad
cac.mcgill.ca/campus/faculties.html,35,0,0,3,0,0,0,0,2,0,0,0,35,0,0,0,-1,0,0,0,good
montreal.ctv.ca/servlet/an/local/CTVNews/20110713/mtl_ville_marie_110713/20110713/?hub=MontrealHome,99,0,0,2,0,0,0,0,8,0,0,0,82,16,2,0,-1,0,0,0,good
www.sterghana.com/~be/paypal/_webscr1.php?cmd=_confirm&session=gx4w5u1drmu8jxhd_0jblthbz_hhr6-k2ek4hq48uljouijhn1bet4azmj0&dispatch=y4q4w3v3r3n3s2e373f3257403b474m3q3n4j3c5x4x3u3n2s3c304e2,188,0,0,3,0,0,0,0,3,0,0,0,41,146,6,1,-1,0,0,0,bad
nosorigines.qc.ca/genealogielistfirstname.aspx?ancestor=28&Family=Lemieux_12&lng=en,83,0,0,3,0,0,0,0,1,0,0,0,46,36,6,0,-1,0,0,0,good
wickedlocal.com/somerville/highlight/x644696879/Somerville-refugee-advocate-wins-Charles-Bronfman-Prize,103,0,0,1,0,0,0,0,4,0,0,0,103,0,0,1,-1,0,0,0,good
app.com/article/20111027/NJNEWS18/310270021/Oakland-police-action-Occupy-Wall-Street-site-Calif-unnerves-protesters,115,0,0,1,0,0,0,0,5,0,0,0,115,0,0,1,-1,0,0,0,good
milescitystar.com/obituaries/index.php,38,0,0,2,0,0,0,0,2,0,0,0,38,0,0,1,-1,0,0,0,good
fanpix.net/gallery/dianne-wiest-pictures.htm,44,0,0,2,0,0,0,0,2,0,0,0,44,0,0,1,-1,0,0,0,good
listenonline24.com/listen/The_Breeze_1071,41,0,0,1,0,0,0,0,2,0,0,0,41,0,0,1,-1,0,0,0,good
namesdatabase.com/schools/US/MI/Lowell/Lowell%20High%20School,61,0,0,1,0,0,0,0,5,0,0,0,61,0,2,1,-1,0,0,0,good
orientalhsstirurangadi.com/t76f3g,33,0,0,1,0,0,0,0,1,0,0,0,33,0,0,1,-1,0,0,0,bad
bip.spgolina.edu.pl/media/jan.php,33,0,0,4,0,0,0,0,2,0,0,0,33,0,0,0,-1,0,0,0,bad
noenoehawaii.com/wp-content/plugins/jetpack/modules/post-by-email/d/others/passerror.php?rand=13InboxLightaspxn.1774256418&amp;fid.4.1252899642&amp;fid=1&amp;fav.1&amp;rand.13InboxLight.aspxn.1774256418&amp;fid.1252899642&amp;fid.1&amp;fav.1&amp;email=&amp;.rand=13InboxLight.aspx?n=1,284,0,0,14,0,0,0,0,8,0,0,0,88,195,16,1,-1,0,0,0,bad
findagrave.com/cgi-bin/fg.cgi?page=mr&MRid=46796470,51,0,0,2,0,0,0,0,2,0,0,0,29,21,4,1,-1,0,0,0,good
photographersdirect.com/buyers/stockphoto.asp?imageid=2442823,61,0,0,2,0,0,0,0,2,0,0,0,45,15,2,1,-1,0,0,0,good
evri.com/organization/narnia-0x15c343,37,0,0,1,0,0,0,0,2,0,0,0,37,0,0,1,-1,0,0,0,good
usafishing.com/,15,0,0,1,0,0,0,0,1,0,0,0,15,0,0,1,-1,0,0,0,good
idesjot.net/1h9yhey,19,0,0,1,0,0,0,0,1,0,0,0,19,0,0,1,-1,0,0,0,bad
torontofoto.com/,16,0,0,1,0,0,0,0,1,0,0,0,16,0,0,1,-1,0,0,0,good
us.battlle.com.long.zpyv.info/battle_net_account.html,53,0,0,6,0,0,0,0,1,0,0,1,53,0,0,1,-1,0,0,0,bad
cartoonnetwork.co.uk/,21,0,0,2,0,0,0,0,1,0,0,0,21,0,0,0,-1,0,0,0,good
climateaudit.org/2009/12/21/terence-corcoran-on-climategate/,60,0,0,1,0,0,0,0,5,0,0,0,60,0,0,1,-1,0,0,0,good
wmodam.com/system/logs/7623dh3f.exe,35,0,0,2,0,0,0,0,3,0,0,0,35,0,0,1,-1,0,0,0,bad
brahaemy.ro/xmlrpc/h/hero/us-mg5.mail.yahoo.com/pass.php?neo.launch?.rand=1qhua0f7o2jut&amp;email;=&amp;src;=ym.intl=us&amp;.lang=en-US&amp;.done=rand=13InboxLight.aspx?n=1774256418,181,0,0,11,0,0,0,0,5,0,0,0,56,124,15,1,-1,0,0,0,bad
katrinacarter.com/old/doc/doc,29,0,0,1,0,0,0,0,3,0,0,0,29,0,0,1,-1,0,0,0,bad
funatoz.com/wallpapers/Zokkomon,31,0,0,1,0,0,0,0,2,0,0,0,31,0,0,1,-1,0,0,0,good
mphtadhci5mrdlju.onion.to/,26,0,0,2,0,0,0,0,1,0,0,0,26,0,0,0,-1,0,0,0,bad
newjerseycarpetcleaning.net/,28,0,0,1,0,0,0,0,1,0,0,0,28,0,0,1,-1,0,0,0,good
malamut.org/gizb2zq,19,0,0,1,0,0,0,0,1,0,0,0,19,0,0,1,-1,0,0,0,bad
ourhistory.canadiens.com/player/Dave-Ritchie,44,0,0,2,0,0,0,0,2,0,0,0,44,0,0,1,-1,0,0,0,good
paypal-en-cg-bin-webscr-cmd.com.plantillasmlibre.com.ar/paypal/paypal/6effa931f8d28ae6080516ec7d99d8f4/Confirm.php,114,0,0,5,0,0,0,0,4,0,0,0,114,0,0,1,-1,0,0,0,bad
tools.ietf.org/html/rfc1481,27,0,0,2,0,0,0,0,2,0,0,0,27,0,0,1,-1,0,0,0,good
peteradamsartist.blogspot.com/,30,0,0,2,0,0,0,0,1,0,0,0,30,0,0,1,-1,0,0,0,good
spicyipindia.blogspot.com/2008/06/compulsory-licensing-and-copyright.html,73,0,0,3,0,0,0,0,3,0,0,0,73,0,0,1,-1,0,0,0,good
nickcatricala.com/zyqgn,23,0,0,1,0,0,0,0,1,0,0,0,23,0,0,1,-1,0,0,0,bad
classmates.com/directory/school/Emile%20Nelligan%20High%20School?org=21350531,77,0,0,1,0,0,0,0,3,0,0,0,64,12,5,1,-1,0,0,0,good
semissourian.com/blogs/pavementends/entry/29676/,48,0,0,1,0,0,0,0,5,0,0,0,48,0,0,1,-1,0,0,0,good
linkedin.com/directory/people/montello.html,43,0,0,2,0,0,0,0,3,0,0,0,43,0,0,1,-1,0,0,0,good
nhl.com/ice/news.htm?id=536186,30,0,0,2,0,0,0,0,2,0,0,0,20,9,2,1,-1,0,0,0,good
123people.com/b/milton+schwartz,31,0,0,1,0,0,0,0,2,0,0,0,31,0,0,1,-1,0,0,0,good
escape2scotland.com/argyll_and_bute/pet_dog_friendly_cottages.html,66,0,0,2,0,0,0,0,2,0,0,0,66,0,0,1,-1,0,0,0,good
en.wikipedia.org/wiki/OOOM_(EP),31,0,0,2,0,0,0,0,2,0,0,0,31,0,0,1,-1,0,0,0,good
doo.staugustineseawall.com/boards/index.php?PHPSESSID=6bw99&amp;action=vxm013m39z252x.9&amp;,92,0,0,4,0,0,0,0,2,0,0,0,43,48,5,1,-1,0,0,0,bad
infoplease.com/ipsa/A0909415.html,33,0,0,2,0,0,0,0,2,0,0,0,33,0,0,1,-1,0,0,0,good
daily-word-of-life.com/commenta.htm,35,0,0,2,0,0,0,0,1,0,0,0,35,0,0,1,-1,0,0,0,good
fusedfilm.com/2008/11/fused-focus-2009-universal-pictures-preview-line-up/,74,0,0,1,0,0,0,0,4,0,0,0,74,0,0,1,-1,0,0,0,good
youtube.com/watch?v=y5M0oDd7VKs,31,0,0,1,0,0,0,0,1,0,0,0,17,13,2,1,-1,0,0,0,good
enjoythemusic.com/magazine/equipment/1205/dacah.htm,51,0,0,2,0,0,0,0,4,0,0,0,51,0,0,1,-1,0,0,0,good
www.webhostingchoice.com/directory/,35,0,0,2,0,0,0,0,2,0,0,0,35,0,0,1,-1,0,0,0,good
www.oftp.net/US/,16,0,0,2,0,0,0,0,2,0,0,0,16,0,0,1,-1,0,0,0,good
hatjmumvu.su/information.cgi,28,0,0,2,0,0,0,0,1,0,0,0,28,0,0,0,-1,0,0,0,bad
tiny.cc/fgkk2x,14,0,0,1,0,0,0,0,1,0,0,0,14,0,0,0,-1,0,0,0,bad
leksvik.historielag.org/num/887hb56f,36,0,0,2,0,0,0,0,2,0,0,0,36,0,0,1,-1,0,0,0,bad
112.83.192.246:33066/55555,26,1,0,3,0,0,0,0,1,0,0,0,26,0,0,0,-1,0,0,0,bad
stanflorin10.go.ro/987nkjh8,27,0,0,2,0,0,0,0,1,0,0,0,27,0,0,0,-1,0,0,0,bad
theroyalcanadianregiment.ca/individual_submissions/Hill187.html,63,0,0,2,0,0,0,0,2,0,0,0,63,0,0,0,-1,0,0,0,good
filetram.com/download/megaupload/7123374083/nyc-yume-tamago-single-rar,70,0,0,1,0,0,0,0,4,0,0,0,70,0,0,1,-1,0,0,0,good
sonajp.com/8g74crec?HhcDxMO=uwyVDk,34,0,0,1,0,0,0,0,1,0,0,0,19,14,2,1,-1,0,0,0,bad
en.wikiversity.org/wiki/Action/Reaction_Theory,46,0,0,2,0,0,0,0,3,0,0,0,46,0,0,1,-1,0,0,0,good
sindhbankltd.com/g766d4ft,25,0,0,1,0,0,0,0,1,0,0,0,25,0,0,1,-1,0,0,0,bad
finda.co.nz/business/listing/qbq9/asb-bank-limited/,51,0,0,2,0,0,0,0,5,0,0,0,51,0,0,0,-1,0,0,0,good
usasevens.com/,14,0,0,1,0,0,0,0,1,0,0,0,14,0,0,1,-1,0,0,0,good
www.fairchildcuttinghorses.com/farrier.htm,42,0,0,3,0,0,0,0,1,0,0,0,42,0,0,1,-1,0,0,0,good
www.grognard.com/bfm/game.html,30,0,0,3,0,0,0,0,2,0,0,0,30,0,0,1,-1,0,0,0,good
www.myinfo.ocry.com/images/D2015_id.jpg,39,0,0,4,0,0,0,0,2,0,0,0,39,0,0,1,-1,0,0,0,bad
classmates.com/directory/college/Andre-Laurendeau%20College?org=18464581,72,0,0,1,0,0,0,0,3,0,0,0,59,12,3,1,-1,0,0,0,good
www.djamal.eb2a.com/paypal.html,31,0,0,4,0,0,0,0,1,0,0,0,31,0,0,1,-1,0,0,0,bad
onlineradio2.com/listen/KSJO-HD2_923,36,0,0,1,0,0,0,0,2,0,0,0,36,0,0,1,-1,0,0,0,good
mainethingstodo.com/mttd/2010/04/portland-schooner-company/,59,0,0,1,0,0,0,0,5,0,0,0,59,0,0,1,-1,0,0,0,good
pl.linkedin.com/in/mdudek,25,0,0,2,0,0,0,0,2,0,0,0,25,0,0,1,-1,0,0,0,good
national500apps.com/docfile/M/index.php,39,0,0,2,0,0,0,0,3,0,0,0,39,0,0,1,-1,0,0,0,bad
thorstenkliewe.girlshopes.com/,30,0,0,2,0,0,0,0,1,0,0,0,30,0,0,1,-1,0,0,0,good
telebisyon.net/Late-Night-with-Jimmy-Fallon/,44,0,0,1,0,0,0,0,2,0,0,0,44,0,0,1,-1,0,0,0,good
blog.teatroacorte.it/jakes/index.htm,36,0,0,3,0,0,0,0,2,0,0,0,36,0,0,0,-1,0,0,0,bad
yourcanadalawyers.net/p--Quebec-241.html,40,0,0,2,0,0,0,0,1,0,0,0,40,0,0,1,-1,0,0,0,good
meetup.com/1st-Sight-Montreals-Exclusive-Singles-Events-Group/,62,0,0,1,0,0,0,0,2,0,0,0,62,0,0,1,-1,0,0,0,good
photos.lucywho.com/jill-schoelen-photos-t1197.html,50,0,0,3,0,0,0,0,1,0,0,0,50,0,0,1,-1,0,0,0,good
en.wikipedia.org/wiki/Category:Hollywood_Records_artists,56,0,0,2,0,0,0,0,2,0,0,0,56,0,0,1,-1,0,0,0,good
mylife.com/c-2265604431,23,0,0,1,0,0,0,0,1,0,0,0,23,0,0,1,-1,0,0,0,good
flickr.com/photos/7294653@N07/2699553677/,41,0,1,1,0,0,0,0,4,0,0,0,41,0,1,1,-1,0,0,0,good
people.famouswhy.com/glenn_ford/,32,0,0,2,0,0,0,0,2,0,0,0,32,0,0,1,-1,0,0,0,good
danseduchat.com/90ujn3b8c3,26,0,0,1,0,0,0,0,1,0,0,0,26,0,0,1,-1,0,0,0,bad
jaiwebhosting.net/help/cp.php?m=login,37,0,0,2,0,0,0,0,2,0,0,1,29,7,2,1,-1,0,0,0,bad
www.quest4computer.com/~kayabest/sys/not/521499359863/zip/billing/on/hold/account/id/15498732198732155135/9ec6a36831afb00881f6b3809175870a/,139,0,0,2,0,0,0,0,13,0,0,1,139,0,0,1,-1,0,0,0,bad
boservice.info/cgi-sys/suspendedpage.cgi,40,0,0,2,0,0,0,0,2,0,0,0,40,0,0,1,-1,0,0,0,bad
tinyurl.com/h8o5got,19,0,0,1,0,0,0,0,1,0,0,0,19,0,0,1,-1,0,0,0,bad
nescac.com/sports/mice/2011-12/releases/COL_Moore_100411,56,0,0,1,0,0,0,0,5,0,0,0,56,0,0,1,-1,0,0,0,good
idservice.ro/index_htm_files/Commbank/Logon.aspx.htm,52,0,0,3,0,0,0,0,3,0,0,0,52,0,0,0,-1,0,0,0,bad
speelhuis.net/fqn3zxh,21,0,0,1,0,0,0,0,1,0,0,0,21,0,0,1,-1,0,0,0,bad
sweltclame.com/caunpl2j7,24,0,0,1,0,0,0,0,1,0,0,0,24,0,0,1,-1,0,0,0,bad
durak.org/cvswebsites/,22,0,0,1,0,0,0,0,2,0,0,0,22,0,0,1,-1,0,0,0,good
librarything.com/work/4727927,29,0,0,1,0,0,0,0,2,0,0,0,29,0,0,1,-1,0,0,0,good
sexyteensinpanties.com/paypal.com-us.cgi-bin-webscr-cmd.login-submit-dispatch.74fghghs68g484iky4mn86we8r46d4h38df4b83m48h54156ty84d87f4xnbhg.obuvkionlin/reboot.php,163,0,0,7,0,0,0,0,2,0,0,1,163,0,0,1,-1,0,0,0,bad
wupx.ch/qkwLr,13,0,0,1,0,0,0,0,1,0,0,0,13,0,0,0,-1,0,0,0,bad
tasteofdowntown-burbank.com/,28,0,0,1,0,0,0,0,1,0,0,0,28,0,0,1,-1,0,0,0,good
iceage3dvd.com/,15,0,0,1,0,0,0,0,1,0,0,0,15,0,0,1,-1,0,0,0,good
tee-essfarms.com/wp-content/upgra/mail.htm?cmd=LOB=RBGLogon&amp;_pageLabel=page_logonform&amp;secured_page,106,0,0,2,0,0,0,0,3,0,0,1,42,63,6,1,-1,0,0,0,bad
mediasmall.com/applicationload/index.html,41,0,0,2,0,0,0,0,2,0,0,0,41,0,0,1,-1,0,0,0,bad
en.wikipedia.org/wiki/The_Rainmakers_(band),43,0,0,2,0,0,0,0,2,0,0,0,43,0,0,1,-1,0,0,0,good
museumstuff.com/family-history/names/Raburn.php,47,0,0,2,0,0,0,0,3,0,0,0,47,0,0,1,-1,0,0,0,good
metacafe.com/watch/yt-Kaej4Wjkj1Q/christina_aguilera_dirrty/,60,0,0,1,0,0,0,0,4,0,0,0,60,0,0,1,-1,0,0,0,good
caselaw.lp.findlaw.com/scripts/getcase.pl?court=us&vol=384&invol=436,68,0,0,4,0,0,0,0,2,0,0,0,41,26,6,1,-1,0,0,0,good
hospaccx.in/wp-content/themes/webstat/deutsche_telekom_ag,57,0,0,1,0,0,0,0,4,0,0,0,57,0,0,0,-1,0,0,0,bad
tools.ietf.org/html/rfc36,25,0,0,2,0,0,0,0,2,0,0,0,25,0,0,1,-1,0,0,0,good
airliners.net/aviation-forums/general_aviation/read.main/5127014/,65,0,0,2,0,0,0,0,5,0,0,0,65,0,0,1,-1,0,0,0,good
83.217.11.193/linuxsucks.php,28,1,0,4,0,0,0,0,1,0,0,0,28,0,0,0,-1,0,0,0,bad
www.gamereport.com/tgr23/mitlistundtucke.shtml,46,0,0,3,0,0,0,0,2,0,0,0,46,0,0,1,-1,0,0,0,good
facebook.com/pages/Royal-Victoria-College-RVC-Offici%C3%A1l-Group-2011-2012/132018963544280,91,0,0,1,0,0,0,0,3,0,0,0,91,0,2,1,-1,0,0,0,good
www.webring.com/hub?ring=jal,28,0,0,2,0,0,0,0,1,0,0,0,19,8,2,1,-1,0,0,0,good
monarchpumps.com/,17,0,0,1,0,0,0,0,1,0,0,0,17,0,0,1,-1,0,0,0,good
support.citrix.com/latestsecurityall!execute.jspa,49,0,0,3,0,0,0,0,1,0,0,0,49,0,0,1,-1,0,0,0,good
nightvegas02.com/data/feeder,28,0,0,1,0,0,0,0,2,0,0,0,28,0,0,1,-1,0,0,0,bad
mooseriverhandcrafts.com/pg-ice.htm,35,0,0,2,0,0,0,0,1,0,0,0,35,0,0,1,-1,0,0,0,good
perfecto.ie/services/paypal/index1.php,38,0,0,2,0,0,0,0,3,0,0,0,38,0,0,0,-1,0,0,0,bad
suresh_kr.tripod.com/tech.html,30,0,0,3,0,0,0,0,1,0,0,0,30,0,0,1,-1,0,0,0,good
news.cnet.com/2547-1_3-0-20.xml,31,0,0,3,0,0,0,0,1,0,0,0,31,0,0,1,-1,0,0,0,good
fannwong.net/wwuiw/hl.php,25,0,0,2,0,0,0,0,2,0,0,0,25,0,0,1,-1,0,0,0,bad
stlouis.blockshopper.com/schools/51000000003-francis-howell,59,0,0,2,0,0,0,0,2,0,0,0,59,0,0,1,-1,0,0,0,good
manta.com/c/mm5rk1q/ecologic-inc,32,0,0,1,0,0,0,0,3,0,0,0,32,0,0,1,-1,0,0,0,good
accommodationvancouver.com/,27,0,0,1,0,0,0,0,1,0,0,0,27,0,0,1,-1,0,0,0,good
hockeysfuture.com/prospects/matthew_pistilli,44,0,0,1,0,0,0,0,2,0,0,0,44,0,0,1,-1,0,0,0,good
boomkat.com/search?fields%5B%5D=artist&q=CPC+GANGBANGS,54,0,0,1,0,0,0,0,1,0,0,0,18,35,6,1,-1,0,0,0,good
executivegolfmanagement.com/qtzsegm6,36,0,0,1,0,0,0,0,1,0,0,0,36,0,0,1,-1,0,0,0,bad
filmmakermagazine.com/news/2011/07/25-new-faces-of-independent-film-2011/,73,0,0,1,0,0,0,0,5,0,0,0,73,0,0,1,-1,0,0,0,good
rotoworld.com/player/nhl/957/player?r=1,39,0,0,1,0,0,0,0,4,0,0,0,35,3,2,1,-1,0,0,0,good
tradebit.com/filedetail.php/38250025-jay-mcshann-early-bird-jay,63,0,0,2,0,0,0,0,2,0,0,0,63,0,0,1,-1,0,0,0,good
xelagon.50webs.org/78yhuinFYs,29,0,0,2,0,0,0,0,1,0,0,0,29,0,0,1,-1,0,0,0,bad
spoke.com/dir/p/ellis/patricia,30,0,0,1,0,0,0,0,4,0,0,0,30,0,0,1,-1,0,0,0,good
metrolyrics.com/unto-the-locust-album-machine-head.html,55,0,0,2,0,0,0,0,1,0,0,0,55,0,0,1,-1,0,0,0,good
timesuniononline.com/main.asp?SectionID=2&SubSectionID=241&TM=27977.2,69,0,0,3,0,0,0,0,1,0,0,0,29,39,6,1,-1,0,0,0,good
aaronmaxdesign.com/wordpress/wp-content/netvigator/update/ainput/id.php?l=_JeHFUq_VJOXK0QWHtoGYDw_Product-UserID&amp;userid=stinkbait07@aol.com/,144,0,1,3,0,0,0,0,6,0,0,1,71,72,5,1,-1,0,0,0,bad
visiycl.com/,12,0,0,1,0,0,0,0,1,0,0,0,12,0,0,1,-1,0,0,0,bad
rootsweb.ancestry.com/~txnacogd/cemeteries/christian_cem.htm,60,0,0,3,0,0,0,0,3,0,0,0,60,0,0,1,-1,0,0,0,good
sourceforge.net/projects/mh-e/,30,0,0,1,0,0,0,0,3,0,0,0,30,0,0,1,-1,0,0,0,good
users.rsise.anu.edu.au/~okeefe/p2b/power2bash/power2bash.html,61,0,0,5,0,0,0,0,4,0,0,0,61,0,0,0,-1,0,0,0,good
www.e-wings.com.cn/images/index.htm?us.battle.net/login/en/?ref=us.battle.net/d3/en/index&amp;amp;app=com-d3,108,0,0,8,0,0,0,0,2,0,0,1,35,72,5,1,-1,0,0,0,bad
platcorps.com/new/dhl-express/dhl,33,0,0,1,0,0,0,0,3,0,0,0,33,0,0,1,-1,0,0,0,bad
facebook.com/people/Antony-Whitaker/100000675817268,51,0,0,1,0,0,0,0,3,0,0,0,51,0,0,1,-1,0,0,0,good
mp3raid.com/music/bob_dylan_tangled_up_in_blue.html,51,0,0,2,0,0,0,0,2,0,0,0,51,0,0,1,-1,0,0,0,good
ezinearticles.com/?Romantic-Comedy-Movies&id=5082119,52,0,0,1,0,0,0,0,1,0,0,0,18,33,3,1,-1,0,0,0,good
195.19.192.99/checkupdate,25,1,0,3,0,0,0,0,1,0,0,1,25,0,0,0,-1,0,0,0,bad
clubmontreal.ca/en/activities/sportsoffered.aspx,48,0,0,2,0,0,0,0,3,0,0,0,48,0,0,0,-1,0,0,0,good
123people.ca/s/steve+davies,27,0,0,1,0,0,0,0,2,0,0,0,27,0,0,0,-1,0,0,0,good
ambcf.net/v3/images/masterpro/cad_seguro+dados+clientes+cadastro.html,69,0,0,2,0,0,0,0,4,0,0,0,69,0,0,1,-1,0,0,0,bad
veromi.com/Norman-Garvin.aspx,29,0,0,2,0,0,0,0,1,0,0,0,29,0,0,1,-1,0,0,0,good
wiki.answers.com/Q/How_old_is_tamara_rojo,41,0,0,2,0,0,0,0,2,0,0,0,41,0,0,1,-1,0,0,0,good
musicstack.com/album/canned+heat/best+of,40,0,0,1,0,0,0,0,3,0,0,0,40,0,0,1,-1,0,0,0,good
www.loch-ness.org/nessiehunt.html,33,0,0,3,0,0,0,0,1,0,0,0,33,0,0,1,-1,0,0,0,good
selectplusfranchise.nl/cache/.ssh/erfdtsdryssyt/xdgdfxzgzfgdhfh/,64,0,0,2,0,0,0,0,5,0,0,0,64,0,0,0,-1,0,0,0,bad
utexas.edu/world/comcol/state/,30,0,0,1,0,0,0,0,4,0,0,0,30,0,0,0,-1,0,0,0,good
freebase.com/view/en/marcelo_zarvos,35,0,0,1,0,0,0,0,3,0,0,0,35,0,0,1,-1,0,0,0,good
newjerseydevilsnews.com/,24,0,0,1,0,0,0,0,1,0,0,0,24,0,0,1,-1,0,0,0,good
whc.unesco.org/en/35,20,0,0,2,0,0,0,0,2,0,0,0,20,0,0,1,-1,0,0,0,good
ams1.ib.adnxs.com/if?enc=MjMzMzMzwz_UeOkmMQjAP0oMAiuHFuk_1HjpJjEIwD8zMzMzMzPDP1dKbfK9ESFmqbb1KE0vlwFMHWhTAAAAAOq1JwBfAAAA2AcAAAIAAAClEuUA-TIGAAAAAQBVU0QAVVNEANgCWgBSAAAABM4AAgUAAQIAAAAA7R_rCQAAAAA.&cnd=%21niKWuwjq_ekBEKWllAcYACD55RgwADgAQABI2A9Q6uueAVgAYNEHaABwAHgAgAEAiAEAkAEBmAEBoAEBqAEDsAEAuQEzMzMzMzPDP8EBMzMzMzMzwz_JAYIBTUAn5_w_2QEAAAAAAADwP-ABAPUBmpmZPg..&ccd=%21_QZGQwjq_ekBEKWllAcY-eUYIAA.&udj=uf%28%27a%27%2C+276362%2C+1399332172%29%3Buf%28%27c%27%2C+3833578%2C+1399332172%29%3Buf%28%27r%27%2C+15012517%2C+1399332172%29%3B&vpid=14&apid=267860&referrer=http%3A%2F%2Fad.housepetscomic.info%2Fads%2Fad499.html&media_subtypes=1&ct=0&dlo=1,643,0,0,10,0,0,0,0,1,0,0,0,20,622,48,1,-1,0,0,0,bad
scribd.com/doc/8214250/Swimmers-Ear-Magazine-11,47,0,0,1,0,0,0,0,3,0,0,0,47,0,0,1,-1,0,0,0,good
biography.com/people/clint-black-9542115,40,0,0,1,0,0,0,0,2,0,0,0,40,0,0,1,-1,0,0,0,good
amazon.com/Diane-Arbus-Biography-Patricia-Bosworth/dp/0393326616,64,0,0,1,0,0,0,0,3,0,0,0,64,0,0,1,-1,0,0,0,good
ninthclub.com/work/new/index.php,32,0,0,2,0,0,0,0,3,0,0,0,32,0,0,1,-1,0,0,0,bad
people.famouswhy.com/kat_foster/,32,0,0,2,0,0,0,0,2,0,0,0,32,0,0,1,-1,0,0,0,good
fahariartsinstitute.org/2011/02/08/untied-but-not-removed-fahari-arts-institute-presents-2nd-annual-marlon-riggs-film-festival/,127,0,0,1,0,0,0,0,5,0,0,0,127,0,0,1,-1,0,0,0,good
phillysoccerpage.net/2010/07/09/preview-san-jose-earthquakes-at-philadelphia-union/,83,0,0,1,0,0,0,0,5,0,0,0,83,0,0,1,-1,0,0,0,good
www.cielopromo-2012.com.br/indexf759f759.html?m=rede&a=faq,58,0,0,4,0,0,0,0,1,0,0,0,45,12,4,1,-1,0,0,0,bad
groupe-rbs.fr/skin/adminhtml/default/default/media/media/medias/media/media/media/media/media/media/media/adobe/,112,0,0,1,0,0,0,0,16,0,0,0,112,0,0,0,-1,0,0,0,bad
milffox.com/milf-pornstars/Jessica-Bangkok/,43,0,0,1,0,0,0,0,3,0,0,0,43,0,0,1,-1,0,0,0,good
metal-archives.com/albums/Revolution_Renaissance/Age_of_Aquarius/223974,71,0,0,1,0,0,0,0,4,0,0,0,71,0,0,1,-1,0,0,0,good
www.lkstudios.biz/lkstudios/services.cfm,40,0,0,3,0,0,0,0,2,0,0,0,40,0,0,0,-1,0,0,0,good
pastehtml.com/view/bdhg23v02.html,33,0,0,2,0,0,0,0,2,0,0,0,33,0,0,1,-1,0,0,0,bad
huarui-tec.com/js?us.battle.net/login/en/?ref=jsykajdus.battle.net/d3/en/index,78,0,0,5,0,0,0,0,1,0,0,1,17,60,3,1,-1,0,0,0,bad
topendsports.com/events/winter/hosts/index.htm,46,0,0,2,0,0,0,0,4,0,0,0,46,0,0,1,-1,0,0,0,good
42vital.pl/cache/cache/wells/wellsfargo/wellsfargo/WellsFargo.html,66,0,0,2,0,0,0,0,6,0,0,0,66,0,0,0,-1,0,0,0,bad
video.barnesandnoble.com/search/biography.asp?CTR=575325,56,0,0,3,0,0,0,0,2,0,0,0,45,10,2,1,-1,0,0,0,good
newstribune.info/,17,0,0,1,0,0,0,0,1,0,0,0,17,0,0,1,-1,0,0,0,good
thepoliticalbox.ca/en/news/le-portrait-dont-personne-ne-veut,60,0,0,1,0,0,0,0,3,0,0,0,60,0,0,0,-1,0,0,0,good
inyourpocket.com/bulgaria,25,0,0,1,0,0,0,0,1,0,0,0,25,0,0,1,-1,0,0,0,good
dipity.com/timeline/Disney-Xd/,30,0,0,1,0,0,0,0,3,0,0,0,30,0,0,1,-1,0,0,0,good
mp3raid.com/music/fenix_tx.html,31,0,0,2,0,0,0,0,2,0,0,0,31,0,0,1,-1,0,0,0,good
imdb.com/name/nm1068740/,24,0,0,1,0,0,0,0,3,0,0,0,24,0,0,1,-1,0,0,0,good
famouspoetsandpoems.com/poets/robert_pinsky/poems/19221,55,0,0,1,0,0,0,0,4,0,0,0,55,0,0,1,-1,0,0,0,good
sipplesautosales.com/vti_cgn/showroombest-selling-products-on-alibaba.html,74,0,0,2,0,0,0,0,2,0,0,0,74,0,0,1,-1,0,0,0,bad
linkedin.com/directory/people/brimble.html,42,0,0,2,0,0,0,0,3,0,0,0,42,0,0,1,-1,0,0,0,good
enchantedserenityperiodfilms.blogspot.com/2011/01/colin-firth-jennifer-ehle-15-years.html,89,0,0,3,0,0,0,0,3,0,0,0,89,0,0,1,-1,0,0,0,good
gosw.about.com/b/2007/11/29/surprise-az-2008-spring-training-schedule-and-ticket-sales-kansas-city-royals-texas-rangers.htm,123,0,0,3,0,0,0,0,5,0,0,0,123,0,0,1,-1,0,0,0,good
momoss.vn/sdfgergegdeg/sdsj3e3/,31,0,0,1,0,0,0,0,3,0,0,0,31,0,0,0,-1,0,0,0,bad
lambiek.net/artists/t/toth_a.htm,32,0,0,2,0,0,0,0,3,0,0,0,32,0,0,1,-1,0,0,0,good
mphtadhci5mrdlju.tor2web.org/,29,0,0,2,0,0,0,0,1,0,0,0,29,0,0,1,-1,0,0,0,bad
imaginaryvoyage.com/,20,0,0,1,0,0,0,0,1,0,0,0,20,0,0,1,-1,0,0,0,good
lucywho.com/yvette-vickers-t44848.html,38,0,0,2,0,0,0,0,1,0,0,0,38,0,0,1,-1,0,0,0,good
www.virusbtn.com/vb100/about/index.xml,38,0,0,3,0,0,0,0,3,0,0,0,38,0,0,1,-1,0,0,0,good
p3-lefilm.fr/max/13cff2da45bd22513c4e73fabbda4a27/,50,0,0,1,0,0,0,0,3,0,0,0,50,0,0,0,-1,0,0,0,bad
digilander.libero.it/facebookit/,32,0,0,2,0,0,0,0,2,0,0,0,32,0,0,0,-1,0,0,0,bad
thebaseballpage.com/players/henketo01,37,0,0,1,0,0,0,0,2,0,0,0,37,0,0,1,-1,0,0,0,good
shogiwar.webs.com/Shogi_War_Page/index.html,43,0,0,3,0,0,0,0,2,0,0,0,43,0,0,1,-1,0,0,0,good
vrml.cip.ica.uni-stuttgart.de/dune/,35,0,0,4,0,0,0,0,2,0,0,0,35,0,0,0,-1,0,0,0,good
rootsweb.ancestry.com/~maberksh/towns/cheshire/pre1810.html,59,0,0,3,0,0,0,0,4,0,0,0,59,0,0,1,-1,0,0,0,good
muffben.net/dyixm8h6x,21,0,0,1,0,0,0,0,1,0,0,0,21,0,0,1,-1,0,0,0,bad
alexgtsakumis.com/2010/04/24/surrey-mayor-dianne-watts-and-husband-brian-involved-in-serious-crash/,99,0,0,1,0,0,0,0,5,0,0,0,99,0,0,1,-1,0,0,0,good
dreyers.com/,12,0,0,1,0,0,0,0,1,0,0,0,12,0,0,1,-1,0,0,0,good
sparkdeal.in/secure/dy6em1kir74x8k6oplrfpfatxamse2cir8m4zxdhu74ti18ycp3ru3bi4n08/,81,0,0,1,0,0,0,0,3,0,0,1,81,0,0,0,-1,0,0,0,bad
letrs.indiana.edu/cgi/t/text/text-idx?c=wright2;cc=wright2;view=text;rgn=main;idno=Wright2-2749%3C,98,0,0,2,0,0,0,0,4,0,0,0,37,60,7,0,-1,0,0,0,good
www.mulle-kybernetik.com/artikel/Optimization/opti.html,55,0,0,3,0,0,0,0,3,0,0,0,55,0,0,1,-1,0,0,0,good
taiwan.yoolk.com/,17,0,0,2,0,0,0,0,1,0,0,0,17,0,0,1,-1,0,0,0,good
uberrito.com/knby545,20,0,0,1,0,0,0,0,1,0,0,0,20,0,0,1,-1,0,0,0,bad
members.tripod.com/~FWDcomputing/index-2.html,45,0,0,3,0,0,0,0,2,0,0,0,45,0,0,1,-1,0,0,0,good
picasaweb.google.com/argv/StDenis2008,37,0,0,2,0,0,0,0,2,0,0,0,37,0,0,1,-1,0,0,0,good
cantalupochiropractic.com/,26,0,0,1,0,0,0,0,1,0,0,0,26,0,0,1,-1,0,0,0,good
plantaardigebrandstof.nl/index.zip,34,0,0,2,0,0,0,0,1,0,0,0,34,0,0,0,-1,0,0,0,bad
bodzproductions.com.au/language/OSCA/,37,0,0,2,0,0,0,0,3,0,0,0,37,0,0,1,-1,0,0,0,bad
kf25zx.com/images/?http://us.battle.net/login/en/http://www.toitoi.com.tw/wp-admin,82,0,0,6,0,0,0,0,2,1,0,1,18,63,1,1,-1,0,0,0,bad
sarkanykard.hu/includes/phpmailer/identity.virginmedia.php?rand=13InboxLightaspxn.1774256418&amp;fid.4.1252899642&amp;fid=1&amp;fav.1&amp;rand.13InboxLight.aspxn.1774256418&amp;fid.1252899642&amp;fid.1&amp;fav.1&amp;email=&amp;.rand=13InboxLight.aspx?n=1774256418&amp;fid=4,273,0,0,15,0,0,0,0,3,0,0,0,58,214,18,0,-1,0,0,0,bad
penthequasirequirement.teapartyfaxproject.com/forums/viewforum.php?f=2l621&amp;sid=.h125n54kp0i45192033&amp;,108,0,0,4,0,0,0,0,2,0,0,0,66,41,5,1,-1,0,0,0,bad
am-london.com/,14,0,0,1,0,0,0,0,1,0,0,0,14,0,0,1,-1,0,0,0,good
www.yamaha.com/yec/,19,0,0,2,0,0,0,0,2,0,0,0,19,0,0,1,-1,0,0,0,good
chesapeaketraditions.com/cfmb-07-july-pewter-bracelet.html,58,0,0,2,0,0,0,0,1,0,0,0,58,0,0,1,-1,0,0,0,good
siegelproductions.ca/ottawarocks/brunch.htm,43,0,0,2,0,0,0,0,2,0,0,0,43,0,0,0,-1,0,0,0,good
nhl.com/ice/draftsearch.htm,27,0,0,2,0,0,0,0,2,0,0,0,27,0,0,1,-1,0,0,0,good
members.shaw.ca/brokersca/,26,0,0,2,0,0,0,0,2,0,0,0,26,0,0,0,-1,0,0,0,good
vpr.net/episode/45702/,22,0,0,1,0,0,0,0,3,0,0,0,22,0,0,1,-1,0,0,0,good
houseofnames.com/mctavish-family-crest,38,0,0,1,0,0,0,0,1,0,0,0,38,0,0,1,-1,0,0,0,good
heraldstandard.com/marketplace/route-furniture-warehouse/business_1118551198.html,81,0,0,2,0,0,0,0,3,0,0,0,81,0,0,1,-1,0,0,0,good
pcmamembers.com/seasonal-gabrielle-goyette/,43,0,0,1,0,0,0,0,2,0,0,0,43,0,0,1,-1,0,0,0,good
www.ezyware.com/ezypage.htm,27,0,0,3,0,0,0,0,1,0,0,0,27,0,0,1,-1,0,0,0,good
thelabelman.com/label_library.php,33,0,0,2,0,0,0,0,1,0,0,0,33,0,0,1,-1,0,0,0,good
feeds.rapidfeeds.com/81908/,27,0,0,2,0,0,0,0,2,0,0,0,27,0,0,1,-1,0,0,0,bad
eliteprospects.com/player.php?player=10904,42,0,0,2,0,0,0,0,1,0,0,0,29,12,2,1,-1,0,0,0,good
en.wikipedia.org/wiki/Dan_Delisle,33,0,0,2,0,0,0,0,2,0,0,0,33,0,0,1,-1,0,0,0,good
mohhsus.com/?page_id=1338,25,0,0,1,0,0,0,0,1,0,0,0,12,12,2,1,-1,0,0,0,good
elyrics.net/read/d/donovan-lyrics/three-king-fishers-lyrics.html,64,0,0,2,0,0,0,0,4,0,0,0,64,0,0,1,-1,0,0,0,good
tranmere-rovers.co.uk/,22,0,0,2,0,0,0,0,1,0,0,0,22,0,0,0,-1,0,0,0,good
canpages.ca/people-directory/QC/saint-romuald/9912-pouliot-list.html,68,0,0,2,0,0,0,0,4,0,0,0,68,0,0,0,-1,0,0,0,good
books.simonandschuster.com/I-Sniper/Stephen-Hunter/9781416565154,64,0,0,2,0,0,0,0,3,0,0,0,64,0,0,1,-1,0,0,0,good
youtube.com/watch?v=3mHWPLttpis,31,0,0,1,0,0,0,0,1,0,0,0,17,13,2,1,-1,0,0,0,good
infoplease.com/ipea/A0901432.html,33,0,0,2,0,0,0,0,2,0,0,0,33,0,0,1,-1,0,0,0,good
canada-heros.com/abbott_maude.html,34,0,0,2,0,0,0,0,1,0,0,0,34,0,0,1,-1,0,0,0,good
nfl.com/draft/history/fulldraft?type=team,41,0,0,1,0,0,0,0,3,0,0,0,31,9,2,1,-1,0,0,0,good
singingthefaithplus.org.uk/,27,0,0,2,0,0,0,0,1,0,0,0,27,0,0,1,-1,0,0,0,good
www.dcs.gla.ac.uk/Keith/Preface.html,36,0,0,5,0,0,0,0,2,0,0,0,36,0,0,0,-1,0,0,0,good
doc.novahue.org/upCopy/,23,0,0,2,0,0,0,0,2,0,0,0,23,0,0,1,-1,0,0,0,bad
dotnetupdatechecker.com/,24,0,0,1,0,0,0,0,1,0,0,1,24,0,0,1,-1,0,0,0,bad
perfectpeople.net/celebrity-star/13282/lorena-gale.htm,54,0,0,2,0,0,0,0,3,0,0,0,54,0,0,1,-1,0,0,0,good
'www.hzmuma.com/js/?secure.runescape.com/m=weblogin/loginform.ws?mod=www&amp;fjfxvmuamp\%3bssl=0&amp;dest',106,0,0,5,0,0,0,0,2,0,0,1,19,86,8,1,-1,0,0,0,bad
associatedcontent.com/article/1840059/american_serial_killer_robert_berdella.html,81,0,0,2,0,0,0,0,3,0,0,0,81,0,0,1,-1,0,0,0,good
ucjpevjjl.work/data/info.php,28,0,0,2,0,0,0,0,2,0,0,0,28,0,0,0,-1,0,0,0,bad
booktown.com/stcroixprints/browsehomes.php,42,0,0,2,0,0,0,0,2,0,0,0,42,0,0,1,-1,0,0,0,good
polhkinglobal.com/powerful/products/?l=_JeHFUq_VJOXK0QWHtoGYDw_Product-UserID,77,0,0,1,0,0,0,0,3,0,0,0,36,40,2,1,-1,0,0,0,bad
www.qinxin.cn/images/index.htm?us.battle.net/login/en/?ref=iulsligus.battle.net/d3/en/index&amp;app=com-d3,106,0,0,7,0,0,0,0,2,0,0,1,30,75,5,0,-1,0,0,0,bad
lpmxp2083.com,13,0,0,1,0,0,0,0,0,0,0,0,13,0,0,1,-1,0,0,0,bad
hiphopwired.com/2011/02/14/53rd-annual-grammy-award-winners-full-list/,70,0,0,1,0,0,0,0,5,0,0,0,70,0,0,1,-1,0,0,0,good
irenta.lt/6bmqpuxc,18,0,0,1,0,0,0,0,1,0,0,0,18,0,0,0,-1,0,0,0,bad
duquette.org/ENGLISH/Database/dat285.htm,40,0,0,2,0,0,0,0,3,0,0,0,40,0,0,1,-1,0,0,0,good
fgaospace.wordpress.com/,24,0,0,2,0,0,0,0,1,0,0,0,24,0,0,1,-1,0,0,0,good
manta.com/c/mt12lkq/big-brothers-big-sisters-of-essex-hudson-and-union-counties-new-jersey-inc,94,0,0,1,0,0,0,0,3,0,0,0,94,0,0,1,-1,0,0,0,good
tools.ietf.org/html/rfc1621,27,0,0,2,0,0,0,0,2,0,0,0,27,0,0,1,-1,0,0,0,good
trulia.com/property-sitemap/OH/Wapakoneta/45895/State_Route_501/,64,0,0,1,0,0,0,0,6,0,0,0,64,0,0,1,-1,0,0,0,good
www.outdoorsmokergrills.com/login/,34,0,0,2,0,0,0,0,2,0,0,1,34,0,0,1,-1,0,0,0,bad
selway-fisher.com/DoubleEs.htm,30,0,0,2,0,0,0,0,1,0,0,0,30,0,0,1,-1,0,0,0,good
bradtsics.com/zDcntrlde/_webscr.php?nxEXEC=d2Vic2NyX3ByaW0ucGhwP254RVhFQz1kMlZpYzJOeUxuQm9jRDlqYldSZlBXMWxiV0psY2k1MlpYSnBabms9&sdr01=ZGw2a2J3QGFyY29yLmRl,154,0,0,2,0,0,0,0,2,0,0,0,35,118,4,1,-1,0,0,0,bad
netprospex.com/company/executives/McCownGordon-Construction?companyID=1660939,77,0,0,1,0,0,0,0,3,0,0,0,59,17,2,1,-1,0,0,0,good
tripadvisor.com/ShowTopic-g274951-i1314-k4481454-Currency_exchange_in_Vilnius-Vilnius.html,90,0,0,2,0,0,0,0,1,0,0,0,90,0,0,1,-1,0,0,0,good
www.complang.tuwien.ac.at/forth/gforth/Docs-html/,49,0,0,4,0,0,0,0,4,0,0,0,49,0,0,1,-1,0,0,0,good
joker11.funpic.de/panel/index.php?login,39,0,0,3,0,0,0,0,2,0,0,1,33,5,1,0,-1,0,0,0,bad
cafe-bg.com/87t34f,18,0,0,1,0,0,0,0,1,0,0,0,18,0,0,1,-1,0,0,0,bad
cityofheroes.wikia.com/wiki/Freak_of_Nature_Badge,49,0,0,2,0,0,0,0,2,0,0,0,49,0,0,1,-1,0,0,0,good
kkohanidds.com/incfile/asset-file/8b777d663126a6bcb7648c81a4b5a5b7/,67,0,0,1,0,0,0,0,4,0,0,0,67,0,0,1,-1,0,0,0,bad
mp3bear.com/?q=vishal+shekhar+hits,34,0,0,1,0,0,0,0,1,0,0,0,12,21,2,1,-1,0,0,0,good
www.ms.unimelb.edu.au/~enting/spline.html,41,0,0,5,0,0,0,0,2,0,0,0,41,0,0,0,-1,0,0,0,good
en.wikipedia.org/wiki/Les_Brasseurs_RJ,38,0,0,2,0,0,0,0,2,0,0,0,38,0,0,1,-1,0,0,0,good
cmaj.ca/content/171/12/1433.full,32,0,0,2,0,0,0,0,4,0,0,0,32,0,0,0,-1,0,0,0,good
accounts-google-com.webs.com/,29,0,0,2,0,0,0,0,1,0,0,1,29,0,0,1,-1,0,0,0,bad
eigties.com/,12,0,0,1,0,0,0,0,1,0,0,0,12,0,0,1,-1,0,0,0,good
www.dripsocks.com.br/site/MOBILE-DO/absa-mobiledo/absaBanking/index.php,71,0,0,4,0,0,0,0,5,0,0,1,71,0,0,1,-1,0,0,0,bad
organtranspl.com/Public/kindeditor/attached/file/20160427/20160427170639_36015.html,83,0,0,2,0,0,0,0,6,0,0,0,83,0,0,1,-1,0,0,0,bad
articles.sitepoint.com/article/code-html-email-newsletters,58,0,0,2,0,0,0,0,2,0,0,0,58,0,0,1,-1,0,0,0,good
theblackpage.forumotion.com/t205-japanese-horror-films-american-remakes,71,0,0,2,0,0,0,0,1,0,0,0,71,0,0,1,-1,0,0,0,good
airtravel.about.com/od/charterlowcostairl4/Charter_Low_Cost_Airlines_in_North_America.htm,89,0,0,3,0,0,0,0,3,0,0,0,89,0,0,1,-1,0,0,0,good
go2l.ink/1EhP,13,0,0,1,0,0,0,0,1,0,0,0,13,0,0,0,-1,0,0,0,bad
ysupenguins.com/sportspages/basketballm/baskhist.htm,52,0,0,2,0,0,0,0,3,0,0,0,52,0,0,1,-1,0,0,0,good
facebook.com/pages/Digital-Underground/109463355745987?sk=info,62,0,0,1,0,0,0,0,3,0,0,0,54,7,2,1,-1,0,0,0,good
thaibirding.com/ornithology/thaimig.htm,39,0,0,2,0,0,0,0,2,0,0,0,39,0,0,1,-1,0,0,0,good
goldenladywedding.com/8fh34f3,29,0,0,1,0,0,0,0,1,0,0,0,29,0,0,1,-1,0,0,0,bad
rootsweb.ancestry.com/~mnstloui/197599b2.htm,44,0,0,3,0,0,0,0,2,0,0,0,44,0,0,1,-1,0,0,0,good
linkedin.com/pub/dwayne-taylor/13/468/985,41,0,0,1,0,0,0,0,5,0,0,0,41,0,0,1,-1,0,0,0,good
steamsurprise.prv.co.il/,24,0,0,3,0,0,0,0,1,0,0,0,24,0,0,0,-1,0,0,0,bad
bhejacry.com/wp-includes/js/jcrop/gucci2014/gdocs,49,0,0,1,0,0,0,0,5,0,0,0,49,0,0,1,-1,0,0,0,bad
insiderpages.com/b/15240139695/avila-university-kansas-city,59,0,0,1,0,0,0,0,3,0,0,0,59,0,0,1,-1,0,0,0,good
cms.paypal.com.cgi.bin.webscr.cmd.flow.session.lohzumu98pjkwkwudgtj3ie6btlub.online775885d80a13c0db1f8e263663d3faee8d43b1bb6ca3ufquez.craftycarlos.com/988d69e3197f3a630602b14e25afd059/,184,0,0,12,0,0,0,0,2,0,0,0,184,0,0,1,-1,0,0,0,bad
quod.lib.umich.edu/m/micounty/ARH7628.0001.001?rgn=main;view=fulltext,69,0,0,5,0,0,0,0,3,0,0,0,46,22,3,0,-1,0,0,0,good
refkeromning.com//s5/forum.php,30,0,0,2,0,0,0,0,3,1,0,0,30,0,0,1,-1,0,0,0,bad
commons.wikimedia.org/wiki/Category:Club_Atl%C3%A9tico_Atlanta,62,0,0,2,0,0,0,0,2,0,0,0,62,0,2,1,-1,0,0,0,good
scribd.com/doc/37647374/Broadcaster-2008-85-2-Fall,50,0,0,1,0,0,0,0,3,0,0,0,50,0,0,1,-1,0,0,0,good
amazon.com/Assassins-2004-Broadway-Revival-Cast/dp/B0002B161Y,61,0,0,1,0,0,0,0,3,0,0,0,61,0,0,1,-1,0,0,0,good
hippofile.com.hostlogr.com/,27,0,0,3,0,0,0,0,1,0,0,0,27,0,0,1,-1,0,0,0,good
clubofmalw.ws/1ceplva,21,0,0,1,0,0,0,0,1,0,0,0,21,0,0,0,-1,0,0,0,bad
www.bryantwebconsulting.com/blog/,33,0,0,2,0,0,0,0,2,0,0,0,33,0,0,1,-1,0,0,0,good
yesuzuki.web.fc2.com/heu7sqm8,29,0,0,3,0,0,0,0,1,0,0,0,29,0,0,1,-1,0,0,0,bad
obits.rootsweb.ancestry.com/cgi-bin/obit.cgi?Surname=+%2Bsamantha&type=Keyword&Start=700,88,0,0,4,0,0,0,0,2,0,0,0,44,43,7,1,-1,0,0,0,good
lakearrowheadcc.com/,20,0,0,1,0,0,0,0,1,0,0,0,20,0,0,1,-1,0,0,0,good
rankwhat.com/?viva=news&Keywords=Jacob+Fink&FORM=QSNR1,54,0,0,1,0,0,0,0,1,0,0,0,13,40,6,1,-1,0,0,0,good
infraredme.com/556/455.exe,26,0,0,2,0,0,0,0,2,0,0,0,26,0,0,1,-1,0,0,0,bad
www.arcadecontrols.com/arcade_brian.html,40,0,0,3,0,0,0,0,1,0,0,0,40,0,0,1,-1,0,0,0,good
sunviewblinds.co.za/tr/en/doss,30,0,0,2,0,0,0,0,3,0,0,0,30,0,0,0,-1,0,0,0,bad
harrymarnell.net/PE-LINKS.htm,29,0,0,2,0,0,0,0,1,0,0,0,29,0,0,1,-1,0,0,0,good
imdb.com/name/nm0023231/,24,0,0,1,0,0,0,0,3,0,0,0,24,0,0,1,-1,0,0,0,good
accessoryinasia.com/keybase/post.php,36,0,0,2,0,0,0,0,2,0,0,0,36,0,0,1,-1,0,0,0,bad
eyelashcanada.com/,18,0,0,1,0,0,0,0,1,0,0,0,18,0,0,1,-1,0,0,0,good
lumino.ca/exe/g/index.html,26,0,0,2,0,0,0,0,3,0,0,0,26,0,0,0,-1,0,0,0,bad
constructoravym.cl/installation1/uk-eng/,40,0,0,1,0,0,0,0,3,0,0,0,40,0,0,0,-1,0,0,0,bad
us-places.com/Texas/Fayette-County.htm,38,0,0,2,0,0,0,0,2,0,0,0,38,0,0,1,-1,0,0,0,good
kusports.com/mens_basketball/big12_tournament/2008/schedule/,60,0,0,1,0,0,0,0,5,0,0,0,60,0,0,1,-1,0,0,0,good
rottentomatoes.com/celebrity/ellie_kemper/,42,0,0,1,0,0,0,0,3,0,0,0,42,0,0,1,-1,0,0,0,good
joynergraphics.com/2e7qysyn,27,0,0,1,0,0,0,0,1,0,0,0,27,0,0,1,-1,0,0,0,bad
kinghama.gwchost.com/login.html,31,0,0,3,0,0,0,0,1,0,0,1,31,0,0,1,-1,0,0,0,bad
pipl.com/directory/name/Levesque/Adelard,40,0,0,1,0,0,0,0,4,0,0,0,40,0,0,1,-1,0,0,0,good
en.wikipedia.org/wiki/Charlene_Wong,35,0,0,2,0,0,0,0,2,0,0,0,35,0,0,1,-1,0,0,0,good
en.wikipedia.org/wiki/Grantham_University_College_of_Engineering_and_Computer_Science,85,0,0,2,0,0,0,0,2,0,0,0,85,0,0,1,-1,0,0,0,good
en.wikipedia.org/wiki/Tennis_at_the_2000_Summer_Olympics_%E2%80%93_Men%27s_Doubles,82,0,0,2,0,0,0,0,2,0,0,0,82,0,4,1,-1,0,0,0,good
en.wikipedia.org/wiki/Paris,27,0,0,2,0,0,0,0,2,0,0,0,27,0,0,1,-1,0,0,0,good
facebook.com/people/Steve-Riedel/660632183,42,0,0,1,0,0,0,0,3,0,0,0,42,0,0,1,-1,0,0,0,good
multipluspromocional2012.pro.tc/,32,0,0,2,0,0,0,0,1,0,0,0,32,0,0,0,-1,0,0,0,bad
aaa.aa24.net/,13,0,0,2,0,0,0,0,1,0,0,0,13,0,0,1,-1,0,0,0,bad
mylife.com/chesneeshull,23,0,0,1,0,0,0,0,1,0,0,0,23,0,0,1,-1,0,0,0,good
wikicars.org/en/Mercury_Meteor,30,0,0,1,0,0,0,0,2,0,0,0,30,0,0,1,-1,0,0,0,good
'9d345009-a-62cb3a1a-s-sites.googlegroups.com/site/stickamcomlogindo/login.html?amp\%3Battredirects=2&amp;attachauth=ANoY7cp6hRwe6Y6kyx9XJmxueJB_wvlmfv00e6CvX_ob-aRGknk1ViZQNs-6aIu96g4k885MjlPg5ZNHysJvIrtRcYUpUyQsIbFTAU8cj05b3qwBQ-1PoKnD7FscUEWLXHD2CMhBFTdkAUb5PCKBCYzsvrREKzzPiAx2TO6zYjEKelyRR1pZ2ln8UEZNdEaoq3HPYAJ7vn5S3bCOY7Obu59gKfJje5hh-w\%3D\%3D&amp;attredirects=0',371,0,0,3,0,0,0,0,3,0,0,1,79,291,9,1,-1,0,0,0,bad
news.nhknews.hk/,16,0,0,2,0,0,0,0,1,0,0,0,16,0,0,0,-1,0,0,0,bad
supplyinistanbul.com/cache/d2b4bfa4986623f6f4c3b16d1b81d91.html,63,0,0,2,0,0,0,0,2,0,0,0,63,0,0,1,-1,0,0,0,bad
acronyms.thefreedictionary.com/Wilayah+Persekutuan+Kuala+Lumpur,63,0,0,2,0,0,0,0,1,0,0,0,63,0,0,1,-1,0,0,0,good
netdatabio.com/GD/,18,0,0,1,0,0,0,0,2,0,0,0,18,0,0,1,-1,0,0,0,bad
mylife.com/c-2170118871,23,0,0,1,0,0,0,0,1,0,0,0,23,0,0,1,-1,0,0,0,good
monsunstuttgarts.trucksbyswat.net/jdhm4mhfys.php\nwww.pferdefit.de/,67,0,0,5,0,0,0,0,2,0,0,0,67,0,0,1,-1,0,0,0,bad
twilightguide.com/tg/,21,0,0,1,0,0,0,0,2,0,0,0,21,0,0,1,-1,0,0,0,good
stepintohistory.com/states/MO/Missouri_1855.htm,47,0,0,2,0,0,0,0,3,0,0,0,47,0,0,1,-1,0,0,0,good
1067kissfm.com/,15,0,0,1,0,0,0,0,1,0,0,0,15,0,0,1,-1,0,0,0,good
www.sys-concept.com/Mutt_connections.html,41,0,0,3,0,0,0,0,1,0,0,0,41,0,0,1,-1,0,0,0,good
linkedin.com/in/robertjmcnamara,31,0,0,1,0,0,0,0,2,0,0,0,31,0,0,1,-1,0,0,0,good
rty.skycam4.com/index.php?zn2KcbiZKxrHDIc=l3SMfPrfJxzFGMSUb-nJDa9BMEXCRQLPh4SGhKrXCJ-ofSih17OIFxzsmTu2KV_OpqxveN0SZFSOzQfZPVQlyZAdChoB_Oqki0vHjUnH1cmQ9laHYghP7ZXBQOc43wugy7VHcc8hwBWD4TVZy7wVBAsVtw4Tma-fBKqKp0N6RgBnEB_CbJQlqw-fECT6PXl5gv2pHn4oieWX_PBxn5Qs3lM&amp;dfgsdf=2548,273,0,0,3,0,0,0,0,1,0,0,0,25,247,4,1,-1,0,0,0,bad
facebook.com/people/Jeanne-Hines/1051250060,43,0,0,1,0,0,0,0,3,0,0,0,43,0,0,1,-1,0,0,0,good
chowhound.chow.com/boards/1,27,0,0,2,0,0,0,0,2,0,0,0,27,0,0,1,-1,0,0,0,good
myspace.com/joshturner,22,0,0,1,0,0,0,0,1,0,0,0,22,0,0,1,-1,0,0,0,good
www.stopbure.com/modules/MenuManager/images/EZ/,47,0,0,2,0,0,0,0,5,0,0,0,47,0,0,1,-1,0,0,0,bad
jointventure.com/,17,0,0,1,0,0,0,0,1,0,0,0,17,0,0,1,-1,0,0,0,good
facebook.com/mobify,19,0,0,1,0,0,0,0,1,0,0,0,19,0,0,1,-1,0,0,0,good
gomusicnow.com/album.html?id=109370,35,0,0,2,0,0,0,0,1,0,0,0,25,9,2,1,-1,0,0,0,good
91.220.163.32/a2/,17,1,0,3,0,0,0,0,2,0,0,0,17,0,0,0,-1,0,0,0,bad
names.whitepages.com/robert/rabun,33,0,0,2,0,0,0,0,2,0,0,0,33,0,0,1,-1,0,0,0,good
'update-informations013.creativeplaythings.com.au/?/cgi-\%0D\%5Cn\%0D\%5Cnbin/webscr?cmd=_login-\%0D\%5Cn\%0D\%5Cnsubmit&dispatch=5885d80ds0db1f8e263663d3faee8db2b24f7b84f1819343fd6c338b1d9d60',193,0,0,3,0,0,0,0,1,0,0,1,50,142,13,1,-1,0,0,0,bad
edmunds.com/repairshops/all/NorthDakota/Lamoure.html,52,0,0,2,0,0,0,0,4,0,0,0,52,0,0,1,-1,0,0,0,good
findarticles.com/p/articles/mi_m0EIN/is_2002_Sept_4/ai_91043160/,64,0,0,1,0,0,0,0,6,0,0,0,64,0,0,1,-1,0,0,0,good
womenshistory.about.com/od/protestant/a/aimee_mcpherson.htm,59,0,0,3,0,0,0,0,4,0,0,0,59,0,0,1,-1,0,0,0,good
31hours.com/streaming-live-fc-dallas-vs-new-york-red-bulls-17-09-2011/,70,0,0,1,0,0,0,0,2,0,0,0,70,0,0,1,-1,0,0,0,good
ip-addr.es/,11,0,0,1,0,0,0,0,1,0,0,0,11,0,0,0,-1,0,0,0,bad
freewebs.com/tricolore/lhistoire.htm,36,0,0,2,0,0,0,0,2,0,0,0,36,0,0,1,-1,0,0,0,good
ukmysteryshopperjobs.com/,25,0,0,1,0,0,0,0,1,0,0,0,25,0,0,1,-1,0,0,0,good
irelandstoves.com/,18,0,0,1,0,0,0,0,1,0,0,0,18,0,0,1,-1,0,0,0,good
lakesatcenterra.com/g38f3fg,27,0,0,1,0,0,0,0,1,0,0,0,27,0,0,1,-1,0,0,0,bad
thefullwiki.org/Toronto_Maple_Leafs,35,0,0,1,0,0,0,0,1,0,0,0,35,0,0,1,-1,0,0,0,good
ckjh.cksd.wednet.edu/staff/bridgetbu/mw/microworldsindex.htm,60,0,0,4,0,0,0,0,4,0,0,0,60,0,0,0,-1,0,0,0,good
croonet.com/start/E_MjY5OTkwMQ%3D%3D/,37,0,0,1,0,0,0,0,3,0,0,0,37,0,2,1,-1,0,0,0,good
80.224.32.4/test,16,1,0,3,0,0,0,0,1,0,0,0,16,0,0,0,-1,0,0,0,bad
us.battle.net-d3-tw.account-eu.com/battle_net_account.php?ref=us.battle.net/account/management/index.xml&amp;app=bam,116,0,0,8,0,0,0,0,1,0,0,1,57,58,4,1,-1,0,0,0,bad
crankyflier.com/2008/11/13/delta-channels-pan-am-decides-to-fly-to-every-airport-on-earth/,90,0,0,1,0,0,0,0,5,0,0,0,90,0,0,1,-1,0,0,0,good
houghtalingsgarage.com/,23,0,0,1,0,0,0,0,1,0,0,0,23,0,0,1,-1,0,0,0,good
amazon.ca/Georgy-Girl-James-Mason/dp/B0009I8QHC,47,0,0,1,0,0,0,0,3,0,0,0,47,0,0,0,-1,0,0,0,good
three.kjghkjdfjhdc.biz/gsd585dl1g\nwww.lavoro24.it/milano/addetto_customer_service-61123.html?utm_source=Indeed&utm_medium=cpc&utm_campaign=Indeed,146,0,0,5,0,0,0,0,3,0,0,0,93,52,6,0,-1,0,0,0,bad
aslikarabulut.com/wp-content/plugins/aa.php?t=x55c411nagl75,59,0,0,2,0,0,0,0,3,0,0,0,43,15,2,1,-1,0,0,0,bad
baseball-almanac.com/players/player.php?p=bouchde01,51,0,0,2,0,0,0,0,2,0,0,0,39,11,2,1,-1,0,0,0,good
bgalaw.co.il/content.php?id=5,29,0,0,3,0,0,0,0,1,0,0,0,24,4,2,0,-1,0,0,0,good
dr-delgado.eyeballz.com/2jiucIQJ/y3wNjUKRuv2.php,48,0,0,3,0,0,0,0,2,0,0,0,48,0,0,1,-1,0,0,0,bad
englishstate.com/87yfhc,23,0,0,1,0,0,0,0,1,0,0,0,23,0,0,1,-1,0,0,0,bad
queer-arts.org/ClassicalAlibi/pages/30%20Ted%20Shawn%2C%20Adonis%2C1923.htm,75,0,0,2,0,0,0,0,3,0,0,0,75,0,5,1,-1,0,0,0,good
farklerules.com/,16,0,0,1,0,0,0,0,1,0,0,0,16,0,0,1,-1,0,0,0,good
guesstrade.com/rss/feed/stream/,31,0,0,1,0,0,0,0,4,0,0,0,31,0,0,1,-1,0,0,0,bad
plantsroyal.org/css/salomon.rar,31,0,0,2,0,0,0,0,2,0,0,0,31,0,0,1,-1,0,0,0,bad
jigsaw.com/scid9366520/jan_ericsson.xhtml,41,0,0,2,0,0,0,0,2,0,0,0,41,0,0,1,-1,0,0,0,good
newschool.edu/nssr/het/schools/postk.htm,40,0,0,2,0,0,0,0,4,0,0,0,40,0,0,0,-1,0,0,0,good
immobilien1000.de/78yhuinFYs,28,0,0,1,0,0,0,0,1,0,0,0,28,0,0,0,-1,0,0,0,bad
webanswers.com/legal/children-and-the-law/can-my-26-year-old-son-change-his-last-name-on-his-birth-certificate-and-if-so-how-3337a4,131,0,0,1,0,0,0,0,3,0,0,0,131,0,0,1,-1,0,0,0,good
jacksjoint.com/osj-2-www.htm,28,0,0,2,0,0,0,0,1,0,0,0,28,0,0,1,-1,0,0,0,good
csepp.ky.gov/counties/,22,0,0,2,0,0,0,0,2,0,0,0,22,0,0,0,-1,0,0,0,good
web.53educationlending.com/stafford.asp,39,0,0,3,0,0,0,0,1,0,0,0,39,0,0,1,-1,0,0,0,good
mistic.kz/,10,0,0,1,0,0,0,0,1,0,0,0,10,0,0,0,-1,0,0,0,good
youtube.com/watch?v=E4IfDjDyWEY,31,0,0,1,0,0,0,0,1,0,0,0,17,13,2,1,-1,0,0,0,good
eu-bliizzard.tk/login.asp?app=bam&amp;amp;amp;ref=us.battle.net/account/management/index.xml,92,0,0,5,0,0,0,0,1,0,0,1,25,66,4,0,-1,0,0,0,bad
openlibrary.org/search?publisher_facet=Centre%20franco-ontarien%20de%20ressources%20pédagogiques,96,0,0,1,0,0,0,0,1,0,0,0,22,73,6,1,-1,0,0,0,good
gilkes.com/page/78/Hydropower.htm,33,0,0,2,0,0,0,0,3,0,0,0,33,0,0,1,-1,0,0,0,good
coho.physics.mcmaster.ca/hydra/,31,0,0,3,0,0,0,0,2,0,0,0,31,0,0,0,-1,0,0,0,good
us.battle.net.login.en.oo-rs.com/login/en/login.html?app=wam&amp;ref=worldofwarcraft.com/account/&amp;eor=0&amp;app=bam,119,0,0,8,0,0,0,0,3,0,0,1,52,66,8,1,-1,0,0,0,bad
torontosoccerfans.com/news/mls_supplemental_draft_2007/,55,0,0,1,0,0,0,0,3,0,0,0,55,0,0,1,-1,0,0,0,good
events.r20.constantcontact.com/register/event?llr=n9mbhrcab&oeidk=a07e3vihy2hc2c3002f,85,0,0,3,0,0,0,0,2,0,0,0,45,39,4,1,-1,0,0,0,good
en.wikipedia.org/wiki/Category:Companies_established_in_1939,60,0,0,2,0,0,0,0,2,0,0,0,60,0,0,1,-1,0,0,0,good
tools.ietf.org/html/rfc442,26,0,0,2,0,0,0,0,2,0,0,0,26,0,0,1,-1,0,0,0,good
texasstatebank.net/,19,0,0,1,0,0,0,0,1,0,0,0,19,0,0,1,-1,0,0,0,good
www.haskell.org/hugs/,21,0,0,2,0,0,0,0,2,0,0,0,21,0,0,1,-1,0,0,0,good
www.faqs.org/faqs/computer-lang/pli-faq/,40,0,0,2,0,0,0,0,4,0,0,0,40,0,0,1,-1,0,0,0,good
ungava-adventures.com/en/trip-packages/caribou-hunting/caribou-hunting-in-northern-quebec,89,0,0,1,0,0,0,0,4,0,0,0,89,0,0,1,-1,0,0,0,good
tfsgroup.org/d/WellsLINK/WellsLINK/WellsLINK/WellsLINK/WellsLINK/index.html,75,0,0,2,0,0,0,0,7,0,0,0,75,0,0,1,-1,0,0,0,bad
cavbooster.com/,15,0,0,1,0,0,0,0,1,0,0,0,15,0,0,1,-1,0,0,0,good
marketingnatural.net/845yfgh?ylfuwtp=xvamobaye,46,0,0,1,0,0,0,0,1,0,0,0,28,17,2,1,-1,0,0,0,bad
zoominfo.com/people/Auger_Serge_1181066163.aspx,47,0,0,2,0,0,0,0,2,0,0,0,47,0,0,1,-1,0,0,0,good
spokeo.com/Harold+Shapiro,25,0,0,1,0,0,0,0,1,0,0,0,25,0,0,1,-1,0,0,0,good
cgp.si/en/Contact,17,0,0,1,0,0,0,0,2,0,0,0,17,0,0,0,-1,0,0,0,good
aol.sportingnews.com/nhl/feed/2010-10/nhl-concussions/story/injuries-expected-to-force-ian-laperriere-to-retire,111,0,0,2,0,0,0,0,6,0,0,0,111,0,0,1,-1,0,0,0,good
lifetimetopps.wordpress.com/2011/11/06/1991-mlb-season-in-review/,65,0,0,2,0,0,0,0,5,0,0,0,65,0,0,1,-1,0,0,0,good
www.matcoinc.com/files/PublicationPDFs/7TAPPI_felts.pdf,55,0,0,3,0,0,0,0,3,0,0,0,55,0,0,1,-1,0,0,0,good
healthcare.com/find/dermatologist/IN/hobart/,44,0,0,1,0,0,0,0,5,0,0,0,44,0,0,1,-1,0,0,0,good
boxinginsider.com/headlines/carl-froch-vs-andre-ward-fight-for-inaugural-super-6-cup-1029/,90,0,0,1,0,0,0,0,3,0,0,0,90,0,0,1,-1,0,0,0,good
montrealfamilyactivities.blogspot.com/2009_07_01_archive.html,61,0,0,3,0,0,0,0,1,0,0,0,61,0,0,1,-1,0,0,0,good
i71.rip/un/,11,0,0,1,0,0,0,0,2,0,0,0,11,0,0,0,-1,0,0,0,bad
igfxtray.exe,12,0,0,1,0,0,0,0,0,0,0,0,12,0,0,0,-1,0,0,0,bad
officialindianajonescostumes.com/,33,0,0,1,0,0,0,0,1,0,0,0,33,0,0,1,-1,0,0,0,good
sidereel.com/The_Big_Bang_Theory,32,0,0,1,0,0,0,0,1,0,0,0,32,0,0,1,-1,0,0,0,good
www.sofexjordanx.com/,21,0,0,2,0,0,0,0,1,0,0,0,21,0,0,1,-1,0,0,0,bad
rockhillrealty.us/slap/glance,29,0,0,1,0,0,0,0,2,0,0,0,29,0,0,0,-1,0,0,0,bad
youtube.com/watch?v=g6a7ZfmCEXk,31,0,0,1,0,0,0,0,1,0,0,0,17,13,2,1,-1,0,0,0,good
classmates.com/directory/school/henrietta%20high%20school?org=18350,67,0,0,1,0,0,0,0,3,0,0,0,57,9,4,1,-1,0,0,0,good
williamhillmedia.com/index_template.asp?file=5323,49,0,0,2,0,0,0,0,1,0,0,0,39,9,2,1,-1,0,0,0,good
villakidsbuffetinfantil.com/Limit-id=65722/31e09193cb9f992305122735ab11e045/,76,0,0,1,0,0,0,0,3,0,0,0,76,0,1,1,-1,0,0,0,bad
hotfrog.ca/Products/Serge,25,0,0,1,0,0,0,0,2,0,0,0,25,0,0,0,-1,0,0,0,good
bluesjamtracks.org/,19,0,0,1,0,0,0,0,1,0,0,0,19,0,0,1,-1,0,0,0,good
names.whitepages.com/frank/pollara,34,0,0,2,0,0,0,0,2,0,0,0,34,0,0,1,-1,0,0,0,good
fanslogon.com/World_Cup_Spain,29,0,0,1,0,0,0,0,1,0,0,0,29,0,0,1,-1,0,0,0,good
j7hreprcsb.lecopahyxppw.info/o46gzwmlp4\nvellejaresearch.com/b/728x90.jpg?ref=coolin,84,0,0,4,0,0,0,0,3,0,0,0,73,10,2,1,-1,0,0,0,bad
m2jbdistribuidora.com.br/aol/indexx.htm,39,0,0,3,0,0,0,0,2,0,0,0,39,0,0,1,-1,0,0,0,bad
howtotrainmypuppy.com/Pomeranian/,33,0,0,1,0,0,0,0,2,0,0,0,33,0,0,1,-1,0,0,0,good
askbiography.com/bio/Isaiah_Rider.html,38,0,0,2,0,0,0,0,2,0,0,0,38,0,0,1,-1,0,0,0,good
powells.com/biblio?isbn=9781571130099,37,0,0,1,0,0,0,0,1,0,0,0,18,18,2,1,-1,0,0,0,good
mika.tohmon.com/afdIJGY8766gyu,30,0,0,2,0,0,0,0,1,0,0,0,30,0,0,1,-1,0,0,0,bad
cityofberkeley.info/firestorm20/,32,0,0,1,0,0,0,0,2,0,0,0,32,0,0,1,-1,0,0,0,good
dictionary.sensagent.com/liste+de+films+québécois/fr-fr/,56,0,0,2,0,0,0,0,3,0,0,0,56,0,0,1,-1,0,0,0,good
robertcoker.com/,16,0,0,1,0,0,0,0,1,0,0,0,16,0,0,1,-1,0,0,0,good
kansascity.com/,15,0,0,1,0,0,0,0,1,0,0,0,15,0,0,1,-1,0,0,0,good
azhockey.com/Wo.htm,19,0,0,2,0,0,0,0,1,0,0,0,19,0,0,1,-1,0,0,0,good
baseball-reference.com/bullpen/1966,35,0,0,1,0,0,0,0,2,0,0,0,35,0,0,1,-1,0,0,0,good
thirdage.com/news/indianapolis-colts-tight-end-dallas-clark-suffers-wrist-injury-miss-rest-season_10-22-2010,108,0,0,1,0,0,0,0,2,0,0,0,108,0,0,1,-1,0,0,0,good
tourjacket.me/ii.exe,20,0,0,2,0,0,0,0,1,0,0,0,20,0,0,0,-1,0,0,0,bad
www.facebook.com/foxprovideo,28,0,0,2,0,0,0,0,1,0,0,0,28,0,0,1,-1,0,0,0,good
atelierdiptyc.com/wp-content/plugins/cached_data/label_0420.zip,63,0,0,2,0,0,0,0,4,0,0,0,63,0,0,1,-1,0,0,0,bad
schefferville.net/,18,0,0,1,0,0,0,0,1,0,0,0,18,0,0,1,-1,0,0,0,good
wapipedia.org/wikipedia/mobileindex.php?let=Ger,47,0,0,2,0,0,0,0,2,0,0,0,39,7,2,1,-1,0,0,0,good
www.thenfdf.org/images/Tabs/,28,0,0,2,0,0,0,0,3,0,0,0,28,0,0,1,-1,0,0,0,bad
freelargephotos.com/?subject=Lake+Chabot,40,0,0,1,0,0,0,0,1,0,0,0,20,19,2,1,-1,0,0,0,good
docstoc.com/docs/3541201/snowden-pencer,39,0,0,1,0,0,0,0,3,0,0,0,39,0,0,1,-1,0,0,0,good
87.120.37.90/fend.png,21,1,0,4,0,0,0,0,1,0,0,0,21,0,0,0,-1,0,0,0,bad
51mct.com/js/?us.battle.net/login/en/?ref=rwqvszdus.battle.net/d3/en/index&amp;app=com-d3,89,0,0,5,0,0,0,0,2,0,0,1,13,75,5,1,-1,0,0,0,bad
setx-law.com/components/com_ag_google_analytics2/7133796719/de-34136426436/,75,0,0,1,0,0,0,0,5,0,0,0,75,0,0,1,-1,0,0,0,bad
everything.explained.at/contents/list_BIL.htm,45,0,0,3,0,0,0,0,2,0,0,0,45,0,0,0,-1,0,0,0,good
evri.com/person/pierre-granche-0xb9b72,38,0,0,1,0,0,0,0,2,0,0,0,38,0,0,1,-1,0,0,0,good
archive.org/details/Le_Cafe,27,0,0,1,0,0,0,0,2,0,0,0,27,0,0,1,-1,0,0,0,good
mp3videosearch.com/mp3/Brooklyn-Funk-Essentials-Take-the-L-Train.htm,68,0,0,2,0,0,0,0,2,0,0,0,68,0,0,1,-1,0,0,0,good
www.drpribut.com/sports/chess.html,34,0,0,3,0,0,0,0,2,0,0,0,34,0,0,1,-1,0,0,0,good
internationalviewpoint.org/spip.php?article987,46,0,0,2,0,0,0,0,1,0,0,0,35,10,1,1,-1,0,0,0,good
helpus.su/extralog/admin.php,28,0,0,2,0,0,0,0,2,0,0,0,28,0,0,0,-1,0,0,0,bad
youtube.com/watch?v=rQHMlwNOcts,31,0,0,1,0,0,0,0,1,0,0,0,17,13,2,1,-1,0,0,0,good
oeuf.foodpages.ca/,18,0,0,2,0,0,0,0,1,0,0,0,18,0,0,0,-1,0,0,0,good
dedivan.ru/printable.php?show_aux_page=6,40,0,0,2,0,0,0,0,1,0,0,0,24,15,2,0,-1,0,0,0,bad
focusfeatures.com/somewhere,27,0,0,1,0,0,0,0,1,0,0,0,27,0,0,1,-1,0,0,0,good
primetec.pt/airnav/1/auth/,26,0,0,1,0,0,0,0,4,0,0,0,26,0,0,0,-1,0,0,0,bad
gametreemac.com/,16,0,0,1,0,0,0,0,1,0,0,0,16,0,0,1,-1,0,0,0,good
newsmeat.com/billionaire_political_donations/Kevin_O'Leary.php,62,0,0,2,0,0,0,0,2,0,0,0,62,0,0,1,-1,0,0,0,good
wn.com/les_canibal,18,0,0,1,0,0,0,0,1,0,0,0,18,0,0,1,-1,0,0,0,good
ww.smashits.com/albums/music-director/p1/1601/vishal-shekhar.html,65,0,0,3,0,0,0,0,5,0,0,0,65,0,0,1,-1,0,0,0,good
fatheralexander.org/,20,0,0,1,0,0,0,0,1,0,0,0,20,0,0,1,-1,0,0,0,good
expertconsultancy.ae/wp-admin/pdx/,34,0,0,1,0,0,0,0,3,0,0,0,34,0,0,0,-1,0,0,0,bad
fullbooks.com/Queen-Victoria-her-girlhood-and-womanhood4.html,61,0,0,2,0,0,0,0,1,0,0,0,61,0,0,1,-1,0,0,0,good
marksmedals.com/us_medals_files/legion_of_merit.html,52,0,0,2,0,0,0,0,2,0,0,0,52,0,0,1,-1,0,0,0,good
tools.ietf.org/html/rfc22,25,0,0,2,0,0,0,0,2,0,0,0,25,0,0,1,-1,0,0,0,good
showboatalumni.com/,19,0,0,1,0,0,0,0,1,0,0,0,19,0,0,1,-1,0,0,0,good
91.239.25.189:6892,18,1,0,3,0,0,0,0,0,0,0,0,18,0,0,0,-1,0,0,0,bad
vihuelagriffiths.com/JohnGriffiths/Studies_MUS.html,51,0,0,2,0,0,0,0,2,0,0,0,51,0,0,1,-1,0,0,0,good
colombiacorre.com.co/modules/mod_languages/identity.php,55,0,0,3,0,0,0,0,3,0,0,0,55,0,0,1,-1,0,0,0,bad
mapquest.com/maps?city=Oakland&state=CA&zipcode=94619&cat=Holy%2Bnames%2Buniversity,83,0,0,1,0,0,0,0,1,0,0,0,17,65,10,1,-1,0,0,0,good
topix.com/city/fort-shawnee-oh,30,0,0,1,0,0,0,0,2,0,0,0,30,0,0,1,-1,0,0,0,good
bizanalyst.com.au/wp-includes/dropdamyy/damyyhome/,50,0,0,2,0,0,0,0,4,0,0,0,50,0,0,1,-1,0,0,0,bad
islander.it/images/cani/frida/gdf5gdf4gd5g4d6f4g6d4g64fg6d4g6dgd5g4d4g6dg46d4gd4g6d46d4gdf5gdfg4fg4df4g6d4g6df4g6df44f6g4df646df4/4a57ad3fa42c759cefad6d04327100b0/,163,0,0,1,0,0,0,0,6,0,0,0,163,0,0,0,-1,0,0,0,bad
dictionary.sensagent.com/1996+republican+national+convention/en-en/,67,0,0,2,0,0,0,0,3,0,0,0,67,0,0,1,-1,0,0,0,good
film.ri.gov/MoonriseKingdom.html,32,0,0,3,0,0,0,0,1,0,0,0,32,0,0,0,-1,0,0,0,good
mgoblog.com/content/stonum-redshirt-hagerup-suspended-four-games,64,0,0,1,0,0,0,0,2,0,0,0,64,0,0,1,-1,0,0,0,good
91.239.25.19:6892,17,1,0,3,0,0,0,0,0,0,0,0,17,0,0,0,-1,0,0,0,bad
azarchivesonline.org/xtf/view?docId=ead/uoa/UAMS421.xml;query=;brand=default,76,0,0,2,0,0,0,0,2,0,0,0,29,46,4,1,-1,0,0,0,good
tools.ietf.org/html/rfc2362,27,0,0,2,0,0,0,0,2,0,0,0,27,0,0,1,-1,0,0,0,good
travicoperu.com/021ygs7/,24,0,0,1,0,0,0,0,2,0,0,0,24,0,0,1,-1,0,0,0,bad
www.kissunion.hu/~greenled/das/,31,0,0,2,0,0,0,0,3,0,0,0,31,0,0,0,-1,0,0,0,bad
magpost.com/erika-1.html,24,0,0,2,0,0,0,0,1,0,0,0,24,0,0,1,-1,0,0,0,good
pandora.com/android,19,0,0,1,0,0,0,0,1,0,0,0,19,0,0,1,-1,0,0,0,good
herronciling.ru/zapoy/gate.php,30,0,0,2,0,0,0,0,2,0,0,0,30,0,0,0,-1,0,0,0,bad
noor.org.pk/zty/bigtyme/nD,26,0,0,2,0,0,0,0,3,0,0,0,26,0,0,1,-1,0,0,0,bad
www.hendersonsportsgroup.com/administrator/update/secure/672bfcaa73dbfe28bff5bc77604084fa/secure/,97,0,0,2,0,0,0,0,6,0,0,1,97,0,0,1,-1,0,0,0,bad
sourceforge.net/projects/jython/,32,0,0,1,0,0,0,0,3,0,0,0,32,0,0,1,-1,0,0,0,good
aaronmaxdesign.com/wordpress/wp-content/netvigator/update/index.php?userid=str84home@aol.com/?,94,0,1,3,0,0,0,0,5,0,0,1,67,26,4,1,-1,0,0,0,bad
christart.com/radio/pennsylvania/,33,0,0,1,0,0,0,0,3,0,0,0,33,0,0,1,-1,0,0,0,good
tv.yahoo.com/jason-wiles/contributor/1085997,44,0,0,2,0,0,0,0,3,0,0,0,44,0,0,1,-1,0,0,0,good
wvgenweb.org/logan/1833taxl.htm,31,0,0,2,0,0,0,0,2,0,0,0,31,0,0,1,-1,0,0,0,good
wn.com/Henry_IV_of_France,25,0,0,1,0,0,0,0,1,0,0,0,25,0,0,1,-1,0,0,0,good
lpmxp1015.com,13,0,0,1,0,0,0,0,0,0,0,0,13,0,0,1,-1,0,0,0,bad
publicbackgroundchecks.com/SearchResponse.aspx?view=NM&BasicString=Judi%20Sturgeon,82,0,0,2,0,0,0,0,1,0,0,0,46,35,5,1,-1,0,0,0,good
schoolebookstore.com/index.php?main_page=product_info&products_id=5359,70,0,0,2,0,0,0,0,1,0,0,0,30,39,4,1,-1,0,0,0,good
scores.espn.go.com/nfl/recap?gameId=300926015,45,0,0,3,0,0,0,0,2,0,0,0,28,16,2,1,-1,0,0,0,good
yasni.com/clayton+royce+hanna/check+people,42,0,0,1,0,0,0,0,2,0,0,0,42,0,0,1,-1,0,0,0,good
waatp.com/people/heather-m-stulken/37303944/,44,0,0,1,0,0,0,0,4,0,0,0,44,0,0,1,-1,0,0,0,good
mapsofindia.com/gwalior/municipal-corporation.html,50,0,0,2,0,0,0,0,2,0,0,0,50,0,0,1,-1,0,0,0,good
cosmicledger.com/software/astrolog/,35,0,0,1,0,0,0,0,3,0,0,0,35,0,0,1,-1,0,0,0,good
scottishyouthfa.co.uk/scottish_football.cfm?curpageid=720,57,0,0,3,0,0,0,0,1,0,0,0,43,13,2,0,-1,0,0,0,good
fergiejenkinsfoundation.org/13black_aces_files/dontrelle_willis.htm,67,0,0,2,0,0,0,0,2,0,0,0,67,0,0,1,-1,0,0,0,good
got-mick.com/xmlpcn/mailbox/post.php?rand=13inboxlightaspxn.1774256418,70,0,0,3,0,0,0,0,3,0,0,0,36,33,2,1,-1,0,0,0,bad
www.paypal.com.us.webscrlcmdl.login.submit.dispatch.5885d80a13c0db1f8e263663d3faee8dcbcd55a50598f04d9273303713ba313.5885d80a13c0db1f8e263663d3f.aee811d01j111yh0111isl153364wxekhteamindexfo100011s.digicozum.com/limit/Limit-id=Y6UeGUG34BH68Ekd4ij4B06o72c373g6esjh3NRn4CLM13053MU/df2883c5cb7eb72e8a099bebde83dcf8/,310,0,0,12,0,0,0,0,4,0,0,1,310,0,1,1,-1,0,0,0,bad
123pornvideos.org/aoi/,22,0,0,1,0,0,0,0,2,0,0,0,22,0,0,1,-1,0,0,0,good
www.webspawner.com/users/allartistries/,39,0,0,2,0,0,0,0,3,0,0,0,39,0,0,1,-1,0,0,0,good
disneychannel.onsugar.com/,26,0,0,2,0,0,0,0,1,0,0,0,26,0,0,1,-1,0,0,0,good
123people.ca/s/yvan+guay,24,0,0,1,0,0,0,0,2,0,0,0,24,0,0,0,-1,0,0,0,good
avaxhome.ws/music/pop/hopesandoval_bavarian.html,48,0,0,2,0,0,0,0,3,0,0,0,48,0,0,0,-1,0,0,0,good
noelleanneosullivan.wordpress.com/,34,0,0,2,0,0,0,0,1,0,0,0,34,0,0,1,-1,0,0,0,good
dictionary.sensagent.com/davis-besse+nuclear+power+station/en-en/,65,0,0,2,0,0,0,0,3,0,0,0,65,0,0,1,-1,0,0,0,good
illusioncentral.com/~linkbadg/upload/paypal.com/us/cgi-bin/webscr.php,69,0,0,3,0,0,0,0,6,0,0,0,69,0,0,1,-1,0,0,0,bad
secure.runescape.com.yywow.asia/m=weblogin/loginform.html?dest&,63,0,0,5,0,0,0,0,2,0,0,1,57,5,3,1,-1,0,0,0,bad
gamestats.com/objects/771/771089/,33,0,0,1,0,0,0,0,4,0,0,0,33,0,0,1,-1,0,0,0,good
pmlojistik.com/JHgy64HJBRd?qOkoBVbHpQ=cTAmtcDDx,47,0,0,1,0,0,0,0,1,0,0,0,26,20,2,1,-1,0,0,0,bad
www.informit.com/store/product.aspx?isbn=0201749629&amp;redir=1,63,0,0,3,0,0,0,0,2,0,0,0,35,27,4,1,-1,0,0,0,good
pc.gamespy.com/pc/chaos-legion/,31,0,0,2,0,0,0,0,3,0,0,0,31,0,0,1,-1,0,0,0,good
bistrotdesvignes.com/german/i.php,33,0,0,2,0,0,0,0,2,0,0,0,33,0,0,1,-1,0,0,0,bad
123people.ca/s/yves+ducharme,28,0,0,1,0,0,0,0,2,0,0,0,28,0,0,0,-1,0,0,0,good
tehachapicoffeemill.com/wp-content/plugins/home/,48,0,0,1,0,0,0,0,4,0,0,0,48,0,0,1,-1,0,0,0,bad
raynanleannewedding.net/hello1/akok/93f683d42275a3e0b5cb25dc809323c2/,69,0,0,1,0,0,0,0,4,0,0,0,69,0,0,1,-1,0,0,0,bad
senaranews.com/modules/mod_articles_news1/update.htm,52,0,0,2,0,0,0,0,3,0,0,1,52,0,0,1,-1,0,0,0,bad
americanpoems.com/poets/Maya_Angelou,36,0,0,1,0,0,0,0,2,0,0,0,36,0,0,1,-1,0,0,0,good
myspace.com/gabrielbatz,23,0,0,1,0,0,0,0,1,0,0,0,23,0,0,1,-1,0,0,0,good
tvguide.com/celebrities/dolores-michaels/147540,47,0,0,1,0,0,0,0,3,0,0,0,47,0,0,1,-1,0,0,0,good
sen.com.ar/,11,0,0,2,0,0,0,0,1,0,0,0,11,0,0,1,-1,0,0,0,good
j-entonline.com/american-entertainment/abc-daytimes-one-life-to-live-releases-the-sound-of-a-kiss-on-itunes-february-8/,119,0,0,1,0,0,0,0,3,0,0,0,119,0,0,1,-1,0,0,0,good
archive.org/stream/rosterofconnecti00conniala/rosterofconnecti00conniala_djvu.txt,81,0,0,2,0,0,0,0,3,0,0,0,81,0,0,1,-1,0,0,0,good
mylife.com/reyesom,18,0,0,1,0,0,0,0,1,0,0,0,18,0,0,1,-1,0,0,0,good
jv.gilead.org.il/around.html,28,0,0,4,0,0,0,0,1,0,0,0,28,0,0,1,-1,0,0,0,good
hci.iwr.uni-heidelberg.de/vigra/,32,0,0,3,0,0,0,0,2,0,0,0,32,0,0,0,-1,0,0,0,good
kpuxo.silyaqgppf.ga:4151/2004/11/02/soften/bone-fred-control-conceal-earnest-clear-mister-sprawl-fearful.html,109,0,0,3,0,0,0,0,5,0,0,0,89,0,0,0,-1,0,0,0,bad
sfgate.com/cgi-bin/article.cgi?f=/e/a/1999/12/03/WEEKEND9214.dtl,64,0,0,3,0,0,0,0,2,0,0,0,30,33,2,1,-1,0,0,0,good
king.wsu.edu/,13,0,0,2,0,0,0,0,1,0,0,0,13,0,0,0,-1,0,0,0,good
mcgrathproperties.com/mcclymonds.html,37,0,0,2,0,0,0,0,1,0,0,0,37,0,0,1,-1,0,0,0,good
mohammedaltememi97.ddns.net/,28,0,0,2,0,0,0,0,1,0,0,0,28,0,0,1,-1,0,0,0,bad
code.google.com/p/jslibs/,25,0,0,2,0,0,0,0,3,0,0,0,25,0,0,1,-1,0,0,0,good
bringhomethepoliticians.com/GEORGIA.html,40,0,0,2,0,0,0,0,1,0,0,0,40,0,0,1,-1,0,0,0,good
clickstatistic.com/,19,0,0,1,0,0,0,0,1,0,0,0,19,0,0,1,-1,0,0,0,bad
hardballtalk.nbcsports.com/2011/08/01/alex-rodriguez-to-begin-baseball-activities-thursday/,91,0,0,2,0,0,0,0,5,0,0,0,91,0,0,1,-1,0,0,0,good
ancestry.com/wiki/index.php?title=1940_U.S._Census,50,0,0,4,0,0,0,0,2,0,0,0,27,22,2,1,-1,0,0,0,good
fanpop.com/spots/tyler-blackburn/images,39,0,0,1,0,0,0,0,3,0,0,0,39,0,0,1,-1,0,0,0,good
brainyhistory.com/topics/o/olympic.html,39,0,0,2,0,0,0,0,3,0,0,0,39,0,0,1,-1,0,0,0,good
site.webtupi.com.br/js/jmj/,27,0,0,3,0,0,0,0,3,0,0,0,27,0,0,1,-1,0,0,0,bad
cfl.ca/page/2011-free-agent-tracker,35,0,0,1,0,0,0,0,2,0,0,0,35,0,0,0,-1,0,0,0,good
select.vacations/wp-includes/Text/Diff/Engine/,46,0,0,1,0,0,0,0,5,0,0,0,46,0,0,0,-1,0,0,0,bad
toonboomtutorials.com/,22,0,0,1,0,0,0,0,1,0,0,0,22,0,0,1,-1,0,0,0,good
checkoutmycards.com/Players/Hockey/G,36,0,0,1,0,0,0,0,3,0,0,0,36,0,0,1,-1,0,0,0,good
movieweb.com/movie/oranges-and-sunshine/exclusive-margaret-humphreys-and-jim-loach-interview,92,0,0,1,0,0,0,0,3,0,0,0,92,0,0,1,-1,0,0,0,good
nannetti.it/libraries/legacy/log/filewords/,43,0,0,1,0,0,0,0,5,0,0,0,43,0,0,0,-1,0,0,0,bad
cgileskui.szm.com/cgi.htm?yISAPI.dll?SignIn&ru=www.ebay.com/,60,0,0,6,0,0,0,0,1,0,0,0,25,34,4,1,-1,0,0,0,bad
athleticnetwork.net/printable.php?pageID=37,43,0,0,2,0,0,0,0,1,0,0,0,33,9,2,1,-1,0,0,0,good
firstchoiceok.com/law1/index,28,0,0,1,0,0,0,0,2,0,0,0,28,0,0,1,-1,0,0,0,bad
yellow-page-canada.com/list.html?page=1&ipp=All&where=&what=Church&search=1,75,0,0,2,0,0,0,0,1,0,0,0,32,42,10,1,-1,0,0,0,good
tools.ietf.org/html/rfc2063,27,0,0,2,0,0,0,0,2,0,0,0,27,0,0,1,-1,0,0,0,good
hollywoodland.org/?p=29,23,0,0,1,0,0,0,0,1,0,0,0,18,4,2,1,-1,0,0,0,good
tributes.com/show/Elizabeth-Ann-Murfee-86471254,47,0,0,1,0,0,0,0,2,0,0,0,47,0,0,1,-1,0,0,0,good
www.theregister.co.uk/2004/07/09/archive_yeahright_org/,55,0,0,3,0,0,0,0,5,0,0,0,55,0,0,0,-1,0,0,0,good
afasiaarq.blogspot.com/2011/06/dario-franchini.html,51,0,0,3,0,0,0,0,3,0,0,0,51,0,0,1,-1,0,0,0,good
192.com/atoz/people/turnbull/anthony/,37,0,0,1,0,0,0,0,5,0,0,0,37,0,0,1,-1,0,0,0,good
kirklandforjudge.com/,21,0,0,1,0,0,0,0,1,0,0,0,21,0,0,1,-1,0,0,0,good
publicbroadcasting.net/wkms/news.newsmain/article/0/5666/1796203/Regional.Headlines/Kentucky.National.Guard.Continues.Efforts.in.Flood-Affected.Counties,152,0,0,10,0,0,0,0,8,0,0,0,152,0,0,1,-1,0,0,0,good
en.wikipedia.org/wiki/Avantazh,30,0,0,2,0,0,0,0,2,0,0,0,30,0,0,1,-1,0,0,0,good
sneakerobsession.com/5063/magic-johnson-converse-weapon-retro/,62,0,0,1,0,0,0,0,3,0,0,0,62,0,0,1,-1,0,0,0,good
activehotels.com/1/1/index1638.html,35,0,0,2,0,0,0,0,3,0,0,0,35,0,0,1,-1,0,0,0,good
tassnews.net/,13,0,0,1,0,0,0,0,1,0,0,0,13,0,0,1,-1,0,0,0,bad
propertyworld.com/Benin,23,0,0,1,0,0,0,0,1,0,0,0,23,0,0,1,-1,0,0,0,good
ohplsuljopekq.biz/upload/_dispatch.php,38,0,0,2,0,0,0,0,2,0,0,0,38,0,0,0,-1,0,0,0,bad
rockpopgallery.com/items/gifts~50~100/santana-1998-hall-of-fame-induction-l-e-poster-print-by-lynne-porterfield-lepo-mwlpshof1-detail.htm,137,0,0,2,0,0,0,0,3,0,0,0,137,0,0,1,-1,0,0,0,good
wordiq.com/definition/Football_at_the_Summer_Olympics,53,0,0,1,0,0,0,0,2,0,0,0,53,0,0,1,-1,0,0,0,good
balidenpasartourism.com/js/labanquepostale.fr/fr/portail/,57,0,0,2,0,0,0,0,5,0,0,0,57,0,0,1,-1,0,0,0,bad
artestom.ru/images/stories/s/,29,0,0,1,0,0,0,0,4,0,0,0,29,0,0,0,-1,0,0,0,bad
campusbuddy.com/college/NM-Highlands,36,0,0,1,0,0,0,0,2,0,0,0,36,0,0,1,-1,0,0,0,good
edu.kde.org/kstars/index.php,28,0,0,3,0,0,0,0,2,0,0,0,28,0,0,1,-1,0,0,0,good
bitmeyenkartusistanbul.com/,27,0,0,1,0,0,0,0,1,0,0,0,27,0,0,1,-1,0,0,0,bad
www.durideco.co.kr/letsmall/skin/vb/nrc/module2/index.htm,57,0,0,4,0,0,0,0,6,0,0,0,57,0,0,0,-1,0,0,0,bad
facebook.com/Earthjustice?sk=app_190322544333196,48,0,0,1,0,0,0,0,1,0,0,0,25,22,2,1,-1,0,0,0,good
brejchovpalkansaajarahastoista.21eligne.com/bsmu85t1k6.php\nnewsok.com/,71,0,0,4,0,0,0,0,2,0,0,0,71,0,0,1,-1,0,0,0,bad
dongto.kr/bbs/globalsouces/index.html,37,0,0,2,0,0,0,0,3,0,0,0,37,0,0,0,-1,0,0,0,bad
en.wikipedia.org/wiki/Henry_Grey,32,0,0,2,0,0,0,0,2,0,0,0,32,0,0,1,-1,0,0,0,good
hurrychufa.com/29woa6s,22,0,0,1,0,0,0,0,1,0,0,0,22,0,0,1,-1,0,0,0,bad
91.200.14.93/apache_handler.php,31,1,0,4,0,0,0,0,1,0,0,0,31,0,0,0,-1,0,0,0,bad
mekliganjmunicipality.org/,26,0,0,1,0,0,0,0,1,0,0,0,26,0,0,1,-1,0,0,0,good
harborexpressservices.com/mysql/index/ohl.html,46,0,0,2,0,0,0,0,3,0,0,0,46,0,0,1,-1,0,0,0,bad
www.adobe.com/accessibility/products/reader/,44,0,0,2,0,0,0,0,4,0,0,0,44,0,0,1,-1,0,0,0,good
spotlightongames.com/variant/talisman.html,42,0,0,2,0,0,0,0,2,0,0,0,42,0,0,1,-1,0,0,0,good
rhodesairport.blogspot.com/2011/06/air-traffic-control-strike-announced_26.html,79,0,0,3,0,0,0,0,3,0,0,0,79,0,0,1,-1,0,0,0,good
bfbehtar.com/js/SincronizaAutoClienteSantander/index.php,56,0,0,2,0,0,0,0,3,0,0,0,56,0,0,1,-1,0,0,0,bad
blfddcakbfbkfmed.com /,22,0,0,1,0,0,0,0,1,0,0,0,22,0,0,1,-1,0,0,0,bad
dickenshandchimes.com/jhg45s,28,0,0,1,0,0,0,0,1,0,0,0,28,0,0,1,-1,0,0,0,bad
plus.google.com/u/0/103995916211974652391/posts/bSzt3epj5dU,59,0,0,2,0,0,0,0,5,0,0,0,59,0,0,1,-1,0,0,0,good
examiner.com/public-policy-in-montreal/plateau-mont-royal-sets-parking-policy-for-2011,86,0,0,1,0,0,0,0,2,0,0,0,86,0,0,1,-1,0,0,0,good
chchqq.com/938fhnr3/,20,0,0,1,0,0,0,0,2,0,0,0,20,0,0,1,-1,0,0,0,bad
www.accelebrate.com/csharp/,27,0,0,2,0,0,0,0,2,0,0,0,27,0,0,1,-1,0,0,0,good
cetis43.mx/Modpro/alibaba/index.php?email=abuse@ambianceproducts.com,68,0,1,3,0,0,0,0,3,0,0,0,35,32,3,0,-1,0,0,0,bad
walterhawkins.org/,18,0,0,1,0,0,0,0,1,0,0,0,18,0,0,1,-1,0,0,0,good
interceder.net/topic/Martine-Aubry,34,0,0,1,0,0,0,0,2,0,0,0,34,0,0,1,-1,0,0,0,good
facebook.com/pages/Queen-Elizabeth-Hotel/200693936618664,56,0,0,1,0,0,0,0,3,0,0,0,56,0,0,1,-1,0,0,0,good
cannavape.com/2TLmhu,20,0,0,1,0,0,0,0,1,0,0,0,20,0,0,1,-1,0,0,0,bad
nonfckfaeebkbkmn.org /,22,0,0,1,0,0,0,0,1,0,0,0,22,0,0,1,-1,0,0,0,bad
biomedcomjobs.ca/,17,0,0,1,0,0,0,0,1,0,0,0,17,0,0,0,-1,0,0,0,good
travel.yahoo.com/p-hotel-397187-hilton_garden_inn_san_francisco_oakland_bay_bridge-i,84,0,0,2,0,0,0,0,1,0,0,0,84,0,0,1,-1,0,0,0,good
stormpages.com/diantara/BOT.txt,31,0,0,2,0,0,0,0,2,0,0,0,31,0,0,1,-1,0,0,0,bad
library.thinkquest.org/12405/straits.htm,40,0,0,3,0,0,0,0,2,0,0,0,40,0,0,1,-1,0,0,0,good
fanpix.net/gallery/cady-mcclain-pictures.htm,44,0,0,2,0,0,0,0,2,0,0,0,44,0,0,1,-1,0,0,0,good
en.wikipedia.org/wiki/Suncor_Energy_Centre,42,0,0,2,0,0,0,0,2,0,0,0,42,0,0,1,-1,0,0,0,good
pbenskin.harbourcityfootball.club/search?en=8it49vm7Q2AinIqGY0Zz8vuF&amp;t=sM1uUyVzizsv_Z&amp;Ss2v9=9PoG8Woc6vdsCLTFWb0Ne0GEvyV&amp;h9bd=12fSwb4ZHK_evVwB&amp;pL=RU6DOtYe_oFjefBuy&amp;GL=Wq,188,0,0,2,0,0,0,0,1,0,0,0,40,147,12,0,-1,0,0,0,bad
celebrityethnicity.blogspot.com/2011/05/paul-walker-ethnicity.html,66,0,0,3,0,0,0,0,3,0,0,0,66,0,0,1,-1,0,0,0,good
longyimumen.com/rdtg55j0,24,0,0,1,0,0,0,0,1,0,0,0,24,0,0,1,-1,0,0,0,bad
lbwear.com/wp-admin/network/docs/5dd939d5c27db9f0e4de433d35279f0b/,66,0,0,1,0,0,0,0,5,0,0,0,66,0,0,1,-1,0,0,0,bad
simon-baker.org/,16,0,0,1,0,0,0,0,1,0,0,0,16,0,0,1,-1,0,0,0,good
www.zophar.net/6502.html,24,0,0,3,0,0,0,0,1,0,0,0,24,0,0,1,-1,0,0,0,good
fotopedia.com/albums/ESh4WOcjIFc,32,0,0,1,0,0,0,0,2,0,0,0,32,0,0,1,-1,0,0,0,good
missosology.info/forum/viewtopic.php?t=53130,44,0,0,2,0,0,0,0,2,0,0,0,36,7,2,1,-1,0,0,0,good
zoominfo.com/people/Talboy_Gary_1275110392.aspx,47,0,0,2,0,0,0,0,2,0,0,0,47,0,0,1,-1,0,0,0,good
maxlines.com/wp-admin/Re-validate/index.htm,43,0,0,2,0,0,0,0,3,0,0,0,43,0,0,1,-1,0,0,0,bad
commons.wikimedia.org/wiki/Drag_queen,37,0,0,2,0,0,0,0,2,0,0,0,37,0,0,1,-1,0,0,0,good
142.0.78.36/adeola/server/cp.php?m=login,40,1,0,4,0,0,0,0,3,0,0,1,32,7,2,0,-1,0,0,0,bad
telenetltd.net/9fbtyr,21,0,0,1,0,0,0,0,1,0,0,0,21,0,0,1,-1,0,0,0,bad
zimbio.com/pictures/h3zIXZ8yXfd/Christian+Bale+Films+Dark+Knight+Rises/N-338KiapQT/Christian+Bale,97,0,0,1,0,0,0,0,5,0,0,0,97,0,0,1,-1,0,0,0,good
eventticketscenter.com/Event.aspx?EventID=42983,47,0,0,2,0,0,0,0,1,0,0,0,33,13,2,1,-1,0,0,0,good
elma.7080.ru/qe3sp3,19,0,0,2,0,0,0,0,1,0,0,0,19,0,0,0,-1,0,0,0,bad
linkedin.com/pub/drew-barry/3/378/5b0,37,0,0,1,0,0,0,0,5,0,0,0,37,0,0,1,-1,0,0,0,good
www.filehouse.com/rankhigher/,29,0,0,2,0,0,0,0,2,0,0,0,29,0,0,1,-1,0,0,0,good
examiner.com/syracuse-orange-in-national,40,0,0,1,0,0,0,0,1,0,0,0,40,0,0,1,-1,0,0,0,good
www904.paypal.co.uk.85527.ssl-340.mx/js/webapps/uk/mpp/?cmnd=_lg&action=_edit,77,0,0,6,0,0,0,0,5,0,0,0,55,21,4,0,-1,0,0,0,bad
ow.ly/i/kCNl,12,0,0,1,0,0,0,0,2,0,0,0,12,0,0,0,-1,0,0,0,good
members.tripod.com/studentservices/index.htm,44,0,0,3,0,0,0,0,2,0,0,0,44,0,0,1,-1,0,0,0,good
blogs.mcgill.ca/library/,24,0,0,2,0,0,0,0,2,0,0,0,24,0,0,0,-1,0,0,0,good
egsyonetim.com/libraries/legacy/model/sparkse/meinesp-/ffafe2cd6bd7effb517ab335e05038e2/,88,0,0,1,0,0,0,0,7,0,0,0,88,0,0,1,-1,0,0,0,bad
myflatnet.com/new_red/winword.exe,33,0,0,2,0,0,0,0,2,0,0,0,33,0,0,1,-1,0,0,0,bad
classmates.com/directory/public/memberprofile/list.htm?regId=313732271,70,0,0,2,0,0,0,0,4,0,0,0,54,15,2,1,-1,0,0,0,good
georgetown.edu/faculty/schallj/,31,0,0,1,0,0,0,0,3,0,0,0,31,0,0,0,-1,0,0,0,good
sonajp.com/8g74crec/,20,0,0,1,0,0,0,0,2,0,0,0,20,0,0,1,-1,0,0,0,bad
www.forum-adb.org/files/get_msg.html,36,0,0,3,0,0,0,0,2,0,0,0,36,0,0,1,-1,0,0,0,bad
runeenhotel.nl/images/stories/lenscanyons/autentica/cadastrado.php,66,0,0,2,0,0,0,0,5,0,0,0,66,0,0,0,-1,0,0,0,bad
linkedin.com/pub/dir/josh/charles,33,0,0,1,0,0,0,0,4,0,0,0,33,0,0,1,-1,0,0,0,good
www.babinet.cz/avatars/19889/hires/dir/093aa9a843c04a8fa5f098725921b3c8/,72,0,0,2,0,0,0,0,6,0,0,0,72,0,0,0,-1,0,0,0,bad
museevirtuel-virtualmuseum.ca/GetMuseumProfile.do?lang=en&chinCode=guaejd,73,0,0,2,0,0,0,0,1,0,0,0,49,23,4,0,-1,0,0,0,good
myclubetiquette.com/,20,0,0,1,0,0,0,0,1,0,0,0,20,0,0,1,-1,0,0,0,bad
www.cipsoft-lottery.za.pl/,26,0,0,3,0,0,0,0,1,0,0,0,26,0,0,0,-1,0,0,0,bad
elegantdollz.com/property/Remax2/Remax/,39,0,0,1,0,0,0,0,4,0,0,0,39,0,0,1,-1,0,0,0,bad
members.dodo.com.au/~powers/,28,0,0,3,0,0,0,0,2,0,0,0,28,0,0,1,-1,0,0,0,good
lifeisabuse.com/brainoil/,25,0,0,1,0,0,0,0,2,0,0,0,25,0,0,1,-1,0,0,0,good
boloji.com/index.cfm?md=Content&sd=Articles&ArticleID=766,57,0,0,2,0,0,0,0,1,0,0,0,20,36,6,1,-1,0,0,0,good
berecruited.com/high-schools/missouri/kansas-city/winnetonka-high-school,72,0,0,1,0,0,0,0,4,0,0,0,72,0,0,1,-1,0,0,0,good
elektryk-szudrowicz.pl/templates/technik/buzon-sat.php,54,0,0,2,0,0,0,0,3,0,0,0,54,0,0,0,-1,0,0,0,bad
msnbc.msn.com/id/18143312/ns/us_news-crime_and_courts/t/profiles-victims-virginia-tech-massacre/,96,0,0,2,0,0,0,0,7,0,0,0,96,0,0,1,-1,0,0,0,good
mylife.com/101791075,20,0,0,1,0,0,0,0,1,0,0,0,20,0,0,1,-1,0,0,0,good
people.famouswhy.com/tom_meighan/,33,0,0,2,0,0,0,0,2,0,0,0,33,0,0,1,-1,0,0,0,good
nme.com/reviews/handsome-furs/12154,35,0,0,1,0,0,0,0,3,0,0,0,35,0,0,1,-1,0,0,0,good
arsenalyouth.wordpress.com/2011/11/11/arsenal-to-play-derby-in-fa-youth-cup-competition-preview/,96,0,0,2,0,0,0,0,5,0,0,0,96,0,0,1,-1,0,0,0,good
living4u.80port.net/zb/doc/file.index.htm/Remax-SecureLogin_files/yahoo.php,75,0,0,5,0,0,0,0,5,0,0,1,75,0,0,1,-1,0,0,0,bad
veromi.com/BusinessDetailPg000007225.aspx,41,0,0,2,0,0,0,0,1,0,0,0,41,0,0,1,-1,0,0,0,good
netherlands-icscards2016.it/ics/login/c4e7a347d50743999681f3dceb5b96ce/login.php,80,0,0,2,0,0,0,0,4,0,0,1,80,0,0,0,-1,0,0,0,bad
bodeebaknflflban.com /,22,0,0,1,0,0,0,0,1,0,0,0,22,0,0,1,-1,0,0,0,bad
donnysamson.topproducerblogs.com/?p=397,39,0,0,2,0,0,0,0,1,0,0,0,33,5,2,1,-1,0,0,0,good
uk.ask.com/wiki/West_Dublin/Pleasanton_(BART_station),53,0,0,2,0,0,0,0,3,0,0,0,53,0,0,1,-1,0,0,0,good
annuaire-celebrite.com/celebrite/14616/phillips/autumn_phillips.php,67,0,0,2,0,0,0,0,4,0,0,0,67,0,0,1,-1,0,0,0,good
us.battle.net.en.qq-rs.com/login/en/login.html?app=wam&amp;ref=worldofwarcraft.com/account/&amp;eor=0&amp;app=bam,113,0,0,7,0,0,0,0,3,0,0,1,46,66,8,1,-1,0,0,0,bad
joshdult.net/9p4eh,18,0,0,1,0,0,0,0,1,0,0,0,18,0,0,1,-1,0,0,0,bad
download.famouswhy.com/band_in_a_box/,37,0,0,2,0,0,0,0,2,0,0,0,37,0,0,1,-1,0,0,0,good
amazon.com/Swimming-Unrated-Version-Charlotte-Rampling/dp/B00005JMIJ,68,0,0,1,0,0,0,0,3,0,0,0,68,0,0,1,-1,0,0,0,good
mediafire.com/?reyzifkedmn,26,0,0,1,0,0,0,0,1,0,0,0,14,11,1,1,-1,0,0,0,good
ecorazzi.com/2009/09/16/nhl-star-georges-laraque-goes-from-vegetarian-to-full-fledged-vegan/,92,0,0,1,0,0,0,0,5,0,0,0,92,0,0,1,-1,0,0,0,good
amazon.com/s?ie=UTF8&keywords=taichi%20dvd&rh=i%3Aaps%2Ck%3Ataichi%20dvd&page=1,79,0,0,1,0,0,0,0,1,0,0,0,12,66,13,1,-1,0,0,0,good
absoluteastronomy.com/topics/Montreal_Impact,44,0,0,1,0,0,0,0,2,0,0,0,44,0,0,1,-1,0,0,0,good
montrealmirror.com/2005/102005/watn18.html,42,0,0,2,0,0,0,0,3,0,0,0,42,0,0,1,-1,0,0,0,good
ballislifeent.com/sur6/st.php?polez2=3426&lloydson=12915,56,0,0,2,0,0,0,0,2,0,0,0,29,26,4,1,-1,0,0,0,bad
villakidsbuffetinfantil.com/Limit-id=65722/14f493cac6e837a8e46ed83578bb720f/,76,0,0,1,0,0,0,0,3,0,0,0,76,0,1,1,-1,0,0,0,bad
theprettyface.com.sg/redirect/,30,0,0,2,0,0,0,0,2,0,0,0,30,0,0,1,-1,0,0,0,bad
download-dra.ru/installs/1429/7df230bb.exe,42,0,0,2,0,0,0,0,3,0,0,0,42,0,0,0,-1,0,0,0,bad
umefashion.in/umefashion/login/verify.php,41,0,0,2,0,0,0,0,3,0,0,1,41,0,0,0,-1,0,0,0,bad
test.3ks.nl/76733c,18,0,0,2,0,0,0,0,1,0,0,0,18,0,0,0,-1,0,0,0,bad
mymoviescripts.com/?id=Lust+Caution,35,0,0,1,0,0,0,0,1,0,0,0,19,15,2,1,-1,0,0,0,good
slivki.tritiumnet.org/ionki,27,0,0,2,0,0,0,0,1,0,0,0,27,0,0,1,-1,0,0,0,bad
huffingtonpost.com/2010/07/30/will-cotton-katy-perry-ph_n_664821.html,69,0,0,2,0,0,0,0,4,0,0,0,69,0,0,1,-1,0,0,0,good
ca.linkedin.com/in/mchadrichardson,34,0,0,2,0,0,0,0,2,0,0,0,34,0,0,1,-1,0,0,0,good
linkedin.com/pub/dir/+/Richardson/us-628-Greater-Pittsburgh-Area,64,0,0,1,0,0,0,0,5,0,0,0,64,0,0,1,-1,0,0,0,good
www.notasdeviagem.net/myaccount/vodafone_security_update.html,61,0,0,3,0,0,0,0,2,0,0,1,61,0,0,1,-1,0,0,0,bad
realchicksonly.com/s/picture/KHKL1KPHN9W1/KHKL1KPHN9W1.html,59,0,0,2,0,0,0,0,4,0,0,0,59,0,0,1,-1,0,0,0,good
affiliatealmanac.com/systembanking/09b284f91bbb31fcf06421c5edb6c31c/,68,0,0,1,0,0,0,0,3,0,0,1,68,0,0,1,-1,0,0,0,bad
tlumaczenia-byler.eu/poczta/es/,31,0,0,1,0,0,0,0,3,0,0,0,31,0,0,0,-1,0,0,0,bad
wright.edu/lecture/zuberi.html,30,0,0,2,0,0,0,0,2,0,0,0,30,0,0,0,-1,0,0,0,good
vyoms.com/consultants/details/ma-foi-management-consultants-1720.asp,68,0,0,2,0,0,0,0,3,0,0,0,68,0,0,1,-1,0,0,0,good
hyhpzx.cn/js/?us.battle.net/=,29,0,0,3,0,0,0,0,2,0,0,0,13,15,2,0,-1,0,0,0,bad
mmamania.com/2011/3/15/2052063/antonio-bigfoot-silva-wants-to-put-brock-lesnar-in-his-place,91,0,0,1,0,0,0,0,5,0,0,0,91,0,0,1,-1,0,0,0,good
homepages.rootsweb.ancestry.com/~jeanette/p00000li.htm,54,0,0,4,0,0,0,0,2,0,0,0,54,0,0,1,-1,0,0,0,good
southcarolina.com/,18,0,0,1,0,0,0,0,1,0,0,0,18,0,0,1,-1,0,0,0,good
popmatters.com/pm/review/148536-jane-fonda/,43,0,0,1,0,0,0,0,4,0,0,0,43,0,0,1,-1,0,0,0,good
timesofindia.indiatimes.com/topic/David-Plouffe,47,0,0,2,0,0,0,0,2,0,0,0,47,0,0,1,-1,0,0,0,good
oaklandnorth.net/2011/07/05/police-continue-search-for-cyclist-in-oaklandberkeley-hills/,88,0,0,1,0,0,0,0,5,0,0,0,88,0,0,1,-1,0,0,0,good
iruglwxkasnrcq.pl/data/info.php,31,0,0,2,0,0,0,0,2,0,0,0,31,0,0,0,-1,0,0,0,bad
blu-ray.com/movies/Rudo-y-Cursi-Blu-ray/6181/,45,0,0,1,0,0,0,0,4,0,0,0,45,0,0,1,-1,0,0,0,good
service.confirm.paypal.cmd.cgi-bin.2466sd4f3e654sqd4e6d23sd8ed52s3d24e8d4sd8e74ds4d3d.dsqd56d5e8d25s.fdsf456e6d5sde8d56s4d.d545d4e84d5d.d89d989s8d9ed.548d57s5656.friponne.fr/51d2615c402c7d17e5fd99a20ec2e93c/,207,0,0,12,0,0,0,0,2,0,0,0,207,0,0,0,-1,0,0,0,bad
facebook.com/pages/Stefanie-Schaeffer/110674808982726,53,0,0,1,0,0,0,0,3,0,0,0,53,0,0,1,-1,0,0,0,good
alea.cba.pl,11,0,0,2,0,0,0,0,0,0,0,0,11,0,0,0,-1,0,0,0,bad
wrmedia.eps-int.com:8080/preaviso/ViewInvoice/?invoiceid=3951012,64,0,0,2,0,0,0,0,3,0,0,0,26,17,2,0,-1,0,0,0,bad
'9d345009-a-62cb3a1a-s-sites.googlegroups.com/site/stickamcomlogindo/login.html?amp\%3Battredirects=1&amp;attachauth=ANoY7cqS-pprzZYe3-rMM2r2a9PC0pKQ_IyvI1ycHzAt92VdYOe2GouhFgQ6rtYmEii7imF8wbMxnpCyA6hElBDp2YZBMt9zjlwFmuBzrBXScy3mv47Cl1w17gqHJk2i7QUMmHjiko7rsvpQjz14mWte_bP0NuZ38_9UcBJFo2QbONGvCxG4HWoy9lxD_s_M69smGow2bjVD3wOlSLL9K9mOU0ZSe8-zpQ\%3D\%3D&amp;attredirects=0',371,0,0,3,0,0,0,0,3,0,0,1,79,291,9,1,-1,0,0,0,bad
gendisasters.com/illinois/9965/lansing-il-tony-lema-dies-in-plane-crash-july-1966,81,0,0,1,0,0,0,0,3,0,0,0,81,0,0,1,-1,0,0,0,good
comdtoscc.attachment.biz/?att=1451926252,40,0,0,2,0,0,0,0,1,0,0,0,25,14,2,0,-1,0,0,0,bad
bilerico.com/2009/10/advice_for_a_gay_roman_catholic_convert.php,64,0,0,2,0,0,0,0,3,0,0,0,64,0,0,1,-1,0,0,0,good
one.hgufkjyvu.biz/4mex3cncek\n,30,0,0,2,0,0,0,0,1,0,0,0,30,0,0,0,-1,0,0,0,bad
facebook.com/people/Thomas-David-McKelvey/1312536796,52,0,0,1,0,0,0,0,3,0,0,0,52,0,0,1,-1,0,0,0,good
co8bo23vsd.mymazisocimowsed.com/nb9zatf4tk\nwww.hotpopups.com/filter.php?mid=15357f73305c2b&tu=34738,100,0,0,5,0,0,0,0,2,0,0,0,72,27,4,1,-1,0,0,0,bad
tafelborsel.bobogamesandsports.com/boards/viewforum.php?f=412&amp;sid=2yobdgqy18.0738w1&amp;,92,0,0,4,0,0,0,0,2,0,0,0,55,36,5,1,-1,0,0,0,bad
family.org.au/index.php?option=com_content&view=article&id=225&Itemid=95&polid=34&senators_check=on&party=LIB,109,0,0,3,0,0,0,0,1,0,0,0,23,85,14,1,-1,0,0,0,good
southcarolina.rivals.com/cviewplayer.asp?Player=435870,54,0,0,3,0,0,0,0,1,0,0,0,40,13,2,1,-1,0,0,0,good
clearforkroyalty.com/,21,0,0,1,0,0,0,0,1,0,0,0,21,0,0,1,-1,0,0,0,good
en.wikipedia.org/wiki/Tour_Scotia,33,0,0,2,0,0,0,0,2,0,0,0,33,0,0,1,-1,0,0,0,good
www.icsd.aegean.gr/lecturers/pavlos/,36,0,0,3,0,0,0,0,3,0,0,0,36,0,0,0,-1,0,0,0,good
itunes.apple.com/us/album/john-salmon-plays-brubeck/id144626048,63,0,0,2,0,0,0,0,4,0,0,0,63,0,0,1,-1,0,0,0,good
english.turkcebilgi.com/Parc+Jarry,34,0,0,2,0,0,0,0,1,0,0,0,34,0,0,1,-1,0,0,0,good
buffalogoesout.com,18,0,0,1,0,0,0,0,0,0,0,0,18,0,0,1,-1,0,0,0,bad
collegehockeystats.net/0708/boxes/wmrcwsu1.f22,46,0,0,2,0,0,0,0,3,0,0,0,46,0,0,1,-1,0,0,0,good
edis.ifas.ufl.edu/TOPIC_Aquaculture,35,0,0,3,0,0,0,0,1,0,0,0,35,0,0,0,-1,0,0,0,good
tnr.com/book/review/constitutional-redemption-jack-balkin,57,0,0,1,0,0,0,0,3,0,0,0,57,0,0,1,-1,0,0,0,good
britannica.com/EBchecked/topic/81928/Bruce-family,49,0,0,1,0,0,0,0,4,0,0,0,49,0,0,1,-1,0,0,0,good
usidentify.com/l/masten,23,0,0,1,0,0,0,0,2,0,0,0,23,0,0,1,-1,0,0,0,good
eso.mmosite.com/content/fashionshow_arcticfox_boy.shtml,55,0,0,3,0,0,0,0,2,0,0,0,55,0,0,1,-1,0,0,0,good
bam.gov/,8,0,0,1,0,0,0,0,1,0,0,0,8,0,0,0,-1,0,0,0,good
members.tripod.com/Divinityknight/,34,0,0,2,0,0,0,0,2,0,0,0,34,0,0,1,-1,0,0,0,good
ib.adnxs.com/tt?id=2446839&cb=1399477801&referrer=${REFERRER_URL}&pubclick=http://ams1.ib.adnxs.com/click?exSuR-F6lD9IUPwYc9eSP7gehetRuM4_SFD8GHPXkj97FK5H4XqUPye4tkqKjv8ZZ8XK_jqQWRcpVmpTAAAAACqWJQDIAQAAgAcAAAIAAAADScAAm5gFAAAAAQBVU0QAVVNEANgCWgCjiAAAy8IDAQUAAQIAAIwAoCe4pgAAAAA./cnd=%21MgUEMQi2g6kBEIOSgQYYm7EWIAA./referrer=http%3A%2F%2Fams1.ib.adnxs.com%2Fif%3Fenc%3DAAAAAAAAAAAAAAAAAAAAAB1aZDvfzxNAAAAAAAAAAAAAAAAAAAAAAClY936zn2lEZ8XK_jqQWRcoVmpTAAAAAK1-HwCWAQAAlgEAAAIAAABZYqkAhk8CAAAAAQAAAAAAVVNEANgCWgCcwgAAAAAAAgIAAQIAAIoAOxWFlgAAAAA./clickenc=,550,0,0,11,0,0,0,0,1,1,0,0,15,534,19,1,-1,0,0,0,bad
wilirots.biz/amcntrlde/webscr_prim.php?d2lsaXJvdHMuYml6uhsdsusu5485757kUJHNN546221oPLKj988777AOP784MTM0NDk2MDE4Mg==,115,0,0,2,0,0,0,0,2,0,0,0,38,76,3,0,-1,0,0,0,bad
payscale.com/research/US/Location=Lima-OH/Hourly_Rate,53,0,0,1,0,0,0,0,4,0,0,0,53,0,1,1,-1,0,0,0,good
frank-wake.blogspot.com/2007/10/thats-moray.html,48,0,0,3,0,0,0,0,3,0,0,0,48,0,0,1,-1,0,0,0,good
www.stbcomputer.com/autodesk/components/www.paypal.com/dk/cgi-bin/webscr/cmd-login/108a6046d0f7f98c0c92a768ab85bf68,115,0,0,4,0,0,0,0,8,0,0,1,115,0,0,1,-1,0,0,0,bad
arenarooms.co.uk/,17,0,0,2,0,0,0,0,1,0,0,0,17,0,0,0,-1,0,0,0,good
uk.linkedin.com/pub/scott-gemmell/5/b66/66a,43,0,0,2,0,0,0,0,5,0,0,0,43,0,0,1,-1,0,0,0,good
imdb.com/company/co0059758/,27,0,0,1,0,0,0,0,3,0,0,0,27,0,0,1,-1,0,0,0,good
www.icom.co.jp/world/products/amateur/index.html,48,0,0,4,0,0,0,0,4,0,0,0,48,0,0,0,-1,0,0,0,good
filestube.com/34c3ac4a1b23eba503e9/go.html,42,0,0,2,0,0,0,0,2,0,0,0,42,0,0,1,-1,0,0,0,good
dedivan.ru/cart.php?shopping_cart=yes&add2cart=187,50,0,0,2,0,0,0,0,1,0,0,0,19,30,4,0,-1,0,0,0,bad
womannshadows.hubpages.com/hub/The-Film-The-Proposal---or-Rockport--MA-posing-as-Sitka--Alaska,94,0,0,2,0,0,0,0,2,0,0,0,94,0,0,1,-1,0,0,0,good
footballfashion.org/wordpress/2011/07/30/2014-fifa-world-cup-preliminary-draw-2/,80,0,0,1,0,0,0,0,6,0,0,0,80,0,0,1,-1,0,0,0,good
nme.com/artists/lesbians-on-ecstasy,35,0,0,1,0,0,0,0,2,0,0,0,35,0,0,1,-1,0,0,0,good
www.websiterepairguy.com/articles/os/crlf.html,46,0,0,3,0,0,0,0,3,0,0,0,46,0,0,1,-1,0,0,0,good
canoe.ca/2000GamesBiosA2M/lupien.html,37,0,0,2,0,0,0,0,2,0,0,0,37,0,0,0,-1,0,0,0,good
sarkanykard.hu/libraries/tcpdf/tcpdf.html,41,0,0,2,0,0,0,0,3,0,0,0,41,0,0,0,-1,0,0,0,bad
www.paypal.ca.1828.secure8b.mx/images/cgi.bin/ca/web.scr/?cmnd=_lg&nav=10dd7d33b60e3f679e6d2d392b67e312,103,0,0,7,0,0,0,0,5,0,0,1,57,45,4,0,-1,0,0,0,bad
freebase.com/view/en/smokey_joe_wood,36,0,0,1,0,0,0,0,3,0,0,0,36,0,0,1,-1,0,0,0,good
9d345009-a-62cb3a1a-s-sites.googlegroups.com/site/stickamcomlogindo/login.html?attachauth=ANoY7coV1dzqiqevwKCGtna1d674eSUlGrcIY0n-GBj78b9PFHM2xfxfogXOw9OaOttI4g9aWrBxmHlxoW-i3FPIrxlODVUV93Qk2D_ctC9WlEBwR9SKpih7xdRMStWqQZZ6QZmJwUcAb0D95jMCH6gb6Hcyr9CfFHPp4Io55hVffDWpL_g_IBCHgEojdgXdITyEw73h1xcOIiouMyj4SiPEKTm_pgwUeg==&amp;attredirects=0,337,0,0,3,0,0,0,0,3,0,0,1,78,258,6,1,-1,0,0,0,bad
answers.yahoo.com/question/index?qid=20070307121234AA0wfgf,58,0,0,2,0,0,0,0,2,0,0,0,32,25,2,1,-1,0,0,0,good
news.com.au/entertainment/celebrity/duchess-of-cambridge-kate-middleton-is-pregnant-us-mag-says/story-fn907478-1226198925803,124,0,0,2,0,0,0,0,4,0,0,0,124,0,0,1,-1,0,0,0,good
control3.com.br/57nhtzkv,24,0,0,2,0,0,0,0,1,0,0,0,24,0,0,1,-1,0,0,0,bad
homeruncards.com/s/stewart-dave-baseball-cards.shtml,52,0,0,2,0,0,0,0,2,0,0,0,52,0,0,1,-1,0,0,0,good
vivayourself.wordpress.com/2011/11/01/arashi-meikyuu-love-song-pv/,66,0,0,2,0,0,0,0,5,0,0,0,66,0,0,1,-1,0,0,0,good
www.contentpurity.com/scanintro.htm,35,0,0,3,0,0,0,0,1,0,0,0,35,0,0,1,-1,0,0,0,good
cfake.com/picture/Jennifer-Finnigan/1,37,0,0,1,0,0,0,0,3,0,0,0,37,0,0,1,-1,0,0,0,good
montrealstateofmind.com/2009/04/seize-art-mur/,46,0,0,1,0,0,0,0,4,0,0,0,46,0,0,1,-1,0,0,0,good
linkedin.com/company/toon-boom-animation-inc,44,0,0,1,0,0,0,0,2,0,0,0,44,0,0,1,-1,0,0,0,good
bedbathandbeyond.com/default.asp?order_num=-1&,46,0,0,2,0,0,0,0,1,0,0,0,32,13,3,1,-1,0,0,0,good
cylex.ca/railway.html,21,0,0,2,0,0,0,0,1,0,0,0,21,0,0,0,-1,0,0,0,good
fors-mazhory.ru/wp-includes/pomo/hali/hali/login.jsp.htm,56,0,0,3,0,0,0,0,5,0,0,1,56,0,0,0,-1,0,0,0,bad
britishmuseum.org/,18,0,0,1,0,0,0,0,1,0,0,0,18,0,0,1,-1,0,0,0,good
law.justia.com/cases/federal/appellate-courts/F3/300/1361/545909/,65,0,0,2,0,0,0,0,8,0,0,0,65,0,0,1,-1,0,0,0,good
zimbio.com/pictures/GgmYOKi9Gm9/Kinatay+Premiere+2009+Cannes+Film+Festival/4Us9f4bIyFP/Coco+Martin,98,0,0,1,0,0,0,0,5,0,0,0,98,0,0,1,-1,0,0,0,good
facebook.com/pages/Big-John-Patton/319793183659,47,0,0,1,0,0,0,0,3,0,0,0,47,0,0,1,-1,0,0,0,good
myspace.com/filtythievingbastards/blog,38,0,0,1,0,0,0,0,2,0,0,0,38,0,0,1,-1,0,0,0,good
my.spill.com/profiles/blogs/watch-lego-halo-short-film-battle-of-the-brick-built-for-combat,91,0,0,2,0,0,0,0,3,0,0,0,91,0,0,1,-1,0,0,0,good
citizendia.org/List_of_Registered_Historic_Places_in_Indiana,60,0,0,1,0,0,0,0,1,0,0,0,60,0,0,1,-1,0,0,0,good
machinemart.co.uk/shop/categories/search/clothing-outdoor-leisure,65,0,0,2,0,0,0,0,4,0,0,0,65,0,0,0,-1,0,0,0,good
facebook.com/pages/TOM-CULLYJOSHUA-MADINEMICHEAL-HORNCASTLEMATTHEW-MADINE-LIAM-CONNERY-BEN-PHILLIPJONATHAN-BARRINGTONSAM/126898307346662,136,0,0,1,0,0,0,0,3,0,0,0,136,0,0,1,-1,0,0,0,good
allstarpublicidad.com/firma/doc/really2.php,43,0,0,2,0,0,0,0,3,0,0,0,43,0,0,1,-1,0,0,0,bad
genforum.familytreemaker.com/drinkwater/,40,0,0,2,0,0,0,0,2,0,0,0,40,0,0,1,-1,0,0,0,good
amazon.co.uk/Butterfly-Wheel-Shattered-Pierce-Brosnan/dp/B001716BSG,67,0,0,2,0,0,0,0,3,0,0,0,67,0,0,0,-1,0,0,0,good
mcgillbasketball.com/schedule.aspx,34,0,0,2,0,0,0,0,1,0,0,0,34,0,0,1,-1,0,0,0,good
towncenterproperties.com/ibper/index.html,41,0,0,2,0,0,0,0,2,0,0,0,41,0,0,1,-1,0,0,0,bad
museumca.org/creeks/MapHay.html,31,0,0,2,0,0,0,0,2,0,0,0,31,0,0,1,-1,0,0,0,good
zoominfo.com/people/Curzi_Joseph_1245038677.aspx,48,0,0,2,0,0,0,0,2,0,0,0,48,0,0,1,-1,0,0,0,good
xjbctcky.com/images/?app=com-d3&amp;;us.battle.net/login,56,0,0,3,0,0,0,0,2,0,0,1,20,35,3,1,-1,0,0,0,bad
sslallegro.url.pl,17,0,0,2,0,0,0,0,0,0,0,0,17,0,0,0,-1,0,0,0,bad
amazon.com/Dead-Sunset-Ann-Rule/dp/0671001132,45,0,0,1,0,0,0,0,3,0,0,0,45,0,0,1,-1,0,0,0,good
muralsyourway.com/kids-rooms-murals/cowboy-western/,51,0,0,1,0,0,0,0,3,0,0,0,51,0,0,1,-1,0,0,0,good
govit.com/representative/david_dreier/,38,0,0,1,0,0,0,0,3,0,0,0,38,0,0,1,-1,0,0,0,good
cfoxcommunications.com/,23,0,0,1,0,0,0,0,1,0,0,0,23,0,0,1,-1,0,0,0,good
newswise.com/articles/major-discovery-by-uva-researchers-helps-explain-how-the-adult-brain-cleans-out-dead-brain-cells-and-produces-new-ones,140,0,0,1,0,0,0,0,2,0,0,0,140,0,0,1,-1,0,0,0,good
collegehockeystats.net/0607/rosters/plym,40,0,0,1,0,0,0,0,3,0,0,0,40,0,0,1,-1,0,0,0,good
capgeek.com/charts.php?Team=19,30,0,0,2,0,0,0,0,1,0,0,0,22,7,2,1,-1,0,0,0,good
kcmsd.net/Pages/winterschoolcancellations.aspx,46,0,0,2,0,0,0,0,2,0,0,0,46,0,0,1,-1,0,0,0,good
liveleak.com/view?i=797_1246496730,34,0,0,1,0,0,0,0,1,0,0,0,17,16,2,1,-1,0,0,0,good
www.cg.tuwien.ac.at/research/vr/,32,0,0,4,0,0,0,0,3,0,0,0,32,0,0,0,-1,0,0,0,good
juggle.com/baseball/baseball-players/-names-starting-with-i,59,0,0,1,0,0,0,0,3,0,0,0,59,0,0,1,-1,0,0,0,good
lng31-1-88-181-153-66.fbx.proxad.net/webcalendar/docs/taxe/index.htm,68,0,0,4,0,0,0,0,4,0,0,0,68,0,0,1,-1,0,0,0,bad
ehow.com/list_5977123_major-dog-magazines-united-states.html,60,0,0,2,0,0,0,0,1,0,0,0,60,0,0,1,-1,0,0,0,good
91.234.32.190/php/upload.php,28,1,0,4,0,0,0,0,2,0,0,0,28,0,0,0,-1,0,0,0,bad
dirk.eddelbuettel.com/code/octave-pg.html,41,0,0,3,0,0,0,0,2,0,0,0,41,0,0,1,-1,0,0,0,good
mylife.com/dorothyjeanwoods,27,0,0,1,0,0,0,0,1,0,0,0,27,0,0,1,-1,0,0,0,good
article.wn.com/view/2011/10/27/New_this_week/,45,0,0,2,0,0,0,0,6,0,0,0,45,0,0,1,-1,0,0,0,good
forums.watchuseek.com/f2/henry-birks-sons-canadas-secret-249953.html,68,0,0,3,0,0,0,0,2,0,0,0,68,0,0,1,-1,0,0,0,good
a-zpcpro.com/,13,0,0,1,0,0,0,0,1,0,0,0,13,0,0,1,-1,0,0,0,good
tsn.ca/cfl/story/?id=371867,27,0,0,1,0,0,0,0,3,0,0,0,17,9,2,0,-1,0,0,0,good
apartmentfinder.com/Texas/Dallas-Apartments/Indigo-At-Kessler-Park-Apartments,77,0,0,1,0,0,0,0,3,0,0,0,77,0,0,1,-1,0,0,0,good
songlyrics.com/the-besnard-lakes/the-lonely-moan-lyrics/,56,0,0,1,0,0,0,0,3,0,0,0,56,0,0,1,-1,0,0,0,good
twitpic.com/77wtlw,18,0,0,1,0,0,0,0,1,0,0,0,18,0,0,1,-1,0,0,0,good
reversemortgageapproval.net/m/documentl/googledoc1,50,0,0,1,0,0,0,0,3,0,0,0,50,0,0,1,-1,0,0,0,bad
joelaugust.com/wp-content/plugins/zronpdanqgo/4634359809/de-6438648835/index.php,80,0,0,2,0,0,0,0,6,0,0,0,80,0,0,1,-1,0,0,0,bad
seeklogo.com/search.html?q=dance,32,0,0,2,0,0,0,0,1,0,0,0,24,7,2,1,-1,0,0,0,good
wunderground.com/US/MI/Port_Huron/KPHN.html,43,0,0,2,0,0,0,0,4,0,0,0,43,0,0,1,-1,0,0,0,good
romie78-romiecutz.blogspot.com/2011/08/phesto-granite-pedigree-2011.html,72,0,0,3,0,0,0,0,3,0,0,0,72,0,0,1,-1,0,0,0,good
normenpropiedades.cl/cotizacion/zip1/get.php,44,0,0,2,0,0,0,0,3,0,0,0,44,0,0,0,-1,0,0,0,bad
yiyebacilang.com/oil/HomeAct/,29,0,0,1,0,0,0,0,3,0,0,0,29,0,0,1,-1,0,0,0,bad
wn.com/Olympic_Stadium,22,0,0,1,0,0,0,0,1,0,0,0,22,0,0,1,-1,0,0,0,good
icomedytv.com/Best-Comedy-Movies/ID/1151/History-of-Comedy-Films.aspx,69,0,0,2,0,0,0,0,4,0,0,0,69,0,0,1,-1,0,0,0,good
wordiq.com/definition/History_of_the_United_States_(1865-1918),62,0,0,1,0,0,0,0,2,0,0,0,62,0,0,1,-1,0,0,0,good
facebook.com/people/Gary-Payton/1408222386,42,0,0,1,0,0,0,0,3,0,0,0,42,0,0,1,-1,0,0,0,good
www.cs.arizona.edu/people/rts/,30,0,0,3,0,0,0,0,3,0,0,0,30,0,0,0,-1,0,0,0,good
wowworks.com/wowcity/tx.htm,27,0,0,2,0,0,0,0,2,0,0,0,27,0,0,1,-1,0,0,0,good
www.daycam.ca/daycarecam/utils.php,34,0,0,3,0,0,0,0,2,0,0,0,34,0,0,0,-1,0,0,0,bad
greyhares.org/tangled-up-in-blue/,33,0,0,1,0,0,0,0,2,0,0,0,33,0,0,1,-1,0,0,0,good
www.dyj999.com/images/?us.battle.net/login/en/?ref=dlaahxdus.battle.net/d3/en/index&app=com-d3,94,0,0,6,0,0,0,0,2,0,0,1,22,71,5,1,-1,0,0,0,bad
imdb.com/name/nm0792476/,24,0,0,1,0,0,0,0,3,0,0,0,24,0,0,1,-1,0,0,0,good
linkpendium.com/genealogy/USA/KY/Jefferson/,43,0,0,1,0,0,0,0,5,0,0,0,43,0,0,1,-1,0,0,0,good
barthsnotes.wordpress.com/2010/01/29/charlie-flowers-threatens-tim-irelands-family-with-gypsy-curse/,100,0,0,2,0,0,0,0,5,0,0,0,100,0,0,1,-1,0,0,0,good
lanamusty.net/1z5vbh,20,0,0,1,0,0,0,0,1,0,0,0,20,0,0,1,-1,0,0,0,bad
myspace.com/brokenbells/music/albums/broken-bells-15206976,58,0,0,1,0,0,0,0,4,0,0,0,58,0,0,1,-1,0,0,0,good
www.maryrochon.com/~projecti/us/info1.php,41,0,0,3,0,0,0,0,3,0,0,0,41,0,0,1,-1,0,0,0,bad
awn.pw/weblogin/weblogin.html,29,0,0,2,0,0,0,0,2,0,0,1,29,0,0,0,-1,0,0,0,bad
americanmusclecarparts.com/product.cfm?auto_part=1986-Chevrolet-El%20Camino-HOODS&sku=4035-200-781,98,0,0,2,0,0,0,0,1,0,0,0,38,59,5,1,-1,0,0,0,good
squidoo.com/alexmerazsexyguy,28,0,0,1,0,0,0,0,1,0,0,0,28,0,0,1,-1,0,0,0,good
topix.com/colleges/university-of-missouri-kansas-city,53,0,0,1,0,0,0,0,2,0,0,0,53,0,0,1,-1,0,0,0,good
tarlton.law.utexas.edu/exhibits/aztec/primary_sources.html,58,0,0,4,0,0,0,0,3,0,0,0,58,0,0,0,-1,0,0,0,good
wws.m3-santander.duckdns.org/ContaCorrente/index1.php,53,0,0,4,0,0,0,0,2,0,0,0,53,0,0,1,-1,0,0,0,bad
facebook.com/people/Caroline-Rhea/1387839475,44,0,0,1,0,0,0,0,3,0,0,0,44,0,0,1,-1,0,0,0,good
gadsdenarts.org/collection/27-collection/144-lonnie-holley,58,0,0,1,0,0,0,0,3,0,0,0,58,0,0,1,-1,0,0,0,good
nytimes.com/1996/08/13/sports/brawl-mars-victory-by-montreal-expos.html,71,0,0,2,0,0,0,0,5,0,0,0,71,0,0,1,-1,0,0,0,good
peterandwhitneyinfrance.blogspot.com/,37,0,0,2,0,0,0,0,1,0,0,0,37,0,0,1,-1,0,0,0,good
www.birdsandblooms.com/wallpaper-photos.aspx,44,0,0,3,0,0,0,0,1,0,0,0,44,0,0,1,-1,0,0,0,good
openartcollection.com/-/s/?s=tob&t=browse,41,0,0,1,0,0,0,0,3,0,0,0,26,14,4,1,-1,0,0,0,good
christian-view.com/rwe24t,25,0,0,1,0,0,0,0,1,0,0,0,25,0,0,1,-1,0,0,0,bad
citynewsnow.com/j3hqf,21,0,0,1,0,0,0,0,1,0,0,0,21,0,0,1,-1,0,0,0,bad
articles.orlandosentinel.com/keyword/lucien,43,0,0,2,0,0,0,0,2,0,0,0,43,0,0,1,-1,0,0,0,good
www.bmatendimentosinfor.com/Bradesco.Dia.e.Noite/Atendimento_InternetBanking/,77,0,0,5,0,0,0,0,3,0,0,1,77,0,0,1,-1,0,0,0,bad
www.engcen.com/civil.asp,24,0,0,3,0,0,0,0,1,0,0,0,24,0,0,1,-1,0,0,0,good
sulit.com.ph/index.php/view+classifieds/id/2147748/Fender+GDC200+SCE+Concert+Acoustic-Electric+Guitar+%28from+Japan%29,118,0,0,3,0,0,0,0,5,0,0,0,118,0,2,1,-1,0,0,0,good
www.liverpoolgeologicalsociety.org.uk/aliprod/products.htm,58,0,0,4,0,0,0,0,2,0,0,0,58,0,0,1,-1,0,0,0,bad
lambdachi.org/candc/fraternity-news-harm-reduction-101,54,0,0,1,0,0,0,0,2,0,0,0,54,0,0,1,-1,0,0,0,good
shortquotes4u.blogspot.com/,27,0,0,2,0,0,0,0,1,0,0,0,27,0,0,1,-1,0,0,0,good
connect.in.com/cap-boso/profile-46263.html,42,0,0,3,0,0,0,0,2,0,0,0,42,0,0,1,-1,0,0,0,good
www.pctools.com/forum/forumdisplay.php?f=44,43,0,0,3,0,0,0,0,2,0,0,0,38,4,2,1,-1,0,0,0,good
www.cnhedge.cn/js/index.htm?us.battle.net/login/en/?ref=zqmplwjus.battle.net/d3/en/index&amp;app=com-d3,103,0,0,7,0,0,0,0,2,0,0,1,27,75,5,0,-1,0,0,0,bad
evri.com/location/montreal-general-hospital-0xe4a03,51,0,0,1,0,0,0,0,2,0,0,0,51,0,0,1,-1,0,0,0,good
brahaemy.ro/xmlrpc/h/hero/us-mg5.mail.yahoo.com/success.php?neo.launch?.rand=1qhua0f7o2jut,90,0,0,7,0,0,0,0,5,0,0,0,59,30,3,1,-1,0,0,0,bad
svn.sdcinglis.com/cabjo/www2cabjo/cab/,38,0,0,2,0,0,0,0,4,0,0,0,38,0,0,1,-1,0,0,0,bad
opentext.com/2/global/press-release-details.html?id=2340,56,0,0,2,0,0,0,0,3,0,0,0,48,7,2,1,-1,0,0,0,good
skindalous.com/?p=5300,22,0,0,1,0,0,0,0,1,0,0,0,15,6,2,1,-1,0,0,0,good
tablebaycabtours.co.za/drop/file1/file-secured/file-secured/secured-file/,73,0,0,2,0,0,0,0,6,0,0,1,73,0,0,0,-1,0,0,0,bad
simplybeautifulhairboutique.com/fc10892bb7d8dcc1d9c25784ad84c52d/indexonline.php?LANGUAGE=ENGLISH2b201dcd399c6122786d18424578ee2a,129,0,0,2,0,0,0,0,2,0,0,0,80,48,2,1,-1,0,0,0,bad
oaklandlocal.com/posts/2011/06/remembering-loss-chauncey-wendell-bailey-jr-community-voices,91,0,0,1,0,0,0,0,4,0,0,0,91,0,0,1,-1,0,0,0,good
docusign.lindaespeaksreiki.com/codinghFowa7source2F3Frealm3/index.php,69,0,0,3,0,0,0,0,2,0,0,0,69,0,0,1,-1,0,0,0,bad
jacksonpollock.org/,19,0,0,1,0,0,0,0,1,0,0,0,19,0,0,1,-1,0,0,0,good
www.billybear4kids.com/holidays/father/dad.htm,46,0,0,3,0,0,0,0,3,0,0,0,46,0,0,1,-1,0,0,0,good
paadal.com/singer/sunitha_sarathy,33,0,0,1,0,0,0,0,2,0,0,0,33,0,0,1,-1,0,0,0,good
londoncardiacarrestsymposium.com/,33,0,0,1,0,0,0,0,1,0,0,0,33,0,0,1,-1,0,0,0,good
deadline.com/2010/08/report-newsweek-sale-to-sidney-harman-near/,64,0,0,1,0,0,0,0,4,0,0,0,64,0,0,1,-1,0,0,0,good
clearwatersun.org/music,23,0,0,1,0,0,0,0,1,0,0,0,23,0,0,1,-1,0,0,0,good
dawningsoft.com/956k35,22,0,0,1,0,0,0,0,1,0,0,0,22,0,0,1,-1,0,0,0,bad
theurbandaily.com/special-features/thats-whatsup/caktuz13/actor-jeffrey-wright-analyzes-the-future-of-black-hollywood/,118,0,0,1,0,0,0,0,5,0,0,0,118,0,0,1,-1,0,0,0,good
facebook.com/pages/Filthy-Thieving-Bastards/95955161121,55,0,0,1,0,0,0,0,3,0,0,0,55,0,0,1,-1,0,0,0,good
lovetamaya.mywww.biz/news/DE2TyC-6I7iQj-jmVRItIQgVa,51,0,0,2,0,0,0,0,2,0,0,0,51,0,0,0,-1,0,0,0,bad
boicoteaqui.com.br/login/,25,0,0,2,0,0,0,0,2,0,0,1,25,0,0,1,-1,0,0,0,bad
168.144.170.20/~asd/2/1/,24,1,0,3,0,0,0,0,4,0,0,0,24,0,0,0,-1,0,0,0,bad
commonsensemedia.org/tv-reviews/8-simple-rules,46,0,0,1,0,0,0,0,2,0,0,0,46,0,0,1,-1,0,0,0,good
adkforum.com/showthread.php?p=42314,35,0,0,2,0,0,0,0,1,0,0,0,27,7,2,1,-1,0,0,0,good
projektantstyluzycia.pl/7a3kd4sf,32,0,0,1,0,0,0,0,1,0,0,0,32,0,0,0,-1,0,0,0,bad
ehow.com/how_5487133_make-heavy-metal-music.html,48,0,0,2,0,0,0,0,1,0,0,0,48,0,0,1,-1,0,0,0,good
applauselearning.com/italian-language-products.asp,50,0,0,2,0,0,0,0,1,0,0,0,50,0,0,1,-1,0,0,0,good
liquida.com/xavier-dolan/,25,0,0,1,0,0,0,0,2,0,0,0,25,0,0,1,-1,0,0,0,good
eil.com/shop/artistlist.asp?artistname=bonnie-pointer,53,0,0,2,0,0,0,0,2,0,0,0,27,25,2,1,-1,0,0,0,good
sanmartinospeme.it/db/index.html,32,0,0,2,0,0,0,0,2,0,0,0,32,0,0,0,-1,0,0,0,bad
worldclassautoroc.com/wp-ch/,28,0,0,1,0,0,0,0,2,0,0,0,28,0,0,1,-1,0,0,0,bad
cass.city.ac.uk/,16,0,0,3,0,0,0,0,1,0,0,0,16,0,0,0,-1,0,0,0,good
mg-sh.cn/js/index.htm?amp,25,0,0,2,0,0,0,0,2,0,0,0,21,3,1,0,-1,0,0,0,bad
approvedcc.su/login.php,23,0,0,2,0,0,0,0,1,0,0,1,23,0,0,0,-1,0,0,0,bad
ibottle.com/db/dropbox2016/Home/index.php,41,0,0,2,0,0,0,0,4,0,0,0,41,0,0,1,-1,0,0,0,bad
paughesdidn.ru/gate.php,23,0,0,2,0,0,0,0,1,0,0,0,23,0,0,0,-1,0,0,0,bad
hallmarkcards.com.au/ecards,27,0,0,2,0,0,0,0,1,0,0,0,27,0,0,1,-1,0,0,0,good
hemorrhoidcurenow.blogspot.com/,31,0,0,2,0,0,0,0,1,0,0,0,31,0,0,1,-1,0,0,0,good
habbo-moedasgratis444.blogspot.com/,35,0,0,2,0,0,0,0,1,0,0,0,35,0,0,1,-1,0,0,0,bad
worldconnect.rootsweb.ancestry.com/cgi-bin/igm.cgi?op=DESC&db=gmb633&id=I00011,78,0,0,4,0,0,0,0,2,0,0,0,50,27,6,1,-1,0,0,0,good
www.useit.com/alertbox/20010610.html,36,0,0,3,0,0,0,0,2,0,0,0,36,0,0,1,-1,0,0,0,good
mylife.com/c-674459492,22,0,0,1,0,0,0,0,1,0,0,0,22,0,0,1,-1,0,0,0,good
personstreetrx.com/,19,0,0,1,0,0,0,0,1,0,0,0,19,0,0,1,-1,0,0,0,good
evri.com/organization/university-of-quebec-at-montreal-0x147203,63,0,0,1,0,0,0,0,2,0,0,0,63,0,0,1,-1,0,0,0,good
amazon.co.uk/Grants-Dissector-J-C-Boileau-Grant/dp/0781758483,61,0,0,2,0,0,0,0,3,0,0,0,61,0,0,0,-1,0,0,0,good
juicemagazine.com/TIMJACKSON.html,33,0,0,2,0,0,0,0,1,0,0,0,33,0,0,1,-1,0,0,0,good
en.wikipedia.org/wiki/Kenji_Nojima,34,0,0,2,0,0,0,0,2,0,0,0,34,0,0,1,-1,0,0,0,good
paypal.com.webscr.cmd.login-run.dispatch.5885d80a13c0db1f8e263663d3faee8d0288a7fd2.ipcia.com/uk/,96,0,0,8,0,0,0,0,2,0,0,1,96,0,0,1,-1,0,0,0,bad
isearch.com/searching.php?qloc=&showForm=name&qname=Christy+Chung&refer=3338,76,0,0,2,0,0,0,0,1,0,0,0,25,50,8,1,-1,0,0,0,good
evri.com/person/beatrice-betty-bonifassi-0x5533be,49,0,0,1,0,0,0,0,2,0,0,0,49,0,0,1,-1,0,0,0,good
govt.net/lists/localgovt/index.htm,34,0,0,2,0,0,0,0,3,0,0,0,34,0,0,1,-1,0,0,0,good
kcmo.org/police,15,0,0,1,0,0,0,0,1,0,0,0,15,0,0,1,-1,0,0,0,good
vitals.com/doctors/Dr_Eugene_Chiu.html,38,0,0,2,0,0,0,0,2,0,0,0,38,0,0,1,-1,0,0,0,good
washdiplomat.com/index.php?option=com_content&view=article&id=7282:philip-guston-a-roma-retreat-at-the-phillips-collection&catid=1089,133,0,0,2,0,0,0,0,1,0,0,0,26,106,8,1,-1,0,0,0,good
poemhunter.com/john-howard-payne/,33,0,0,1,0,0,0,0,2,0,0,0,33,0,0,1,-1,0,0,0,good
netflix.com/RoleDisplay/Wallace_Beery/6563,42,0,0,1,0,0,0,0,3,0,0,0,42,0,0,1,-1,0,0,0,good
fcderby.com/ajax/ajax/ajx.php?id=,33,0,0,2,0,0,0,0,3,0,0,0,29,3,2,1,-1,0,0,0,bad
liquida.com/doug-decinces/,26,0,0,1,0,0,0,0,2,0,0,0,26,0,0,1,-1,0,0,0,good
cute-quotes-love-quotes-famous-quotes.com/,42,0,0,1,0,0,0,0,1,0,0,0,42,0,0,1,-1,0,0,0,good
healthgrades.com/physician/dr-william-cloud-2dkdt/,50,0,0,1,0,0,0,0,3,0,0,0,50,0,0,1,-1,0,0,0,good
mercyhills.org/cache/dropbox/dropbox/proposal/LoginVerification.php,67,0,0,2,0,0,0,0,5,0,0,1,67,0,0,1,-1,0,0,0,bad
topix.com/county/st-louis-mn,28,0,0,1,0,0,0,0,2,0,0,0,28,0,0,1,-1,0,0,0,good
allenruss.com/,14,0,0,1,0,0,0,0,1,0,0,0,14,0,0,1,-1,0,0,0,good
whosdatedwho.com/tpx_40341/saira-mohan/,39,0,0,1,0,0,0,0,3,0,0,0,39,0,0,1,-1,0,0,0,good
doctorno.blogetery.com/2009/10/02/soft-kill-vaccine-was-meant-to-kill-navy-crew-1000000-cbc/,92,0,0,2,0,0,0,0,5,0,0,0,92,0,0,1,-1,0,0,0,good
en.wikipedia.org/wiki/2009_CFL_season,37,0,0,2,0,0,0,0,2,0,0,0,37,0,0,1,-1,0,0,0,good
"http://www.ortwein-naturheilpraxis.de/,/verify",46,0,0,2,1,1,0,0,2,0,30,1,9,0,0,0,-1,0,0,0,bad
